INFO  2026-04-07 00:02:56.527 o.s.b.StartupInfoLogger:logStarting [main] - Starting GZoomRun using Java 21.0.10 with PID 347652 (/home/zero/Documents/GitHub/performance-pa/workspace/gzoom2-be/rest-boot/target/classes started by zero in /home/zero/Documents/GitHub/performance-pa/workspace/gzoom2-be)
INFO  2026-04-07 00:02:56.531 o.s.b.SpringApplication:logStartupProfileInfo [main] - The following 2 profiles are active: "cloud-disabled", "es-disabled"
WARN  2026-04-07 00:03:00.233 o.s.c.s.PostProcessorRegistrationDelegate$BeanPostProcessorChecker:postProcessAfterInitialization [main] - Bean 'commonPersistenceConfiguration' of type [it.mapsgroup.gzoom.persistence.common.CommonPersistenceConfiguration$$SpringCGLIB$$0] is not eligible for getting processed by all BeanPostProcessors (for example: not eligible for auto-proxying). Is this bean getting eagerly injected/applied to a currently created BeanPostProcessor [healthEndpointGroupsBeanPostProcessor]? Check the corresponding BeanPostProcessor declaration and its dependencies/advisors. If this bean does not have to be post-processed, declare it with ROLE_INFRASTRUCTURE.
INFO  2026-04-07 00:03:00.648 o.s.b.w.e.t.TomcatWebServer:initialize [main] - Tomcat initialized with port 8081 (http)
INFO  2026-04-07 00:03:00.667 o.a.j.l.DirectJDKLog:log [main] - Starting service [Tomcat]
INFO  2026-04-07 00:03:00.668 o.a.j.l.DirectJDKLog:log [main] - Starting Servlet engine: [Apache Tomcat/10.1.42]
INFO  2026-04-07 00:03:00.740 o.a.j.l.DirectJDKLog:log [main] - Initializing Spring embedded WebApplicationContext
INFO  2026-04-07 00:03:00.741 o.s.b.w.s.c.ServletWebServerApplicationContext:prepareWebApplicationContext [main] - Root WebApplicationContext: initialization completed in 4118 ms
INFO  2026-04-07 00:03:00.894 i.m.g.p.c.CommonPersistenceConfiguration:mainDataSource [main] - mainDataSource
INFO  2026-04-07 00:03:00.897 i.m.g.p.c.CommonPersistenceConfiguration:mainDataSource [main] - environment ApplicationServletEnvironment {activeProfiles=[cloud-disabled, es-disabled], defaultProfiles=[default], propertySources=[ConfigurationPropertySourcesPropertySource {name='configurationProperties'}, StubPropertySource {name='servletConfigInitParams'}, StubPropertySource {name='servletContextInitParams'}, PropertiesPropertySource {name='systemProperties'}, OriginAwareSystemEnvironmentPropertySource {name='systemEnvironment'}, RandomValuePropertySource {name='random'}, OriginTrackedMapPropertySource {name='Config resource 'file [/home/zero/Documents/GitHub/performance-pa/workspace/gzoom2-be/config/gzoom.properties]' via location 'file:/home/zero/Documents/GitHub/performance-pa/workspace/gzoom2-be/config/gzoom.properties''}, OriginTrackedMapPropertySource {name='Config resource 'class path resource [application.properties]' via location 'optional:classpath:/''}, ApplicationInfoPropertySource {name='applicationInfo'}]}
INFO  2026-04-07 00:03:00.898 i.m.g.p.c.CommonPersistenceConfiguration:mainDataSource [main] - environment ApplicationServletEnvironment {activeProfiles=[cloud-disabled, es-disabled], defaultProfiles=[default], propertySources=[ConfigurationPropertySourcesPropertySource {name='configurationProperties'}, StubPropertySource {name='servletConfigInitParams'}, StubPropertySource {name='servletContextInitParams'}, PropertiesPropertySource {name='systemProperties'}, OriginAwareSystemEnvironmentPropertySource {name='systemEnvironment'}, RandomValuePropertySource {name='random'}, OriginTrackedMapPropertySource {name='Config resource 'file [/home/zero/Documents/GitHub/performance-pa/workspace/gzoom2-be/config/gzoom.properties]' via location 'file:/home/zero/Documents/GitHub/performance-pa/workspace/gzoom2-be/config/gzoom.properties''}, OriginTrackedMapPropertySource {name='Config resource 'class path resource [application.properties]' via location 'optional:classpath:/''}, ApplicationInfoPropertySource {name='applicationInfo'}]}
INFO  2026-04-07 00:03:00.920 i.m.g.p.c.CommonPersistenceConfiguration:mainDataSource [main] - dataSource.setDriverClassName org.postgresql.Driver
INFO  2026-04-07 00:03:01.028 c.z.h.HikariDataSource:getConnection [main] - HikariPool-1 - Starting...
INFO  2026-04-07 00:03:01.503 c.z.h.p.HikariPool:checkFailFast [main] - HikariPool-1 - Added connection org.postgresql.jdbc.PgConnection@6480a063
INFO  2026-04-07 00:03:01.506 c.z.h.HikariDataSource:getConnection [main] - HikariPool-1 - Start completed.
INFO  2026-04-07 00:03:04.003 o.q.i.StdSchedulerFactory:instantiate [main] - Using default implementation for ThreadExecutor
INFO  2026-04-07 00:03:04.021 o.q.c.SchedulerSignalerImpl:<init> [main] - Initialized Scheduler Signaller of type: class org.quartz.core.SchedulerSignalerImpl
INFO  2026-04-07 00:03:04.021 o.q.c.QuartzScheduler:<init> [main] - Quartz Scheduler v2.5.0 created.
INFO  2026-04-07 00:03:04.023 o.q.s.RAMJobStore:initialize [main] - RAMJobStore initialized.
INFO  2026-04-07 00:03:04.024 o.q.c.QuartzScheduler:initialize [main] - Scheduler meta-data: Quartz Scheduler (v2.5.0) 'quartzScheduler' with instanceId 'NON_CLUSTERED'
  Scheduler class: 'org.quartz.core.QuartzScheduler' - running locally.
  NOT STARTED.
  Currently in standby mode.
  Number of jobs executed: 0
  Using thread pool 'org.quartz.simpl.SimpleThreadPool' - with 10 threads.
  Using job-store 'org.quartz.simpl.RAMJobStore' - which does not support persistence. and is not clustered.

INFO  2026-04-07 00:03:04.025 o.q.i.StdSchedulerFactory:instantiate [main] - Quartz scheduler 'quartzScheduler' initialized from an externally provided properties instance.
INFO  2026-04-07 00:03:04.026 o.q.i.StdSchedulerFactory:instantiate [main] - Quartz scheduler version: 2.5.0
INFO  2026-04-07 00:03:04.026 o.q.c.QuartzScheduler:setJobFactory [main] - JobFactory set to: org.springframework.scheduling.quartz.SpringBeanJobFactory@63ed5dae
INFO  2026-04-07 00:03:05.226 o.s.s.c.a.a.c.InitializeAuthenticationProviderBeanManagerConfigurer$InitializeAuthenticationProviderManagerConfigurer:configure [main] - Found 2 AuthenticationProvider beans, with names [jwtOfBizLoginAuthenticationProvider, jwtTokenAuthenticationProvider]. Global Authentication Manager will not be configured with AuthenticationProviders. Consider publishing a single AuthenticationProvider bean, or wiring your Providers directly using the DSL.
WARN  2026-04-07 00:03:05.334 o.s.s.c.a.w.AbstractRequestMatcherRegistry:requestMatchers [main] - One of the patterns in [/logout, /login, /check-user, /reset-password, /api/getToken, /api/getExternalKey, /api/doLogout, /twoFAuthEnable, /verifyOtp, verify-user] is missing a leading slash. This is discouraged; please include the leading slash in all your request matcher patterns. In future versions of Spring Security, leaving out the leading slash will result in an exception.
WARN  2026-04-07 00:03:05.641 o.s.s.c.a.w.b.WebSecurity:performBuild [main] - You are asking Spring Security to ignore Deferred [Mvc [pattern='/profile/i18n'], Ant [pattern='/profile/i18n']]. This is not recommended -- please use permitAll via HttpSecurity#authorizeHttpRequests instead.
ERROR 2026-04-07 00:03:05.795 i.m.g.q.s.SchedulerService:init [main] - Scheduler is disabled
INFO  2026-04-07 00:03:08.363 o.s.b.w.e.t.TomcatWebServer:start [main] - Tomcat started on port 8081 (http) with context path '/rest'
INFO  2026-04-07 00:03:08.484 o.s.b.w.e.t.TomcatWebServer:initialize [main] - Tomcat initialized with port 8082 (http)
INFO  2026-04-07 00:03:08.485 o.a.j.l.DirectJDKLog:log [main] - Starting service [Tomcat]
INFO  2026-04-07 00:03:08.486 o.a.j.l.DirectJDKLog:log [main] - Starting Servlet engine: [Apache Tomcat/10.1.42]
INFO  2026-04-07 00:03:08.500 o.a.j.l.DirectJDKLog:log [main] - Initializing Spring embedded WebApplicationContext
INFO  2026-04-07 00:03:08.500 o.s.b.w.s.c.ServletWebServerApplicationContext:prepareWebApplicationContext [main] - Root WebApplicationContext: initialization completed in 129 ms
INFO  2026-04-07 00:03:08.546 o.s.b.a.e.w.EndpointLinksResolver:<init> [main] - Exposing 1 endpoint beneath base path '/actuator'
INFO  2026-04-07 00:03:08.652 o.s.b.w.e.t.TomcatWebServer:start [main] - Tomcat started on port 8082 (http) with context path '/'
INFO  2026-04-07 00:03:08.657 o.s.s.q.SchedulerFactoryBean:startScheduler [main] - Starting Quartz Scheduler now
INFO  2026-04-07 00:03:08.658 o.q.c.QuartzScheduler:start [main] - Scheduler quartzScheduler_$_NON_CLUSTERED started.
INFO  2026-04-07 00:03:08.678 o.s.b.StartupInfoLogger:logStarted [main] - Started GZoomRun in 13.398 seconds (process running for 15.003)
INFO  2026-04-07 00:04:18.570 o.a.c.l.i.Jdk14Logger:log [main] - Starting GZoomReportRun using Java 21.0.10 with PID 348952 (/home/zero/Documents/GitHub/performance-pa/workspace/gzoom2-be/report-rest-boot/target/classes started by zero in /home/zero/Documents/GitHub/performance-pa/workspace/gzoom2-be)
INFO  2026-04-07 00:04:18.571 o.a.c.l.i.Jdk14Logger:log [main] - The following 2 profiles are active: "cloud-disabled", "es-disabled"
WARN  2026-04-07 00:04:20.977 o.a.c.l.i.Jdk14Logger:log [main] - Bean 'it.mapsgroup.gzoom.persistence.common.CommonPersistenceConfiguration' of type [it.mapsgroup.gzoom.persistence.common.CommonPersistenceConfiguration$$SpringCGLIB$$0] is not eligible for getting processed by all BeanPostProcessors (for example: not eligible for auto-proxying). Is this bean getting eagerly injected/applied to a currently created BeanPostProcessor [healthEndpointGroupsBeanPostProcessor]? Check the corresponding BeanPostProcessor declaration and its dependencies/advisors. If this bean does not have to be post-processed, declare it with ROLE_INFRASTRUCTURE.
INFO  2026-04-07 00:04:21.425 o.a.c.l.i.Jdk14Logger:log [main] - Tomcat initialized with port 8099 (http)
INFO  2026-04-07 00:04:21.447 o.a.j.l.DirectJDKLog:log [main] - Starting service [Tomcat]
INFO  2026-04-07 00:04:21.448 o.a.j.l.DirectJDKLog:log [main] - Starting Servlet engine: [Apache Tomcat/10.1.42]
INFO  2026-04-07 00:04:21.572 o.a.j.l.DirectJDKLog:log [main] - Initializing Spring embedded WebApplicationContext
INFO  2026-04-07 00:04:21.574 o.a.c.l.i.Jdk14Logger:log [main] - Root WebApplicationContext: initialization completed in 2919 ms
INFO  2026-04-07 00:04:21.865 i.m.g.p.c.CommonPersistenceConfiguration:mainDataSource [main] - mainDataSource
INFO  2026-04-07 00:04:21.867 i.m.g.p.c.CommonPersistenceConfiguration:mainDataSource [main] - environment ApplicationServletEnvironment {activeProfiles=[cloud-disabled, es-disabled], defaultProfiles=[default], propertySources=[ConfigurationPropertySourcesPropertySource {name='configurationProperties'}, StubPropertySource {name='servletConfigInitParams'}, ServletContextPropertySource {name='servletContextInitParams'}, PropertiesPropertySource {name='systemProperties'}, OriginAwareSystemEnvironmentPropertySource {name='systemEnvironment'}, RandomValuePropertySource {name='random'}, OriginTrackedMapPropertySource {name='Config resource 'file [/home/zero/Documents/GitHub/performance-pa/workspace/gzoom2-be/config/gzoom-report.properties]' via location 'file:/home/zero/Documents/GitHub/performance-pa/workspace/gzoom2-be/config/gzoom-report.properties''}, OriginTrackedMapPropertySource {name='Config resource 'class path resource [application.properties]' via location 'optional:classpath:/''}, ApplicationInfoPropertySource {name='applicationInfo'}]}
INFO  2026-04-07 00:04:21.868 i.m.g.p.c.CommonPersistenceConfiguration:mainDataSource [main] - environment ApplicationServletEnvironment {activeProfiles=[cloud-disabled, es-disabled], defaultProfiles=[default], propertySources=[ConfigurationPropertySourcesPropertySource {name='configurationProperties'}, StubPropertySource {name='servletConfigInitParams'}, ServletContextPropertySource {name='servletContextInitParams'}, PropertiesPropertySource {name='systemProperties'}, OriginAwareSystemEnvironmentPropertySource {name='systemEnvironment'}, RandomValuePropertySource {name='random'}, OriginTrackedMapPropertySource {name='Config resource 'file [/home/zero/Documents/GitHub/performance-pa/workspace/gzoom2-be/config/gzoom-report.properties]' via location 'file:/home/zero/Documents/GitHub/performance-pa/workspace/gzoom2-be/config/gzoom-report.properties''}, OriginTrackedMapPropertySource {name='Config resource 'class path resource [application.properties]' via location 'optional:classpath:/''}, ApplicationInfoPropertySource {name='applicationInfo'}]}
INFO  2026-04-07 00:04:21.888 i.m.g.p.c.CommonPersistenceConfiguration:mainDataSource [main] - dataSource.setDriverClassName org.postgresql.Driver
INFO  2026-04-07 00:04:22.026 c.z.h.HikariDataSource:getConnection [main] - HikariPool-1 - Starting...
INFO  2026-04-07 00:04:22.403 c.z.h.p.HikariPool:checkFailFast [main] - HikariPool-1 - Added connection org.postgresql.jdbc.PgConnection@601f264d
INFO  2026-04-07 00:04:22.405 c.z.h.HikariDataSource:getConnection [main] - HikariPool-1 - Start completed.
INFO  2026-04-07 00:04:24.661 i.m.g.b.BIRTReportRunner:startUp [main] - BIRT LOG DIRECTORY SET TO : C:/projects/Gzoom2/birt/logs
INFO  2026-04-07 00:04:24.661 i.m.g.b.BIRTReportRunner:startUp [main] - BIRT LOGGING LEVEL SET TO FINE
INFO  2026-04-07 00:04:26.039 i.m.g.b.BIRTReportRunner:startUp [main] - Setting data source url: jdbc:mysql://localhost/gzoom_ismea?serverTimezone=UTC&useSSL=false&autoReconnect=true&useOldAliasMetadataBehavior=true
INFO  2026-04-07 00:04:26.040 i.m.g.b.BIRTReportRunner:startUp [main] - Setting data source driver: com.mysql.cj.jdbc.Driver
INFO  2026-04-07 00:04:26.331 i.m.g.j.JasperReportRunner:startUp [main] - JASPER LOG DIRECTORY SET TO : C:/projects/Gzoom2/birt/logs
INFO  2026-04-07 00:04:26.331 i.m.g.j.JasperReportRunner:startUp [main] - JASPER LOGGING LEVEL SET TO FINE
INFO  2026-04-07 00:04:30.010 o.q.i.StdSchedulerFactory:instantiate [main] - Using default implementation for ThreadExecutor
INFO  2026-04-07 00:04:30.037 o.q.c.SchedulerSignalerImpl:<init> [main] - Initialized Scheduler Signaller of type: class org.quartz.core.SchedulerSignalerImpl
INFO  2026-04-07 00:04:30.038 o.q.c.QuartzScheduler:<init> [main] - Quartz Scheduler v2.5.0 created.
INFO  2026-04-07 00:04:30.040 o.q.s.RAMJobStore:initialize [main] - RAMJobStore initialized.
INFO  2026-04-07 00:04:30.042 o.q.c.QuartzScheduler:initialize [main] - Scheduler meta-data: Quartz Scheduler (v2.5.0) 'quartzScheduler' with instanceId 'NON_CLUSTERED'
  Scheduler class: 'org.quartz.core.QuartzScheduler' - running locally.
  NOT STARTED.
  Currently in standby mode.
  Number of jobs executed: 0
  Using thread pool 'org.quartz.simpl.SimpleThreadPool' - with 10 threads.
  Using job-store 'org.quartz.simpl.RAMJobStore' - which does not support persistence. and is not clustered.

INFO  2026-04-07 00:04:30.043 o.q.i.StdSchedulerFactory:instantiate [main] - Quartz scheduler 'quartzScheduler' initialized from an externally provided properties instance.
INFO  2026-04-07 00:04:30.043 o.q.i.StdSchedulerFactory:instantiate [main] - Quartz scheduler version: 2.5.0
INFO  2026-04-07 00:04:30.044 o.q.c.QuartzScheduler:setJobFactory [main] - JobFactory set to: org.springframework.scheduling.quartz.SpringBeanJobFactory@7ff7e353
INFO  2026-04-07 00:04:30.334 o.a.c.l.i.Jdk14Logger:log [main] - Tomcat started on port 8099 (http) with context path '/rest'
INFO  2026-04-07 00:04:30.488 o.a.c.l.i.Jdk14Logger:log [main] - Tomcat initialized with port 8092 (http)
INFO  2026-04-07 00:04:30.490 o.a.j.l.DirectJDKLog:log [main] - Starting service [Tomcat]
INFO  2026-04-07 00:04:30.490 o.a.j.l.DirectJDKLog:log [main] - Starting Servlet engine: [Apache Tomcat/10.1.42]
INFO  2026-04-07 00:04:30.535 o.a.j.l.DirectJDKLog:log [main] - Initializing Spring embedded WebApplicationContext
INFO  2026-04-07 00:04:30.536 o.a.c.l.i.Jdk14Logger:log [main] - Root WebApplicationContext: initialization completed in 192 ms
INFO  2026-04-07 00:04:30.568 o.a.c.l.i.Jdk14Logger:log [main] - Exposing 1 endpoint beneath base path '/actuator'
INFO  2026-04-07 00:04:30.673 o.a.c.l.i.Jdk14Logger:log [main] - Tomcat started on port 8092 (http) with context path '/'
INFO  2026-04-07 00:04:30.678 o.a.c.l.i.Jdk14Logger:log [main] - Starting Quartz Scheduler now
INFO  2026-04-07 00:04:30.679 o.q.c.QuartzScheduler:start [main] - Scheduler quartzScheduler_$_NON_CLUSTERED started.
INFO  2026-04-07 00:04:30.694 o.a.c.l.i.Jdk14Logger:log [main] - Started GZoomReportRun in 13.313 seconds (process running for 15.143)
INFO  2026-04-07 00:04:30.768 i.m.g.s.ReportTaskService:resume [main] - Resumed 0 reports
INFO  2026-04-07 00:04:30.769 i.m.g.m.d.ReportActivityDao:getActivities [main] - getActivities
INFO  2026-04-07 00:04:30.833 i.m.g.m.d.ReportActivityDao:getActivities [main] - size = 0
INFO  2026-04-07 00:04:30.834 i.m.g.s.ReportTaskService:resume [main] - Added to queue 0 reports
INFO  2026-04-07 00:04:30.839 i.m.g.r.GZoomReportRun:main [main] - total memory : 331350016
INFO  2026-04-07 00:04:30.839 i.m.g.r.GZoomReportRun:main [main] - max memory : 8384413696
INFO  2026-04-07 00:04:30.840 i.m.g.r.GZoomReportRun:main [main] - free memory : 207651496
INFO  2026-04-07 00:06:20.031 o.a.j.l.DirectJDKLog:log [http-nio-8081-exec-2] - Initializing Spring DispatcherServlet 'dispatcherServlet'
INFO  2026-04-07 00:06:20.032 o.s.w.s.FrameworkServlet:initServletBean [http-nio-8081-exec-2] - Initializing Servlet 'dispatcherServlet'
INFO  2026-04-07 00:06:20.041 o.s.w.s.FrameworkServlet:initServletBean [http-nio-8081-exec-2] - Completed initialization in 9 ms
ERROR 2026-04-07 00:06:20.130 i.m.g.s.c.AuthController:getLoginMethod [http-nio-8081-exec-1] - no oneLoginSSOEnabledPropertyName and keycloakLoginEnabledPropertyName configuration found
INFO  2026-04-07 00:06:21.425 i.m.g.m.d.PartyNoteDao:getPartyNote [http-nio-8081-exec-6] - getPartyNote
INFO  2026-04-07 00:06:21.546 i.m.g.m.d.PartyNoteDao:getPartyNote [http-nio-8081-exec-6] - size = 0
INFO  2026-04-07 00:06:21.634 i.m.g.m.d.PartyNoteDao:getPartyNote [http-nio-8081-exec-7] - getPartyNote
INFO  2026-04-07 00:06:21.653 i.m.g.m.d.PartyNoteDao:getPartyNote [http-nio-8081-exec-7] - size = 0
INFO  2026-04-07 00:06:22.088 i.m.g.s.NodeService:stream [http-nio-8081-exec-10] - stream default imagePath: /lmm/images/gzoom_logo_login.jpg
INFO  2026-04-07 00:06:22.118 i.m.g.m.d.PartyContentDao:getPartyContent [http-nio-8081-exec-10] - getPartyContent
INFO  2026-04-07 00:06:22.196 i.m.g.m.d.UserPreferenceDaoMB:getUserPreference [http-nio-8081-exec-9] - find userPreference by id
INFO  2026-04-07 00:06:22.206 i.m.g.m.d.PartyContentDao:getPartyContent [http-nio-8081-exec-10] - size = 0
INFO  2026-04-07 00:06:22.218 i.m.g.m.d.UserPreferenceDaoMB:getUserPreference [http-nio-8081-exec-9] - UserPreference = true
INFO  2026-04-07 00:06:22.331 i.m.g.m.d.NoteDataDao:getNoteDataByPrefValue [http-nio-8081-exec-2] - find note data by prefValue
INFO  2026-04-07 00:06:22.344 i.m.g.m.d.NoteDataDao:getNoteDataByPrefValue [http-nio-8081-exec-2] - size = null
INFO  2026-04-07 00:06:28.280 i.m.g.m.d.UserLoginDao:getUserLogin [http-nio-8081-exec-3] - getUserLogin
INFO  2026-04-07 00:06:28.298 i.m.g.m.d.UserLoginDao:getUserLogin [http-nio-8081-exec-3] - size 1
INFO  2026-04-07 00:06:28.348 i.m.g.m.d.UserLoginDao:getUserLogin [http-nio-8081-exec-4] - getUserLogin
INFO  2026-04-07 00:06:28.358 i.m.g.m.d.UserLoginDao:getUserLogin [http-nio-8081-exec-4] - size 1
INFO  2026-04-07 00:06:29.089 i.m.g.m.d.UserPreferenceDaoMB:getUserPreference [http-nio-8081-exec-4] - find userPreference by id
INFO  2026-04-07 00:06:29.095 i.m.g.m.d.UserPreferenceDaoMB:getUserPreference [http-nio-8081-exec-4] - UserPreference = true
INFO  2026-04-07 00:06:29.102 i.m.g.s.JwtLoginFilter:successfulAuthentication [http-nio-8081-exec-4] - Successfully authenticated user: developer
INFO  2026-04-07 00:06:29.557 i.m.g.m.d.UserLoginDao:getUserLogin [http-nio-8081-exec-5] - getUserLogin
INFO  2026-04-07 00:06:29.568 i.m.g.m.d.UserLoginDao:getUserLogin [http-nio-8081-exec-5] - size 1
DEBUG 2026-04-07 00:06:29.570 i.m.g.s.JwtTokenFilter:doFilter [http-nio-8081-exec-5] - Token valid for user: developer
INFO  2026-04-07 00:06:29.577 i.m.g.m.d.UserLoginDao:getUserLogin [http-nio-8081-exec-6] - getUserLogin
INFO  2026-04-07 00:06:29.592 i.m.g.m.d.PartyNoteDao:getPartyNote [http-nio-8081-exec-8] - getPartyNote
INFO  2026-04-07 00:06:29.610 i.m.g.m.d.PartyNoteDao:getPartyNote [http-nio-8081-exec-8] - size = 0
INFO  2026-04-07 00:06:29.622 i.m.g.m.d.UserLoginDao:getUserLogin [http-nio-8081-exec-7] - getUserLogin
INFO  2026-04-07 00:06:29.638 i.m.g.m.d.UserCtxPermissionViewDao:selectByUserLoginId [http-nio-8081-exec-5] - get UserCtxPermissionView by userLoginId
INFO  2026-04-07 00:06:29.653 i.m.g.m.d.UserLoginDao:getUserLogin [http-nio-8081-exec-1] - getUserLogin
INFO  2026-04-07 00:06:29.688 i.m.g.m.d.UserLoginDao:getUserLogin [http-nio-8081-exec-6] - size 1
INFO  2026-04-07 00:06:29.704 i.m.g.m.d.UserLoginDao:getUserLogin [http-nio-8081-exec-7] - size 1
DEBUG 2026-04-07 00:06:29.705 i.m.g.s.JwtTokenFilter:doFilter [http-nio-8081-exec-6] - Token valid for user: developer
INFO  2026-04-07 00:06:29.716 i.m.g.m.d.UserLoginDao:getUserLogin [http-nio-8081-exec-6] - getUserLogin
INFO  2026-04-07 00:06:29.724 i.m.g.m.d.UserCtxPermissionViewDao:selectByUserLoginId [http-nio-8081-exec-5] - size = 4
INFO  2026-04-07 00:06:29.725 i.m.g.m.d.UserLoginDao:getUserLogin [http-nio-8081-exec-1] - size 1
DEBUG 2026-04-07 00:06:29.730 i.m.g.s.JwtTokenFilter:doFilter [http-nio-8081-exec-1] - Token valid for user: developer
INFO  2026-04-07 00:06:29.738 i.m.g.m.d.UserPreferenceDaoMB:getUserPreference [http-nio-8081-exec-1] - find userPreference by id
DEBUG 2026-04-07 00:06:29.738 i.m.g.s.JwtTokenFilter:doFilter [http-nio-8081-exec-7] - Token valid for user: developer
INFO  2026-04-07 00:06:29.744 i.m.g.m.d.SecurityPermissionDao:getPermission [http-nio-8081-exec-7] - getPermission
INFO  2026-04-07 00:06:29.746 i.m.g.m.d.UserPreferenceDaoMB:getUserPreference [http-nio-8081-exec-1] - UserPreference = false
INFO  2026-04-07 00:06:29.742 i.m.g.m.d.UserLoginDao:getUserLogin [http-nio-8081-exec-6] - size 1
INFO  2026-04-07 00:06:29.759 i.m.g.m.d.UserPreferenceDaoMB:getUserPreference [http-nio-8081-exec-1] - find userPreference by id
INFO  2026-04-07 00:06:29.765 i.m.g.m.d.UserPreferenceDaoMB:getUserPreference [http-nio-8081-exec-1] - UserPreference = false
INFO  2026-04-07 00:06:29.775 i.m.g.m.d.UserLoginDao:getUserLogin [http-nio-8081-exec-6] - getUserLogin
INFO  2026-04-07 00:06:29.804 i.m.g.m.d.UserLoginDao:getUserLogin [http-nio-8081-exec-6] - size 1
INFO  2026-04-07 00:06:29.994 i.m.g.m.d.SecurityPermissionDao:getPermission [http-nio-8081-exec-7] - size = 107
INFO  2026-04-07 00:06:30.055 i.m.g.s.MenuService:getMenu [http-nio-8081-exec-7] - mappa2 {TYPESATTACHMENTSOBJECTIVESCTXWE=[ADMIN], REPORTPRINTCTXOR=[ADMIN], UOMTYPE=[ADMIN], REPORTPRINTCTXPA=[ADMIN], ANALYSISCTXBS=[ADMIN], SECURITYGROUPSCTXBA=[ADMIN], ANALYSISTYPECTXEP=[ADMIN], QUERYCONFIGCTXBSU=[ADMIN], APPROVALPATHSCTXBA=[ADMIN], REPORTPRINTCTXGD=[ADMIN], CONSULTINGLOGCTXBA=[ADMIN], QUERYCONFIGCTXGDU=[ADMIN], NOTESOBJECTIVESCTXWE=[ADMIN], WORKEFFORTCTXWE=[ADMIN], QUERYCONFIGCTXBSE=[ADMIN], QUERYCONFIGURATIONCTXWE=[ADMIN], ECONOMICINDICATORSCTXAC=[ADMIN], ANALYSISTYPECTXWE=[ADMIN], ANALYSISCTXRE=[ADMIN], QUERYCONFIGCTXEPU=[ADMIN], QUERYCONFIGCTXGDE=[ADMIN], SUBSYSTEMTYPESCTXBA=[ADMIN], PURPOSECTXAC=[ADMIN], ANALYSISCTXDI=[ADMIN], RELATIONSHIPSOBJECTIVESCTXWE=[ADMIN], EXTRAACCOUNTINGUNITTYPESCTXAC=[ADMIN], ANALYSISTYPECTXOR=[ADMIN], FINANCIALINDICATORSCTXAC=[ADMIN], QUERYCONFIGCTXPAE=[ADMIN], QUERYCONFIGCTXREE=[ADMIN], SUBJECTSOBJECTIVESCTXWE=[ADMIN], QUERYCONFIGCTXCGU=[ADMIN], REPORTPRINTCTXEP=[ADMIN], QUERYCONFIGCTXDIU=[ADMIN], QUERYCONFIGCTXPYU=[ADMIN], QUERYCONFIGCTXCOU=[ADMIN], EXTRACTQUERYCONFIGURATIONCTXWE=[ADMIN], CUSTOM=[ADMIN], QUERYCONFIGCTXACE=[ADMIN], ANALYSISCTXTR=[ADMIN], RESERVEDINDICATORMOVEMENTSCTXAC=[ADMIN], QUERYCONFIGCTXCGE=[ADMIN], QUERYCONFIGCTXDIE=[ADMIN], ANALYSISTYPECTXGD=[ADMIN], QUERYCONFIGCTXPYE=[ADMIN], ANALYSISTYPECTXPR=[ADMIN], QUERYCONFIGCTXCOE=[ADMIN], REPORTPRINTCTXDI=[ADMIN], FINANCIALACCOUNTINGUNITTYPESCTXAC=[ADMIN], ANALYSISCTXCO=[ADMIN], MEASURESOBJECTIVESCTXWE=[ADMIN], ANALYSISTYPECTXPA=[ADMIN], REPORTPRINTCTXTR=[ADMIN], TYPOLOGIESROLESSUBJECTSCTXPY=[ADMIN], SCHEDULERCTXBA=[ADMIN], ANALYSISCTXCG=[ADMIN], OBJECTIVECODESCTXWE=[ADMIN], QUERYCONFIGCTXCAU=[ADMIN], CALCULATIONFORMULASCTXAC=[ADMIN], REPORTPRINTCTXCG=[ADMIN], FINANCIALINDICATORMOVEMENTSCTXAC=[ADMIN], REPORTPRINTCTXCO=[ADMIN], ECONOMICSPOSITIONSCTXPY=[ADMIN], TYPESRELATIONSHIPSBETWEENSUBJECTSCTXPY=[ADMIN], QUERYCONFIGCTXTRU=[ADMIN], ANALYSISCTXEP=[ADMIN], PERIODSCTXAC=[ADMIN], QUERYCONFIGCTXPRU=[ADMIN], REPORTPRINTCTXBS=[ADMIN], ECONPATRACCOUNTINGUNITTYPESCTXAC=[ADMIN], ECONOMICINDICATORMOVEMENTSCTXAC=[ADMIN], REPORTPRINTCTXRE=[ADMIN], QUERYCONFIGCTXTRE=[ADMIN], ANALYSISTYPECTXRE=[ADMIN], QUERYCONFIGCTXPAU=[ADMIN], QUERYCONFIGCTXPRE=[ADMIN], QUERYCONFIGCTXREU=[ADMIN], QUERYCONFIGCTXEPE=[ADMIN], RANGESOFVALUESCTXAC=[ADMIN], QUERYCONFIG=[ADMIN], TIMESHEETCTXPR=[ADMIN], ANALYSISTYPECTXCG=[ADMIN], TIMESHEET=[ADMIN], TYPOLOGYRELATIONSHIPSOBJECTIVESCTXWE=[ADMIN], ANALYSISTYPECTXCO=[ADMIN], ANALYSISTYPECTXBS=[ADMIN], QUERYCONFIGCTXBAE=[ADMIN], SUBSYSTEMCTXBA=[ADMIN], REQUESTFROMINTERESTEDPARTIESCTXGD=[ADMIN], ANALYSISCTXPR=[ADMIN], DETECTIONTYPECTXAC=[ADMIN], INDICATORSCTXAC=[ADMIN], INDICATORMOVEMENTSCTXAC=[ADMIN], ANALYSISTYPECTXDI=[ADMIN], REPORTPRINTCTXPR=[ADMIN], QUERYCONFIGCTXORU=[ADMIN], TIMESHEETCTXOR=[ADMIN], ANALYSISCTXPA=[ADMIN], ATTACHMENTSOBJECTIVESCTXWE=[ADMIN], UOM=[ADMIN], INTERFACCIAMENTODATI=[ADMIN], TIPOLOGIEPERIODICTXAC=[ADMIN], QUERYCONFIGCTXORE=[ADMIN], RESERVEDINDICATORSCTXAC=[ADMIN], NATUREUNITCONTEXTRCTXAC=[ADMIN], ANALYSISTYPECTXTR=[ADMIN], ANALYSISCTXOR=[ADMIN]}
INFO  2026-04-07 00:06:30.063 i.m.g.m.d.ContentAndAttributesDao:getValidMenu [http-nio-8081-exec-7] - getValidMenu
INFO  2026-04-07 00:06:30.528 i.m.g.m.d.ContentAndAttributesDao:getValidMenu [http-nio-8081-exec-7] - size = 102
INFO  2026-04-07 00:06:30.541 i.m.g.m.d.ContentAndAttributesDao:getFolderMenu [http-nio-8081-exec-7] - getFolderMenu
INFO  2026-04-07 00:06:30.613 i.m.g.m.d.ContentAndAttributesDao:getFolderMenu [http-nio-8081-exec-7] - size = 66
INFO  2026-04-07 00:06:30.713 i.m.g.m.d.UserLoginDao:getUserLogin [http-nio-8081-exec-3] - getUserLogin
INFO  2026-04-07 00:06:30.754 i.m.g.m.d.UserLoginDao:getUserLogin [http-nio-8081-exec-3] - size 1
DEBUG 2026-04-07 00:06:30.757 i.m.g.s.JwtTokenFilter:doFilter [http-nio-8081-exec-3] - Token valid for user: developer
INFO  2026-04-07 00:06:30.768 i.m.g.m.d.UserLoginDao:getUserLogin [http-nio-8081-exec-8] - getUserLogin
INFO  2026-04-07 00:06:30.791 i.m.g.m.d.UserLoginDao:getUserLogin [http-nio-8081-exec-5] - getUserLogin
INFO  2026-04-07 00:06:30.792 i.m.g.m.d.UserLoginDao:getUserLogin [http-nio-8081-exec-8] - size 1
INFO  2026-04-07 00:06:30.799 i.m.g.m.d.UserLoginDao:getUserLogin [http-nio-8081-exec-1] - getUserLogin
DEBUG 2026-04-07 00:06:30.802 i.m.g.s.JwtTokenFilter:doFilter [http-nio-8081-exec-8] - Token valid for user: developer
INFO  2026-04-07 00:06:30.808 i.m.g.m.d.UserLoginSecurityGroupDao:getDefaultPortalPage [http-nio-8081-exec-8] - getDefaultPortalPage
INFO  2026-04-07 00:06:30.816 i.m.g.m.d.UserLoginSecurityGroupDao:getDefaultPortalPage [http-nio-8081-exec-8] - size 0
INFO  2026-04-07 00:06:30.843 i.m.g.m.d.UserLoginDao:getUserLogin [http-nio-8081-exec-1] - size 1
INFO  2026-04-07 00:06:30.861 i.m.g.m.d.UserLoginDao:getUserLogin [http-nio-8081-exec-5] - size 1
DEBUG 2026-04-07 00:06:30.861 i.m.g.s.JwtTokenFilter:doFilter [http-nio-8081-exec-1] - Token valid for user: developer
DEBUG 2026-04-07 00:06:30.877 i.m.g.s.JwtTokenFilter:doFilter [http-nio-8081-exec-5] - Token valid for user: developer
INFO  2026-04-07 00:06:31.092 i.m.g.s.NodeService:stream [http-nio-8081-exec-6] - stream default imagePath: /lmm/images/gzoom_logo.jpg
INFO  2026-04-07 00:06:31.095 i.m.g.m.d.PartyContentDao:getPartyContent [http-nio-8081-exec-6] - getPartyContent
INFO  2026-04-07 00:06:31.107 i.m.g.m.d.PartyContentDao:getPartyContent [http-nio-8081-exec-6] - size = 0
INFO  2026-04-07 00:06:31.196 i.m.g.m.d.UserLoginDao:getUserLogin [http-nio-8081-exec-9] - getUserLogin
INFO  2026-04-07 00:06:31.211 i.m.g.m.d.UserLoginDao:getUserLogin [http-nio-8081-exec-2] - getUserLogin
INFO  2026-04-07 00:06:31.215 i.m.g.m.d.UserLoginDao:getUserLogin [http-nio-8081-exec-9] - size 1
INFO  2026-04-07 00:06:31.231 i.m.g.m.d.UserLoginDao:getUserLogin [http-nio-8081-exec-2] - size 1
DEBUG 2026-04-07 00:06:31.237 i.m.g.s.JwtTokenFilter:doFilter [http-nio-8081-exec-9] - Token valid for user: developer
DEBUG 2026-04-07 00:06:31.243 i.m.g.s.JwtTokenFilter:doFilter [http-nio-8081-exec-2] - Token valid for user: developer
INFO  2026-04-07 00:06:31.243 i.m.g.m.d.UserLoginDao:getUserLogin [http-nio-8081-exec-3] - getUserLogin
INFO  2026-04-07 00:06:31.247 i.m.g.m.d.UserLoginDao:getUserLogin [http-nio-8081-exec-4] - getUserLogin
INFO  2026-04-07 00:06:31.248 i.m.g.m.d.UserPreferenceDaoMB:getUserPreference [http-nio-8081-exec-9] - find userPreference by id
INFO  2026-04-07 00:06:31.255 i.m.g.m.d.UserPreferenceDaoMB:getUserPreference [http-nio-8081-exec-9] - UserPreference = true
INFO  2026-04-07 00:06:31.259 i.m.g.m.d.UserPreferenceDaoMB:getUserPreference [http-nio-8081-exec-9] - find userPreference by id
INFO  2026-04-07 00:06:31.264 i.m.g.m.d.UserLoginDao:getUserLogin [http-nio-8081-exec-4] - size 1
INFO  2026-04-07 00:06:31.263 i.m.g.m.d.UserPreferenceDaoMB:getUserPreference [http-nio-8081-exec-9] - UserPreference = false
INFO  2026-04-07 00:06:31.268 i.m.g.m.d.UserLoginDao:getUserLogin [http-nio-8081-exec-3] - size 1
DEBUG 2026-04-07 00:06:31.269 i.m.g.s.JwtTokenFilter:doFilter [http-nio-8081-exec-3] - Token valid for user: developer
DEBUG 2026-04-07 00:06:31.268 i.m.g.s.JwtTokenFilter:doFilter [http-nio-8081-exec-4] - Token valid for user: developer
INFO  2026-04-07 00:06:31.284 i.m.g.m.d.UserLoginDao:getUserLogin [http-nio-8081-exec-3] - getUserLogin
INFO  2026-04-07 00:06:31.312 i.m.g.m.d.UserLoginValidPartyRoleDao:getUserLoginValidPartyRoleList [http-nio-8081-exec-4] - getUserLoginValidPartyRoleList
INFO  2026-04-07 00:06:31.316 i.m.g.m.d.UserLoginDao:getUserLogin [http-nio-8081-exec-3] - size 1
INFO  2026-04-07 00:06:31.324 i.m.g.u.Manifests:getProductInfo [http-nio-8081-exec-1] - getProductInfo2.5.0rc1
ERROR 2026-04-07 00:06:31.325 i.m.g.u.Manifests:initProductDate [http-nio-8081-exec-1] - Invalid product date format in MANIFEST.MF
INFO  2026-04-07 00:06:31.326 i.m.g.u.Manifests:getProductInfo [http-nio-8081-exec-1] - getProductInfoTue Apr 07 00:06:31 CEST 2026
INFO  2026-04-07 00:06:31.327 i.m.g.m.d.UserLoginValidPartyRoleDao:getUserLoginValidPartyRoleList [http-nio-8081-exec-4] - size 0
INFO  2026-04-07 00:06:31.328 i.m.g.m.d.UserLoginDao:getUserLogin [http-nio-8081-exec-6] - getUserLogin
INFO  2026-04-07 00:06:31.335 i.m.g.m.d.UserLoginDao:getUserLogin [http-nio-8081-exec-6] - size 1
DEBUG 2026-04-07 00:06:31.369 i.m.g.s.JwtTokenFilter:doFilter [http-nio-8081-exec-6] - Token valid for user: developer
ERROR 2026-04-07 00:07:16.782 i.m.g.s.c.AuthController:getLoginMethod [http-nio-8081-exec-2] - no oneLoginSSOEnabledPropertyName and keycloakLoginEnabledPropertyName configuration found
INFO  2026-04-07 00:07:16.789 i.m.g.m.d.UserLoginDao:getUserLogin [http-nio-8081-exec-7] - getUserLogin
INFO  2026-04-07 00:07:16.796 i.m.g.m.d.UserLoginDao:getUserLogin [http-nio-8081-exec-7] - size 1
DEBUG 2026-04-07 00:07:16.800 i.m.g.s.JwtTokenFilter:doFilter [http-nio-8081-exec-7] - Token valid for user: developer
INFO  2026-04-07 00:07:16.804 i.m.g.m.d.UserLoginDao:getUserLogin [http-nio-8081-exec-7] - getUserLogin
INFO  2026-04-07 00:07:16.814 i.m.g.m.d.UserLoginDao:getUserLogin [http-nio-8081-exec-7] - size 1
INFO  2026-04-07 00:07:16.815 i.m.g.m.d.UserLoginDao:getUserLogin [http-nio-8081-exec-7] - getUserLogin
INFO  2026-04-07 00:07:16.819 i.m.g.m.d.UserLoginDao:getUserLogin [http-nio-8081-exec-7] - size 1
INFO  2026-04-07 00:07:17.380 i.m.g.m.d.UserLoginDao:getUserLogin [http-nio-8081-exec-6] - getUserLogin
INFO  2026-04-07 00:07:17.381 i.m.g.m.d.UserLoginDao:getUserLogin [http-nio-8081-exec-4] - getUserLogin
INFO  2026-04-07 00:07:17.383 i.m.g.m.d.UserLoginDao:getUserLogin [http-nio-8081-exec-6] - size 1
INFO  2026-04-07 00:07:17.385 i.m.g.m.d.UserLoginDao:getUserLogin [http-nio-8081-exec-4] - size 1
DEBUG 2026-04-07 00:07:17.385 i.m.g.s.JwtTokenFilter:doFilter [http-nio-8081-exec-4] - Token valid for user: developer
DEBUG 2026-04-07 00:07:17.384 i.m.g.s.JwtTokenFilter:doFilter [http-nio-8081-exec-6] - Token valid for user: developer
INFO  2026-04-07 00:07:17.389 i.m.g.m.d.UserCtxPermissionViewDao:selectByUserLoginId [http-nio-8081-exec-4] - get UserCtxPermissionView by userLoginId
INFO  2026-04-07 00:07:17.390 i.m.g.m.d.UserLoginDao:getUserLogin [http-nio-8081-exec-6] - getUserLogin
INFO  2026-04-07 00:07:17.396 i.m.g.m.d.UserLoginDao:getUserLogin [http-nio-8081-exec-6] - size 1
INFO  2026-04-07 00:07:17.399 i.m.g.m.d.UserLoginDao:getUserLogin [http-nio-8081-exec-6] - getUserLogin
INFO  2026-04-07 00:07:17.400 i.m.g.m.d.UserCtxPermissionViewDao:selectByUserLoginId [http-nio-8081-exec-4] - size = 4
INFO  2026-04-07 00:07:17.402 i.m.g.m.d.UserLoginDao:getUserLogin [http-nio-8081-exec-6] - size 1
INFO  2026-04-07 00:07:17.410 i.m.g.m.d.UserLoginDao:getUserLogin [http-nio-8081-exec-3] - getUserLogin
INFO  2026-04-07 00:07:17.417 i.m.g.m.d.UserLoginDao:getUserLogin [http-nio-8081-exec-3] - size 1
DEBUG 2026-04-07 00:07:17.418 i.m.g.s.JwtTokenFilter:doFilter [http-nio-8081-exec-3] - Token valid for user: developer
INFO  2026-04-07 00:07:17.422 i.m.g.m.d.SecurityPermissionDao:getPermission [http-nio-8081-exec-3] - getPermission
INFO  2026-04-07 00:07:17.450 i.m.g.m.d.PartyNoteDao:getPartyNote [http-nio-8081-exec-8] - getPartyNote
INFO  2026-04-07 00:07:17.451 i.m.g.m.d.UserLoginDao:getUserLogin [http-nio-8081-exec-10] - getUserLogin
INFO  2026-04-07 00:07:17.455 i.m.g.m.d.UserLoginDao:getUserLogin [http-nio-8081-exec-10] - size 1
INFO  2026-04-07 00:07:17.456 i.m.g.m.d.PartyNoteDao:getPartyNote [http-nio-8081-exec-8] - size = 0
DEBUG 2026-04-07 00:07:17.456 i.m.g.s.JwtTokenFilter:doFilter [http-nio-8081-exec-10] - Token valid for user: developer
INFO  2026-04-07 00:07:17.460 i.m.g.m.d.UserPreferenceDaoMB:getUserPreference [http-nio-8081-exec-10] - find userPreference by id
INFO  2026-04-07 00:07:17.465 i.m.g.m.d.UserPreferenceDaoMB:getUserPreference [http-nio-8081-exec-10] - UserPreference = false
INFO  2026-04-07 00:07:17.466 i.m.g.m.d.UserPreferenceDaoMB:getUserPreference [http-nio-8081-exec-10] - find userPreference by id
INFO  2026-04-07 00:07:17.469 i.m.g.m.d.UserPreferenceDaoMB:getUserPreference [http-nio-8081-exec-10] - UserPreference = false
INFO  2026-04-07 00:07:17.451 i.m.g.m.d.SecurityPermissionDao:getPermission [http-nio-8081-exec-3] - size = 107
INFO  2026-04-07 00:07:17.474 i.m.g.s.MenuService:getMenu [http-nio-8081-exec-3] - mappa2 {TYPESATTACHMENTSOBJECTIVESCTXWE=[ADMIN], REPORTPRINTCTXOR=[ADMIN], UOMTYPE=[ADMIN], REPORTPRINTCTXPA=[ADMIN], ANALYSISCTXBS=[ADMIN], SECURITYGROUPSCTXBA=[ADMIN], ANALYSISTYPECTXEP=[ADMIN], QUERYCONFIGCTXBSU=[ADMIN], APPROVALPATHSCTXBA=[ADMIN], REPORTPRINTCTXGD=[ADMIN], CONSULTINGLOGCTXBA=[ADMIN], QUERYCONFIGCTXGDU=[ADMIN], NOTESOBJECTIVESCTXWE=[ADMIN], WORKEFFORTCTXWE=[ADMIN], QUERYCONFIGCTXBSE=[ADMIN], QUERYCONFIGURATIONCTXWE=[ADMIN], ECONOMICINDICATORSCTXAC=[ADMIN], ANALYSISTYPECTXWE=[ADMIN], ANALYSISCTXRE=[ADMIN], QUERYCONFIGCTXEPU=[ADMIN], QUERYCONFIGCTXGDE=[ADMIN], SUBSYSTEMTYPESCTXBA=[ADMIN], PURPOSECTXAC=[ADMIN], ANALYSISCTXDI=[ADMIN], RELATIONSHIPSOBJECTIVESCTXWE=[ADMIN], EXTRAACCOUNTINGUNITTYPESCTXAC=[ADMIN], ANALYSISTYPECTXOR=[ADMIN], FINANCIALINDICATORSCTXAC=[ADMIN], QUERYCONFIGCTXPAE=[ADMIN], QUERYCONFIGCTXREE=[ADMIN], SUBJECTSOBJECTIVESCTXWE=[ADMIN], QUERYCONFIGCTXCGU=[ADMIN], REPORTPRINTCTXEP=[ADMIN], QUERYCONFIGCTXDIU=[ADMIN], QUERYCONFIGCTXPYU=[ADMIN], QUERYCONFIGCTXCOU=[ADMIN], EXTRACTQUERYCONFIGURATIONCTXWE=[ADMIN], CUSTOM=[ADMIN], QUERYCONFIGCTXACE=[ADMIN], ANALYSISCTXTR=[ADMIN], RESERVEDINDICATORMOVEMENTSCTXAC=[ADMIN], QUERYCONFIGCTXCGE=[ADMIN], QUERYCONFIGCTXDIE=[ADMIN], ANALYSISTYPECTXGD=[ADMIN], QUERYCONFIGCTXPYE=[ADMIN], ANALYSISTYPECTXPR=[ADMIN], QUERYCONFIGCTXCOE=[ADMIN], REPORTPRINTCTXDI=[ADMIN], FINANCIALACCOUNTINGUNITTYPESCTXAC=[ADMIN], ANALYSISCTXCO=[ADMIN], MEASURESOBJECTIVESCTXWE=[ADMIN], ANALYSISTYPECTXPA=[ADMIN], REPORTPRINTCTXTR=[ADMIN], TYPOLOGIESROLESSUBJECTSCTXPY=[ADMIN], SCHEDULERCTXBA=[ADMIN], ANALYSISCTXCG=[ADMIN], OBJECTIVECODESCTXWE=[ADMIN], QUERYCONFIGCTXCAU=[ADMIN], CALCULATIONFORMULASCTXAC=[ADMIN], REPORTPRINTCTXCG=[ADMIN], FINANCIALINDICATORMOVEMENTSCTXAC=[ADMIN], REPORTPRINTCTXCO=[ADMIN], ECONOMICSPOSITIONSCTXPY=[ADMIN], TYPESRELATIONSHIPSBETWEENSUBJECTSCTXPY=[ADMIN], QUERYCONFIGCTXTRU=[ADMIN], ANALYSISCTXEP=[ADMIN], PERIODSCTXAC=[ADMIN], QUERYCONFIGCTXPRU=[ADMIN], REPORTPRINTCTXBS=[ADMIN], ECONPATRACCOUNTINGUNITTYPESCTXAC=[ADMIN], ECONOMICINDICATORMOVEMENTSCTXAC=[ADMIN], REPORTPRINTCTXRE=[ADMIN], QUERYCONFIGCTXTRE=[ADMIN], ANALYSISTYPECTXRE=[ADMIN], QUERYCONFIGCTXPAU=[ADMIN], QUERYCONFIGCTXPRE=[ADMIN], QUERYCONFIGCTXREU=[ADMIN], QUERYCONFIGCTXEPE=[ADMIN], RANGESOFVALUESCTXAC=[ADMIN], QUERYCONFIG=[ADMIN], TIMESHEETCTXPR=[ADMIN], ANALYSISTYPECTXCG=[ADMIN], TIMESHEET=[ADMIN], TYPOLOGYRELATIONSHIPSOBJECTIVESCTXWE=[ADMIN], ANALYSISTYPECTXCO=[ADMIN], ANALYSISTYPECTXBS=[ADMIN], QUERYCONFIGCTXBAE=[ADMIN], SUBSYSTEMCTXBA=[ADMIN], REQUESTFROMINTERESTEDPARTIESCTXGD=[ADMIN], ANALYSISCTXPR=[ADMIN], DETECTIONTYPECTXAC=[ADMIN], INDICATORSCTXAC=[ADMIN], INDICATORMOVEMENTSCTXAC=[ADMIN], ANALYSISTYPECTXDI=[ADMIN], REPORTPRINTCTXPR=[ADMIN], QUERYCONFIGCTXORU=[ADMIN], TIMESHEETCTXOR=[ADMIN], ANALYSISCTXPA=[ADMIN], ATTACHMENTSOBJECTIVESCTXWE=[ADMIN], UOM=[ADMIN], INTERFACCIAMENTODATI=[ADMIN], TIPOLOGIEPERIODICTXAC=[ADMIN], QUERYCONFIGCTXORE=[ADMIN], RESERVEDINDICATORSCTXAC=[ADMIN], NATUREUNITCONTEXTRCTXAC=[ADMIN], ANALYSISTYPECTXTR=[ADMIN], ANALYSISCTXOR=[ADMIN]}
INFO  2026-04-07 00:07:17.475 i.m.g.m.d.ContentAndAttributesDao:getValidMenu [http-nio-8081-exec-3] - getValidMenu
INFO  2026-04-07 00:07:17.604 i.m.g.m.d.ContentAndAttributesDao:getValidMenu [http-nio-8081-exec-3] - size = 102
INFO  2026-04-07 00:07:17.618 i.m.g.m.d.ContentAndAttributesDao:getFolderMenu [http-nio-8081-exec-3] - getFolderMenu
INFO  2026-04-07 00:07:17.665 i.m.g.m.d.ContentAndAttributesDao:getFolderMenu [http-nio-8081-exec-3] - size = 66
INFO  2026-04-07 00:07:17.756 i.m.g.m.d.UserLoginDao:getUserLogin [http-nio-8081-exec-5] - getUserLogin
INFO  2026-04-07 00:07:17.762 i.m.g.m.d.UserLoginDao:getUserLogin [http-nio-8081-exec-5] - size 1
DEBUG 2026-04-07 00:07:17.763 i.m.g.s.JwtTokenFilter:doFilter [http-nio-8081-exec-5] - Token valid for user: developer
INFO  2026-04-07 00:07:17.849 i.m.g.m.d.UserLoginDao:getUserLogin [http-nio-8081-exec-1] - getUserLogin
INFO  2026-04-07 00:07:17.853 i.m.g.m.d.UserLoginDao:getUserLogin [http-nio-8081-exec-4] - getUserLogin
INFO  2026-04-07 00:07:17.855 i.m.g.m.d.UserLoginDao:getUserLogin [http-nio-8081-exec-6] - getUserLogin
INFO  2026-04-07 00:07:17.858 i.m.g.m.d.UserLoginDao:getUserLogin [http-nio-8081-exec-6] - size 1
INFO  2026-04-07 00:07:17.859 i.m.g.m.d.UserLoginDao:getUserLogin [http-nio-8081-exec-4] - size 1
DEBUG 2026-04-07 00:07:17.859 i.m.g.s.JwtTokenFilter:doFilter [http-nio-8081-exec-6] - Token valid for user: developer
INFO  2026-04-07 00:07:17.860 i.m.g.m.d.UserLoginDao:getUserLogin [http-nio-8081-exec-1] - size 1
DEBUG 2026-04-07 00:07:17.864 i.m.g.s.JwtTokenFilter:doFilter [http-nio-8081-exec-4] - Token valid for user: developer
DEBUG 2026-04-07 00:07:17.867 i.m.g.s.JwtTokenFilter:doFilter [http-nio-8081-exec-1] - Token valid for user: developer
INFO  2026-04-07 00:07:17.868 i.m.g.m.d.UserLoginSecurityGroupDao:getDefaultPortalPage [http-nio-8081-exec-1] - getDefaultPortalPage
INFO  2026-04-07 00:07:17.877 i.m.g.m.d.UserLoginSecurityGroupDao:getDefaultPortalPage [http-nio-8081-exec-1] - size 0
INFO  2026-04-07 00:07:17.961 i.m.g.s.NodeService:stream [http-nio-8081-exec-10] - stream default imagePath: /lmm/images/gzoom_logo.jpg
INFO  2026-04-07 00:07:17.962 i.m.g.m.d.PartyContentDao:getPartyContent [http-nio-8081-exec-10] - getPartyContent
INFO  2026-04-07 00:07:17.971 i.m.g.m.d.PartyContentDao:getPartyContent [http-nio-8081-exec-10] - size = 0
INFO  2026-04-07 00:07:18.133 i.m.g.m.d.UserLoginDao:getUserLogin [http-nio-8081-exec-2] - getUserLogin
INFO  2026-04-07 00:07:18.138 i.m.g.m.d.UserLoginDao:getUserLogin [http-nio-8081-exec-2] - size 1
DEBUG 2026-04-07 00:07:18.139 i.m.g.s.JwtTokenFilter:doFilter [http-nio-8081-exec-2] - Token valid for user: developer
INFO  2026-04-07 00:07:18.143 i.m.g.m.d.UserPreferenceDaoMB:getUserPreference [http-nio-8081-exec-2] - find userPreference by id
INFO  2026-04-07 00:07:18.146 i.m.g.m.d.UserPreferenceDaoMB:getUserPreference [http-nio-8081-exec-2] - UserPreference = true
INFO  2026-04-07 00:07:18.147 i.m.g.m.d.UserPreferenceDaoMB:getUserPreference [http-nio-8081-exec-2] - find userPreference by id
INFO  2026-04-07 00:07:18.156 i.m.g.m.d.UserLoginDao:getUserLogin [http-nio-8081-exec-9] - getUserLogin
INFO  2026-04-07 00:07:18.161 i.m.g.m.d.UserPreferenceDaoMB:getUserPreference [http-nio-8081-exec-2] - UserPreference = false
INFO  2026-04-07 00:07:18.181 i.m.g.m.d.UserLoginDao:getUserLogin [http-nio-8081-exec-9] - size 1
INFO  2026-04-07 00:07:18.182 i.m.g.m.d.UserLoginDao:getUserLogin [http-nio-8081-exec-5] - getUserLogin
DEBUG 2026-04-07 00:07:18.189 i.m.g.s.JwtTokenFilter:doFilter [http-nio-8081-exec-9] - Token valid for user: developer
INFO  2026-04-07 00:07:18.196 i.m.g.m.d.UserLoginDao:getUserLogin [http-nio-8081-exec-6] - getUserLogin
INFO  2026-04-07 00:07:18.213 i.m.g.m.d.UserLoginDao:getUserLogin [http-nio-8081-exec-6] - size 1
INFO  2026-04-07 00:07:18.218 i.m.g.m.d.UserLoginDao:getUserLogin [http-nio-8081-exec-5] - size 1
INFO  2026-04-07 00:07:18.223 i.m.g.u.Manifests:getProductInfo [http-nio-8081-exec-4] - getProductInfo2.5.0rc1
DEBUG 2026-04-07 00:07:18.223 i.m.g.s.JwtTokenFilter:doFilter [http-nio-8081-exec-5] - Token valid for user: developer
ERROR 2026-04-07 00:07:18.223 i.m.g.u.Manifests:initProductDate [http-nio-8081-exec-4] - Invalid product date format in MANIFEST.MF
INFO  2026-04-07 00:07:18.223 i.m.g.u.Manifests:getProductInfo [http-nio-8081-exec-4] - getProductInfoTue Apr 07 00:07:18 CEST 2026
DEBUG 2026-04-07 00:07:18.225 i.m.g.s.JwtTokenFilter:doFilter [http-nio-8081-exec-6] - Token valid for user: developer
INFO  2026-04-07 00:07:18.230 i.m.g.m.d.UserLoginValidPartyRoleDao:getUserLoginValidPartyRoleList [http-nio-8081-exec-5] - getUserLoginValidPartyRoleList
INFO  2026-04-07 00:07:18.245 i.m.g.m.d.UserLoginDao:getUserLogin [http-nio-8081-exec-6] - getUserLogin
INFO  2026-04-07 00:07:18.252 i.m.g.m.d.UserLoginValidPartyRoleDao:getUserLoginValidPartyRoleList [http-nio-8081-exec-5] - size 0
INFO  2026-04-07 00:07:18.240 i.m.g.m.d.UserLoginDao:getUserLogin [http-nio-8081-exec-1] - getUserLogin
INFO  2026-04-07 00:07:18.254 i.m.g.m.d.UserLoginDao:getUserLogin [http-nio-8081-exec-6] - size 1
INFO  2026-04-07 00:07:18.263 i.m.g.m.d.UserLoginDao:getUserLogin [http-nio-8081-exec-1] - size 1
DEBUG 2026-04-07 00:07:18.269 i.m.g.s.JwtTokenFilter:doFilter [http-nio-8081-exec-1] - Token valid for user: developer
ERROR 2026-04-07 00:10:51.465 i.m.g.s.c.AuthController:getLoginMethod [http-nio-8081-exec-2] - no oneLoginSSOEnabledPropertyName and keycloakLoginEnabledPropertyName configuration found
INFO  2026-04-07 00:10:51.470 i.m.g.m.d.UserLoginDao:getUserLogin [http-nio-8081-exec-3] - getUserLogin
INFO  2026-04-07 00:10:51.473 i.m.g.m.d.UserLoginDao:getUserLogin [http-nio-8081-exec-3] - size 1
DEBUG 2026-04-07 00:10:51.475 i.m.g.s.JwtTokenFilter:doFilter [http-nio-8081-exec-3] - Token valid for user: developer
INFO  2026-04-07 00:10:51.480 i.m.g.m.d.UserLoginDao:getUserLogin [http-nio-8081-exec-3] - getUserLogin
INFO  2026-04-07 00:10:51.483 i.m.g.m.d.UserLoginDao:getUserLogin [http-nio-8081-exec-3] - size 1
INFO  2026-04-07 00:10:51.485 i.m.g.m.d.UserLoginDao:getUserLogin [http-nio-8081-exec-3] - getUserLogin
INFO  2026-04-07 00:10:51.487 i.m.g.m.d.UserLoginDao:getUserLogin [http-nio-8081-exec-3] - size 1
INFO  2026-04-07 00:10:51.904 i.m.g.m.d.UserLoginDao:getUserLogin [http-nio-8081-exec-7] - getUserLogin
INFO  2026-04-07 00:10:51.907 i.m.g.m.d.UserLoginDao:getUserLogin [http-nio-8081-exec-1] - getUserLogin
INFO  2026-04-07 00:10:51.907 i.m.g.m.d.UserLoginDao:getUserLogin [http-nio-8081-exec-7] - size 1
INFO  2026-04-07 00:10:51.907 i.m.g.m.d.PartyNoteDao:getPartyNote [http-nio-8081-exec-6] - getPartyNote
DEBUG 2026-04-07 00:10:51.909 i.m.g.s.JwtTokenFilter:doFilter [http-nio-8081-exec-7] - Token valid for user: developer
INFO  2026-04-07 00:10:51.910 i.m.g.m.d.UserLoginDao:getUserLogin [http-nio-8081-exec-1] - size 1
INFO  2026-04-07 00:10:51.910 i.m.g.m.d.UserCtxPermissionViewDao:selectByUserLoginId [http-nio-8081-exec-7] - get UserCtxPermissionView by userLoginId
INFO  2026-04-07 00:10:51.912 i.m.g.m.d.UserLoginDao:getUserLogin [http-nio-8081-exec-5] - getUserLogin
INFO  2026-04-07 00:10:51.913 i.m.g.m.d.PartyNoteDao:getPartyNote [http-nio-8081-exec-6] - size = 0
DEBUG 2026-04-07 00:10:51.913 i.m.g.s.JwtTokenFilter:doFilter [http-nio-8081-exec-1] - Token valid for user: developer
INFO  2026-04-07 00:10:51.914 i.m.g.m.d.UserLoginDao:getUserLogin [http-nio-8081-exec-8] - getUserLogin
INFO  2026-04-07 00:10:51.914 i.m.g.m.d.UserLoginDao:getUserLogin [http-nio-8081-exec-1] - getUserLogin
INFO  2026-04-07 00:10:51.916 i.m.g.m.d.UserLoginDao:getUserLogin [http-nio-8081-exec-8] - size 1
INFO  2026-04-07 00:10:51.917 i.m.g.m.d.UserLoginDao:getUserLogin [http-nio-8081-exec-1] - size 1
INFO  2026-04-07 00:10:51.917 i.m.g.m.d.UserLoginDao:getUserLogin [http-nio-8081-exec-5] - size 1
DEBUG 2026-04-07 00:10:51.920 i.m.g.s.JwtTokenFilter:doFilter [http-nio-8081-exec-8] - Token valid for user: developer
INFO  2026-04-07 00:10:51.920 i.m.g.m.d.UserLoginDao:getUserLogin [http-nio-8081-exec-1] - getUserLogin
INFO  2026-04-07 00:10:51.922 i.m.g.m.d.UserPreferenceDaoMB:getUserPreference [http-nio-8081-exec-8] - find userPreference by id
INFO  2026-04-07 00:10:51.924 i.m.g.m.d.UserCtxPermissionViewDao:selectByUserLoginId [http-nio-8081-exec-7] - size = 4
INFO  2026-04-07 00:10:51.924 i.m.g.m.d.UserPreferenceDaoMB:getUserPreference [http-nio-8081-exec-8] - UserPreference = false
DEBUG 2026-04-07 00:10:51.924 i.m.g.s.JwtTokenFilter:doFilter [http-nio-8081-exec-5] - Token valid for user: developer
INFO  2026-04-07 00:10:51.925 i.m.g.m.d.UserLoginDao:getUserLogin [http-nio-8081-exec-1] - size 1
INFO  2026-04-07 00:10:51.926 i.m.g.m.d.UserPreferenceDaoMB:getUserPreference [http-nio-8081-exec-8] - find userPreference by id
INFO  2026-04-07 00:10:51.929 i.m.g.m.d.SecurityPermissionDao:getPermission [http-nio-8081-exec-5] - getPermission
INFO  2026-04-07 00:10:51.930 i.m.g.m.d.UserPreferenceDaoMB:getUserPreference [http-nio-8081-exec-8] - UserPreference = false
INFO  2026-04-07 00:10:51.941 i.m.g.m.d.SecurityPermissionDao:getPermission [http-nio-8081-exec-5] - size = 107
INFO  2026-04-07 00:10:51.944 i.m.g.s.MenuService:getMenu [http-nio-8081-exec-5] - mappa2 {TYPESATTACHMENTSOBJECTIVESCTXWE=[ADMIN], REPORTPRINTCTXOR=[ADMIN], UOMTYPE=[ADMIN], REPORTPRINTCTXPA=[ADMIN], ANALYSISCTXBS=[ADMIN], SECURITYGROUPSCTXBA=[ADMIN], ANALYSISTYPECTXEP=[ADMIN], QUERYCONFIGCTXBSU=[ADMIN], APPROVALPATHSCTXBA=[ADMIN], REPORTPRINTCTXGD=[ADMIN], CONSULTINGLOGCTXBA=[ADMIN], QUERYCONFIGCTXGDU=[ADMIN], NOTESOBJECTIVESCTXWE=[ADMIN], WORKEFFORTCTXWE=[ADMIN], QUERYCONFIGCTXBSE=[ADMIN], QUERYCONFIGURATIONCTXWE=[ADMIN], ECONOMICINDICATORSCTXAC=[ADMIN], ANALYSISTYPECTXWE=[ADMIN], ANALYSISCTXRE=[ADMIN], QUERYCONFIGCTXEPU=[ADMIN], QUERYCONFIGCTXGDE=[ADMIN], SUBSYSTEMTYPESCTXBA=[ADMIN], PURPOSECTXAC=[ADMIN], ANALYSISCTXDI=[ADMIN], RELATIONSHIPSOBJECTIVESCTXWE=[ADMIN], EXTRAACCOUNTINGUNITTYPESCTXAC=[ADMIN], ANALYSISTYPECTXOR=[ADMIN], FINANCIALINDICATORSCTXAC=[ADMIN], QUERYCONFIGCTXPAE=[ADMIN], QUERYCONFIGCTXREE=[ADMIN], SUBJECTSOBJECTIVESCTXWE=[ADMIN], QUERYCONFIGCTXCGU=[ADMIN], REPORTPRINTCTXEP=[ADMIN], QUERYCONFIGCTXDIU=[ADMIN], QUERYCONFIGCTXPYU=[ADMIN], QUERYCONFIGCTXCOU=[ADMIN], EXTRACTQUERYCONFIGURATIONCTXWE=[ADMIN], CUSTOM=[ADMIN], QUERYCONFIGCTXACE=[ADMIN], ANALYSISCTXTR=[ADMIN], RESERVEDINDICATORMOVEMENTSCTXAC=[ADMIN], QUERYCONFIGCTXCGE=[ADMIN], QUERYCONFIGCTXDIE=[ADMIN], ANALYSISTYPECTXGD=[ADMIN], QUERYCONFIGCTXPYE=[ADMIN], ANALYSISTYPECTXPR=[ADMIN], QUERYCONFIGCTXCOE=[ADMIN], REPORTPRINTCTXDI=[ADMIN], FINANCIALACCOUNTINGUNITTYPESCTXAC=[ADMIN], ANALYSISCTXCO=[ADMIN], MEASURESOBJECTIVESCTXWE=[ADMIN], ANALYSISTYPECTXPA=[ADMIN], REPORTPRINTCTXTR=[ADMIN], TYPOLOGIESROLESSUBJECTSCTXPY=[ADMIN], SCHEDULERCTXBA=[ADMIN], ANALYSISCTXCG=[ADMIN], OBJECTIVECODESCTXWE=[ADMIN], QUERYCONFIGCTXCAU=[ADMIN], CALCULATIONFORMULASCTXAC=[ADMIN], REPORTPRINTCTXCG=[ADMIN], FINANCIALINDICATORMOVEMENTSCTXAC=[ADMIN], REPORTPRINTCTXCO=[ADMIN], ECONOMICSPOSITIONSCTXPY=[ADMIN], TYPESRELATIONSHIPSBETWEENSUBJECTSCTXPY=[ADMIN], QUERYCONFIGCTXTRU=[ADMIN], ANALYSISCTXEP=[ADMIN], PERIODSCTXAC=[ADMIN], QUERYCONFIGCTXPRU=[ADMIN], REPORTPRINTCTXBS=[ADMIN], ECONPATRACCOUNTINGUNITTYPESCTXAC=[ADMIN], ECONOMICINDICATORMOVEMENTSCTXAC=[ADMIN], REPORTPRINTCTXRE=[ADMIN], QUERYCONFIGCTXTRE=[ADMIN], ANALYSISTYPECTXRE=[ADMIN], QUERYCONFIGCTXPAU=[ADMIN], QUERYCONFIGCTXPRE=[ADMIN], QUERYCONFIGCTXREU=[ADMIN], QUERYCONFIGCTXEPE=[ADMIN], RANGESOFVALUESCTXAC=[ADMIN], QUERYCONFIG=[ADMIN], TIMESHEETCTXPR=[ADMIN], ANALYSISTYPECTXCG=[ADMIN], TIMESHEET=[ADMIN], TYPOLOGYRELATIONSHIPSOBJECTIVESCTXWE=[ADMIN], ANALYSISTYPECTXCO=[ADMIN], ANALYSISTYPECTXBS=[ADMIN], QUERYCONFIGCTXBAE=[ADMIN], SUBSYSTEMCTXBA=[ADMIN], REQUESTFROMINTERESTEDPARTIESCTXGD=[ADMIN], ANALYSISCTXPR=[ADMIN], DETECTIONTYPECTXAC=[ADMIN], INDICATORSCTXAC=[ADMIN], INDICATORMOVEMENTSCTXAC=[ADMIN], ANALYSISTYPECTXDI=[ADMIN], REPORTPRINTCTXPR=[ADMIN], QUERYCONFIGCTXORU=[ADMIN], TIMESHEETCTXOR=[ADMIN], ANALYSISCTXPA=[ADMIN], ATTACHMENTSOBJECTIVESCTXWE=[ADMIN], UOM=[ADMIN], INTERFACCIAMENTODATI=[ADMIN], TIPOLOGIEPERIODICTXAC=[ADMIN], QUERYCONFIGCTXORE=[ADMIN], RESERVEDINDICATORSCTXAC=[ADMIN], NATUREUNITCONTEXTRCTXAC=[ADMIN], ANALYSISTYPECTXTR=[ADMIN], ANALYSISCTXOR=[ADMIN]}
INFO  2026-04-07 00:10:51.945 i.m.g.m.d.ContentAndAttributesDao:getValidMenu [http-nio-8081-exec-5] - getValidMenu
INFO  2026-04-07 00:10:52.010 i.m.g.m.d.ContentAndAttributesDao:getValidMenu [http-nio-8081-exec-5] - size = 102
INFO  2026-04-07 00:10:52.011 i.m.g.m.d.ContentAndAttributesDao:getFolderMenu [http-nio-8081-exec-5] - getFolderMenu
INFO  2026-04-07 00:10:52.032 i.m.g.m.d.ContentAndAttributesDao:getFolderMenu [http-nio-8081-exec-5] - size = 66
INFO  2026-04-07 00:10:52.063 i.m.g.m.d.UserLoginDao:getUserLogin [http-nio-8081-exec-4] - getUserLogin
INFO  2026-04-07 00:10:52.067 i.m.g.m.d.UserLoginDao:getUserLogin [http-nio-8081-exec-4] - size 1
DEBUG 2026-04-07 00:10:52.068 i.m.g.s.JwtTokenFilter:doFilter [http-nio-8081-exec-4] - Token valid for user: developer
INFO  2026-04-07 00:10:52.138 i.m.g.m.d.UserLoginDao:getUserLogin [http-nio-8081-exec-6] - getUserLogin
INFO  2026-04-07 00:10:52.143 i.m.g.m.d.UserLoginDao:getUserLogin [http-nio-8081-exec-7] - getUserLogin
INFO  2026-04-07 00:10:52.145 i.m.g.m.d.UserLoginDao:getUserLogin [http-nio-8081-exec-6] - size 1
INFO  2026-04-07 00:10:52.148 i.m.g.m.d.UserLoginDao:getUserLogin [http-nio-8081-exec-7] - size 1
DEBUG 2026-04-07 00:10:52.151 i.m.g.s.JwtTokenFilter:doFilter [http-nio-8081-exec-6] - Token valid for user: developer
INFO  2026-04-07 00:10:52.153 i.m.g.m.d.UserLoginSecurityGroupDao:getDefaultPortalPage [http-nio-8081-exec-6] - getDefaultPortalPage
DEBUG 2026-04-07 00:10:52.153 i.m.g.s.JwtTokenFilter:doFilter [http-nio-8081-exec-7] - Token valid for user: developer
INFO  2026-04-07 00:10:52.158 i.m.g.m.d.UserLoginDao:getUserLogin [http-nio-8081-exec-8] - getUserLogin
INFO  2026-04-07 00:10:52.166 i.m.g.m.d.UserLoginDao:getUserLogin [http-nio-8081-exec-8] - size 1
INFO  2026-04-07 00:10:52.167 i.m.g.m.d.UserLoginSecurityGroupDao:getDefaultPortalPage [http-nio-8081-exec-6] - size 0
DEBUG 2026-04-07 00:10:52.168 i.m.g.s.JwtTokenFilter:doFilter [http-nio-8081-exec-8] - Token valid for user: developer
INFO  2026-04-07 00:10:52.316 i.m.g.s.NodeService:stream [http-nio-8081-exec-1] - stream default imagePath: /lmm/images/gzoom_logo.jpg
INFO  2026-04-07 00:10:52.320 i.m.g.m.d.PartyContentDao:getPartyContent [http-nio-8081-exec-1] - getPartyContent
INFO  2026-04-07 00:10:52.343 i.m.g.m.d.PartyContentDao:getPartyContent [http-nio-8081-exec-1] - size = 0
INFO  2026-04-07 00:10:52.421 i.m.g.m.d.UserLoginDao:getUserLogin [http-nio-8081-exec-3] - getUserLogin
INFO  2026-04-07 00:10:52.422 i.m.g.m.d.UserLoginDao:getUserLogin [http-nio-8081-exec-5] - getUserLogin
INFO  2026-04-07 00:10:52.425 i.m.g.m.d.UserLoginDao:getUserLogin [http-nio-8081-exec-3] - size 1
DEBUG 2026-04-07 00:10:52.426 i.m.g.s.JwtTokenFilter:doFilter [http-nio-8081-exec-3] - Token valid for user: developer
INFO  2026-04-07 00:10:52.429 i.m.g.m.d.UserPreferenceDaoMB:getUserPreference [http-nio-8081-exec-3] - find userPreference by id
INFO  2026-04-07 00:10:52.432 i.m.g.m.d.UserPreferenceDaoMB:getUserPreference [http-nio-8081-exec-3] - UserPreference = true
INFO  2026-04-07 00:10:52.433 i.m.g.m.d.UserPreferenceDaoMB:getUserPreference [http-nio-8081-exec-3] - find userPreference by id
INFO  2026-04-07 00:10:52.437 i.m.g.m.d.UserLoginDao:getUserLogin [http-nio-8081-exec-9] - getUserLogin
INFO  2026-04-07 00:10:52.443 i.m.g.m.d.UserPreferenceDaoMB:getUserPreference [http-nio-8081-exec-3] - UserPreference = false
INFO  2026-04-07 00:10:52.451 i.m.g.m.d.UserLoginDao:getUserLogin [http-nio-8081-exec-10] - getUserLogin
INFO  2026-04-07 00:10:52.451 i.m.g.m.d.UserLoginDao:getUserLogin [http-nio-8081-exec-5] - size 1
INFO  2026-04-07 00:10:52.455 i.m.g.m.d.UserLoginDao:getUserLogin [http-nio-8081-exec-9] - size 1
INFO  2026-04-07 00:10:52.458 i.m.g.m.d.UserLoginDao:getUserLogin [http-nio-8081-exec-10] - size 1
DEBUG 2026-04-07 00:10:52.460 i.m.g.s.JwtTokenFilter:doFilter [http-nio-8081-exec-9] - Token valid for user: developer
INFO  2026-04-07 00:10:52.461 i.m.g.u.Manifests:getProductInfo [http-nio-8081-exec-6] - getProductInfo2.5.0rc1
INFO  2026-04-07 00:10:52.462 i.m.g.m.d.UserLoginValidPartyRoleDao:getUserLoginValidPartyRoleList [http-nio-8081-exec-9] - getUserLoginValidPartyRoleList
DEBUG 2026-04-07 00:10:52.465 i.m.g.s.JwtTokenFilter:doFilter [http-nio-8081-exec-5] - Token valid for user: developer
ERROR 2026-04-07 00:10:52.462 i.m.g.u.Manifests:initProductDate [http-nio-8081-exec-6] - Invalid product date format in MANIFEST.MF
INFO  2026-04-07 00:10:52.471 i.m.g.u.Manifests:getProductInfo [http-nio-8081-exec-6] - getProductInfoTue Apr 07 00:10:52 CEST 2026
DEBUG 2026-04-07 00:10:52.467 i.m.g.s.JwtTokenFilter:doFilter [http-nio-8081-exec-10] - Token valid for user: developer
INFO  2026-04-07 00:10:52.477 i.m.g.m.d.UserLoginValidPartyRoleDao:getUserLoginValidPartyRoleList [http-nio-8081-exec-9] - size 0
INFO  2026-04-07 00:10:52.477 i.m.g.m.d.UserLoginDao:getUserLogin [http-nio-8081-exec-10] - getUserLogin
INFO  2026-04-07 00:10:52.489 i.m.g.m.d.UserLoginDao:getUserLogin [http-nio-8081-exec-10] - size 1
INFO  2026-04-07 00:10:52.549 i.m.g.m.d.UserLoginDao:getUserLogin [http-nio-8081-exec-8] - getUserLogin
INFO  2026-04-07 00:10:52.553 i.m.g.m.d.UserLoginDao:getUserLogin [http-nio-8081-exec-8] - size 1
DEBUG 2026-04-07 00:10:52.554 i.m.g.s.JwtTokenFilter:doFilter [http-nio-8081-exec-8] - Token valid for user: developer
ERROR 2026-04-07 00:12:13.166 i.m.g.s.c.AuthController:getLoginMethod [http-nio-8081-exec-4] - no oneLoginSSOEnabledPropertyName and keycloakLoginEnabledPropertyName configuration found
INFO  2026-04-07 00:12:13.168 i.m.g.m.d.UserLoginDao:getUserLogin [http-nio-8081-exec-6] - getUserLogin
INFO  2026-04-07 00:12:13.171 i.m.g.m.d.UserLoginDao:getUserLogin [http-nio-8081-exec-6] - size 1
DEBUG 2026-04-07 00:12:13.173 i.m.g.s.JwtTokenFilter:doFilter [http-nio-8081-exec-6] - Token valid for user: developer
INFO  2026-04-07 00:12:13.178 i.m.g.m.d.UserLoginDao:getUserLogin [http-nio-8081-exec-6] - getUserLogin
INFO  2026-04-07 00:12:13.180 i.m.g.m.d.UserLoginDao:getUserLogin [http-nio-8081-exec-6] - size 1
INFO  2026-04-07 00:12:13.181 i.m.g.m.d.UserLoginDao:getUserLogin [http-nio-8081-exec-6] - getUserLogin
INFO  2026-04-07 00:12:13.184 i.m.g.m.d.UserLoginDao:getUserLogin [http-nio-8081-exec-6] - size 1
INFO  2026-04-07 00:12:13.529 i.m.g.m.d.UserLoginDao:getUserLogin [http-nio-8081-exec-10] - getUserLogin
INFO  2026-04-07 00:12:13.531 i.m.g.m.d.UserLoginDao:getUserLogin [http-nio-8081-exec-10] - size 1
DEBUG 2026-04-07 00:12:13.533 i.m.g.s.JwtTokenFilter:doFilter [http-nio-8081-exec-10] - Token valid for user: developer
INFO  2026-04-07 00:12:13.534 i.m.g.m.d.UserCtxPermissionViewDao:selectByUserLoginId [http-nio-8081-exec-10] - get UserCtxPermissionView by userLoginId
INFO  2026-04-07 00:12:13.539 i.m.g.m.d.UserLoginDao:getUserLogin [http-nio-8081-exec-1] - getUserLogin
INFO  2026-04-07 00:12:13.542 i.m.g.m.d.UserLoginDao:getUserLogin [http-nio-8081-exec-1] - size 1
DEBUG 2026-04-07 00:12:13.543 i.m.g.s.JwtTokenFilter:doFilter [http-nio-8081-exec-1] - Token valid for user: developer
INFO  2026-04-07 00:12:13.545 i.m.g.m.d.UserLoginDao:getUserLogin [http-nio-8081-exec-1] - getUserLogin
INFO  2026-04-07 00:12:13.549 i.m.g.m.d.UserLoginDao:getUserLogin [http-nio-8081-exec-1] - size 1
INFO  2026-04-07 00:12:13.550 i.m.g.m.d.UserLoginDao:getUserLogin [http-nio-8081-exec-1] - getUserLogin
INFO  2026-04-07 00:12:13.552 i.m.g.m.d.UserLoginDao:getUserLogin [http-nio-8081-exec-2] - getUserLogin
INFO  2026-04-07 00:12:13.551 i.m.g.m.d.PartyNoteDao:getPartyNote [http-nio-8081-exec-7] - getPartyNote
INFO  2026-04-07 00:12:13.554 i.m.g.m.d.UserCtxPermissionViewDao:selectByUserLoginId [http-nio-8081-exec-10] - size = 4
INFO  2026-04-07 00:12:13.556 i.m.g.m.d.UserLoginDao:getUserLogin [http-nio-8081-exec-1] - size 1
INFO  2026-04-07 00:12:13.559 i.m.g.m.d.UserLoginDao:getUserLogin [http-nio-8081-exec-8] - getUserLogin
INFO  2026-04-07 00:12:13.561 i.m.g.m.d.UserLoginDao:getUserLogin [http-nio-8081-exec-2] - size 1
DEBUG 2026-04-07 00:12:13.562 i.m.g.s.JwtTokenFilter:doFilter [http-nio-8081-exec-2] - Token valid for user: developer
INFO  2026-04-07 00:12:13.566 i.m.g.m.d.SecurityPermissionDao:getPermission [http-nio-8081-exec-2] - getPermission
INFO  2026-04-07 00:12:13.568 i.m.g.m.d.UserLoginDao:getUserLogin [http-nio-8081-exec-8] - size 1
INFO  2026-04-07 00:12:13.573 i.m.g.m.d.PartyNoteDao:getPartyNote [http-nio-8081-exec-7] - size = 0
DEBUG 2026-04-07 00:12:13.574 i.m.g.s.JwtTokenFilter:doFilter [http-nio-8081-exec-8] - Token valid for user: developer
INFO  2026-04-07 00:12:13.585 i.m.g.m.d.UserPreferenceDaoMB:getUserPreference [http-nio-8081-exec-8] - find userPreference by id
INFO  2026-04-07 00:12:13.589 i.m.g.m.d.SecurityPermissionDao:getPermission [http-nio-8081-exec-2] - size = 107
INFO  2026-04-07 00:12:13.591 i.m.g.m.d.UserPreferenceDaoMB:getUserPreference [http-nio-8081-exec-8] - UserPreference = false
INFO  2026-04-07 00:12:13.593 i.m.g.s.MenuService:getMenu [http-nio-8081-exec-2] - mappa2 {TYPESATTACHMENTSOBJECTIVESCTXWE=[ADMIN], REPORTPRINTCTXOR=[ADMIN], UOMTYPE=[ADMIN], REPORTPRINTCTXPA=[ADMIN], ANALYSISCTXBS=[ADMIN], SECURITYGROUPSCTXBA=[ADMIN], ANALYSISTYPECTXEP=[ADMIN], QUERYCONFIGCTXBSU=[ADMIN], APPROVALPATHSCTXBA=[ADMIN], REPORTPRINTCTXGD=[ADMIN], CONSULTINGLOGCTXBA=[ADMIN], QUERYCONFIGCTXGDU=[ADMIN], NOTESOBJECTIVESCTXWE=[ADMIN], WORKEFFORTCTXWE=[ADMIN], QUERYCONFIGCTXBSE=[ADMIN], QUERYCONFIGURATIONCTXWE=[ADMIN], ECONOMICINDICATORSCTXAC=[ADMIN], ANALYSISTYPECTXWE=[ADMIN], ANALYSISCTXRE=[ADMIN], QUERYCONFIGCTXEPU=[ADMIN], QUERYCONFIGCTXGDE=[ADMIN], SUBSYSTEMTYPESCTXBA=[ADMIN], PURPOSECTXAC=[ADMIN], ANALYSISCTXDI=[ADMIN], RELATIONSHIPSOBJECTIVESCTXWE=[ADMIN], EXTRAACCOUNTINGUNITTYPESCTXAC=[ADMIN], ANALYSISTYPECTXOR=[ADMIN], FINANCIALINDICATORSCTXAC=[ADMIN], QUERYCONFIGCTXPAE=[ADMIN], QUERYCONFIGCTXREE=[ADMIN], SUBJECTSOBJECTIVESCTXWE=[ADMIN], QUERYCONFIGCTXCGU=[ADMIN], REPORTPRINTCTXEP=[ADMIN], QUERYCONFIGCTXDIU=[ADMIN], QUERYCONFIGCTXPYU=[ADMIN], QUERYCONFIGCTXCOU=[ADMIN], EXTRACTQUERYCONFIGURATIONCTXWE=[ADMIN], CUSTOM=[ADMIN], QUERYCONFIGCTXACE=[ADMIN], ANALYSISCTXTR=[ADMIN], RESERVEDINDICATORMOVEMENTSCTXAC=[ADMIN], QUERYCONFIGCTXCGE=[ADMIN], QUERYCONFIGCTXDIE=[ADMIN], ANALYSISTYPECTXGD=[ADMIN], QUERYCONFIGCTXPYE=[ADMIN], ANALYSISTYPECTXPR=[ADMIN], QUERYCONFIGCTXCOE=[ADMIN], REPORTPRINTCTXDI=[ADMIN], FINANCIALACCOUNTINGUNITTYPESCTXAC=[ADMIN], ANALYSISCTXCO=[ADMIN], MEASURESOBJECTIVESCTXWE=[ADMIN], ANALYSISTYPECTXPA=[ADMIN], REPORTPRINTCTXTR=[ADMIN], TYPOLOGIESROLESSUBJECTSCTXPY=[ADMIN], SCHEDULERCTXBA=[ADMIN], ANALYSISCTXCG=[ADMIN], OBJECTIVECODESCTXWE=[ADMIN], QUERYCONFIGCTXCAU=[ADMIN], CALCULATIONFORMULASCTXAC=[ADMIN], REPORTPRINTCTXCG=[ADMIN], FINANCIALINDICATORMOVEMENTSCTXAC=[ADMIN], REPORTPRINTCTXCO=[ADMIN], ECONOMICSPOSITIONSCTXPY=[ADMIN], TYPESRELATIONSHIPSBETWEENSUBJECTSCTXPY=[ADMIN], QUERYCONFIGCTXTRU=[ADMIN], ANALYSISCTXEP=[ADMIN], PERIODSCTXAC=[ADMIN], QUERYCONFIGCTXPRU=[ADMIN], REPORTPRINTCTXBS=[ADMIN], ECONPATRACCOUNTINGUNITTYPESCTXAC=[ADMIN], ECONOMICINDICATORMOVEMENTSCTXAC=[ADMIN], REPORTPRINTCTXRE=[ADMIN], QUERYCONFIGCTXTRE=[ADMIN], ANALYSISTYPECTXRE=[ADMIN], QUERYCONFIGCTXPAU=[ADMIN], QUERYCONFIGCTXPRE=[ADMIN], QUERYCONFIGCTXREU=[ADMIN], QUERYCONFIGCTXEPE=[ADMIN], RANGESOFVALUESCTXAC=[ADMIN], QUERYCONFIG=[ADMIN], TIMESHEETCTXPR=[ADMIN], ANALYSISTYPECTXCG=[ADMIN], TIMESHEET=[ADMIN], TYPOLOGYRELATIONSHIPSOBJECTIVESCTXWE=[ADMIN], ANALYSISTYPECTXCO=[ADMIN], ANALYSISTYPECTXBS=[ADMIN], QUERYCONFIGCTXBAE=[ADMIN], SUBSYSTEMCTXBA=[ADMIN], REQUESTFROMINTERESTEDPARTIESCTXGD=[ADMIN], ANALYSISCTXPR=[ADMIN], DETECTIONTYPECTXAC=[ADMIN], INDICATORSCTXAC=[ADMIN], INDICATORMOVEMENTSCTXAC=[ADMIN], ANALYSISTYPECTXDI=[ADMIN], REPORTPRINTCTXPR=[ADMIN], QUERYCONFIGCTXORU=[ADMIN], TIMESHEETCTXOR=[ADMIN], ANALYSISCTXPA=[ADMIN], ATTACHMENTSOBJECTIVESCTXWE=[ADMIN], UOM=[ADMIN], INTERFACCIAMENTODATI=[ADMIN], TIPOLOGIEPERIODICTXAC=[ADMIN], QUERYCONFIGCTXORE=[ADMIN], RESERVEDINDICATORSCTXAC=[ADMIN], NATUREUNITCONTEXTRCTXAC=[ADMIN], ANALYSISTYPECTXTR=[ADMIN], ANALYSISCTXOR=[ADMIN]}
INFO  2026-04-07 00:12:13.594 i.m.g.m.d.ContentAndAttributesDao:getValidMenu [http-nio-8081-exec-2] - getValidMenu
INFO  2026-04-07 00:12:13.593 i.m.g.m.d.UserPreferenceDaoMB:getUserPreference [http-nio-8081-exec-8] - find userPreference by id
INFO  2026-04-07 00:12:13.597 i.m.g.m.d.UserPreferenceDaoMB:getUserPreference [http-nio-8081-exec-8] - UserPreference = false
INFO  2026-04-07 00:12:13.662 i.m.g.m.d.ContentAndAttributesDao:getValidMenu [http-nio-8081-exec-2] - size = 102
INFO  2026-04-07 00:12:13.663 i.m.g.m.d.ContentAndAttributesDao:getFolderMenu [http-nio-8081-exec-2] - getFolderMenu
INFO  2026-04-07 00:12:13.686 i.m.g.m.d.ContentAndAttributesDao:getFolderMenu [http-nio-8081-exec-2] - size = 66
INFO  2026-04-07 00:12:13.720 i.m.g.m.d.UserLoginDao:getUserLogin [http-nio-8081-exec-9] - getUserLogin
INFO  2026-04-07 00:12:13.724 i.m.g.m.d.UserLoginDao:getUserLogin [http-nio-8081-exec-9] - size 1
DEBUG 2026-04-07 00:12:13.725 i.m.g.s.JwtTokenFilter:doFilter [http-nio-8081-exec-9] - Token valid for user: developer
INFO  2026-04-07 00:12:13.776 i.m.g.m.d.UserLoginDao:getUserLogin [http-nio-8081-exec-5] - getUserLogin
INFO  2026-04-07 00:12:13.783 i.m.g.m.d.UserLoginDao:getUserLogin [http-nio-8081-exec-5] - size 1
DEBUG 2026-04-07 00:12:13.793 i.m.g.s.JwtTokenFilter:doFilter [http-nio-8081-exec-5] - Token valid for user: developer
INFO  2026-04-07 00:12:13.799 i.m.g.m.d.UserLoginSecurityGroupDao:getDefaultPortalPage [http-nio-8081-exec-5] - getDefaultPortalPage
INFO  2026-04-07 00:12:13.800 i.m.g.m.d.UserLoginDao:getUserLogin [http-nio-8081-exec-7] - getUserLogin
INFO  2026-04-07 00:12:13.801 i.m.g.m.d.UserLoginDao:getUserLogin [http-nio-8081-exec-1] - getUserLogin
INFO  2026-04-07 00:12:13.803 i.m.g.s.NodeService:stream [http-nio-8081-exec-8] - stream default imagePath: /lmm/images/gzoom_logo.jpg
INFO  2026-04-07 00:12:13.803 i.m.g.m.d.UserLoginSecurityGroupDao:getDefaultPortalPage [http-nio-8081-exec-5] - size 0
INFO  2026-04-07 00:12:13.804 i.m.g.m.d.PartyContentDao:getPartyContent [http-nio-8081-exec-8] - getPartyContent
INFO  2026-04-07 00:12:13.808 i.m.g.m.d.PartyContentDao:getPartyContent [http-nio-8081-exec-8] - size = 0
INFO  2026-04-07 00:12:13.808 i.m.g.m.d.UserLoginDao:getUserLogin [http-nio-8081-exec-1] - size 1
DEBUG 2026-04-07 00:12:13.812 i.m.g.s.JwtTokenFilter:doFilter [http-nio-8081-exec-1] - Token valid for user: developer
INFO  2026-04-07 00:12:13.818 i.m.g.m.d.UserLoginDao:getUserLogin [http-nio-8081-exec-7] - size 1
DEBUG 2026-04-07 00:12:13.820 i.m.g.s.JwtTokenFilter:doFilter [http-nio-8081-exec-7] - Token valid for user: developer
INFO  2026-04-07 00:12:13.980 i.m.g.m.d.UserLoginDao:getUserLogin [http-nio-8081-exec-6] - getUserLogin
INFO  2026-04-07 00:12:13.981 i.m.g.m.d.UserLoginDao:getUserLogin [http-nio-8081-exec-3] - getUserLogin
INFO  2026-04-07 00:12:13.983 i.m.g.m.d.UserLoginDao:getUserLogin [http-nio-8081-exec-3] - size 1
INFO  2026-04-07 00:12:13.984 i.m.g.m.d.UserLoginDao:getUserLogin [http-nio-8081-exec-6] - size 1
DEBUG 2026-04-07 00:12:13.985 i.m.g.s.JwtTokenFilter:doFilter [http-nio-8081-exec-3] - Token valid for user: developer
DEBUG 2026-04-07 00:12:13.989 i.m.g.s.JwtTokenFilter:doFilter [http-nio-8081-exec-6] - Token valid for user: developer
INFO  2026-04-07 00:12:14.008 i.m.g.m.d.UserLoginDao:getUserLogin [http-nio-8081-exec-2] - getUserLogin
INFO  2026-04-07 00:12:14.013 i.m.g.m.d.UserLoginDao:getUserLogin [http-nio-8081-exec-2] - size 1
INFO  2026-04-07 00:12:14.014 i.m.g.m.d.UserLoginDao:getUserLogin [http-nio-8081-exec-9] - getUserLogin
INFO  2026-04-07 00:12:14.014 i.m.g.m.d.UserPreferenceDaoMB:getUserPreference [http-nio-8081-exec-6] - find userPreference by id
DEBUG 2026-04-07 00:12:14.015 i.m.g.s.JwtTokenFilter:doFilter [http-nio-8081-exec-2] - Token valid for user: developer
INFO  2026-04-07 00:12:14.016 i.m.g.m.d.UserPreferenceDaoMB:getUserPreference [http-nio-8081-exec-6] - UserPreference = true
INFO  2026-04-07 00:12:14.016 i.m.g.m.d.UserLoginDao:getUserLogin [http-nio-8081-exec-2] - getUserLogin
INFO  2026-04-07 00:12:14.019 i.m.g.m.d.UserLoginDao:getUserLogin [http-nio-8081-exec-2] - size 1
INFO  2026-04-07 00:12:14.020 i.m.g.m.d.UserPreferenceDaoMB:getUserPreference [http-nio-8081-exec-6] - find userPreference by id
INFO  2026-04-07 00:12:14.021 i.m.g.m.d.UserLoginDao:getUserLogin [http-nio-8081-exec-9] - size 1
INFO  2026-04-07 00:12:14.030 i.m.g.m.d.UserPreferenceDaoMB:getUserPreference [http-nio-8081-exec-6] - UserPreference = false
DEBUG 2026-04-07 00:12:14.031 i.m.g.s.JwtTokenFilter:doFilter [http-nio-8081-exec-9] - Token valid for user: developer
INFO  2026-04-07 00:12:14.034 i.m.g.m.d.UserLoginValidPartyRoleDao:getUserLoginValidPartyRoleList [http-nio-8081-exec-9] - getUserLoginValidPartyRoleList
INFO  2026-04-07 00:12:14.040 i.m.g.m.d.UserLoginValidPartyRoleDao:getUserLoginValidPartyRoleList [http-nio-8081-exec-9] - size 0
INFO  2026-04-07 00:12:14.083 i.m.g.u.Manifests:getProductInfo [http-nio-8081-exec-8] - getProductInfo2.5.0rc1
ERROR 2026-04-07 00:12:14.085 i.m.g.u.Manifests:initProductDate [http-nio-8081-exec-8] - Invalid product date format in MANIFEST.MF
INFO  2026-04-07 00:12:14.086 i.m.g.u.Manifests:getProductInfo [http-nio-8081-exec-8] - getProductInfoTue Apr 07 00:12:14 CEST 2026
INFO  2026-04-07 00:12:14.094 i.m.g.m.d.UserLoginDao:getUserLogin [http-nio-8081-exec-1] - getUserLogin
INFO  2026-04-07 00:12:14.150 i.m.g.m.d.UserLoginDao:getUserLogin [http-nio-8081-exec-1] - size 1
DEBUG 2026-04-07 00:12:14.158 i.m.g.s.JwtTokenFilter:doFilter [http-nio-8081-exec-1] - Token valid for user: developer
ERROR 2026-04-07 00:13:07.322 i.m.g.s.c.AuthController:getLoginMethod [http-nio-8081-exec-5] - no oneLoginSSOEnabledPropertyName and keycloakLoginEnabledPropertyName configuration found
INFO  2026-04-07 00:13:07.332 i.m.g.m.d.UserLoginDao:getUserLogin [http-nio-8081-exec-3] - getUserLogin
INFO  2026-04-07 00:13:07.335 i.m.g.m.d.UserLoginDao:getUserLogin [http-nio-8081-exec-3] - size 1
DEBUG 2026-04-07 00:13:07.336 i.m.g.s.JwtTokenFilter:doFilter [http-nio-8081-exec-3] - Token valid for user: developer
INFO  2026-04-07 00:13:07.340 i.m.g.m.d.UserLoginDao:getUserLogin [http-nio-8081-exec-3] - getUserLogin
INFO  2026-04-07 00:13:07.344 i.m.g.m.d.UserLoginDao:getUserLogin [http-nio-8081-exec-3] - size 1
INFO  2026-04-07 00:13:07.345 i.m.g.m.d.UserLoginDao:getUserLogin [http-nio-8081-exec-3] - getUserLogin
INFO  2026-04-07 00:13:07.347 i.m.g.m.d.UserLoginDao:getUserLogin [http-nio-8081-exec-3] - size 1
INFO  2026-04-07 00:13:08.016 i.m.g.m.d.UserLoginDao:getUserLogin [http-nio-8081-exec-7] - getUserLogin
INFO  2026-04-07 00:13:08.018 i.m.g.m.d.UserLoginDao:getUserLogin [http-nio-8081-exec-7] - size 1
DEBUG 2026-04-07 00:13:08.019 i.m.g.s.JwtTokenFilter:doFilter [http-nio-8081-exec-7] - Token valid for user: developer
INFO  2026-04-07 00:13:08.021 i.m.g.m.d.UserCtxPermissionViewDao:selectByUserLoginId [http-nio-8081-exec-7] - get UserCtxPermissionView by userLoginId
INFO  2026-04-07 00:13:08.025 i.m.g.m.d.UserCtxPermissionViewDao:selectByUserLoginId [http-nio-8081-exec-7] - size = 4
INFO  2026-04-07 00:13:08.046 i.m.g.m.d.UserLoginDao:getUserLogin [http-nio-8081-exec-8] - getUserLogin
INFO  2026-04-07 00:13:08.047 i.m.g.m.d.UserLoginDao:getUserLogin [http-nio-8081-exec-4] - getUserLogin
INFO  2026-04-07 00:13:08.048 i.m.g.m.d.UserLoginDao:getUserLogin [http-nio-8081-exec-8] - size 1
DEBUG 2026-04-07 00:13:08.049 i.m.g.s.JwtTokenFilter:doFilter [http-nio-8081-exec-8] - Token valid for user: developer
INFO  2026-04-07 00:13:08.050 i.m.g.m.d.UserLoginDao:getUserLogin [http-nio-8081-exec-4] - size 1
DEBUG 2026-04-07 00:13:08.051 i.m.g.s.JwtTokenFilter:doFilter [http-nio-8081-exec-4] - Token valid for user: developer
INFO  2026-04-07 00:13:08.051 i.m.g.m.d.UserLoginDao:getUserLogin [http-nio-8081-exec-8] - getUserLogin
INFO  2026-04-07 00:13:08.052 i.m.g.m.d.SecurityPermissionDao:getPermission [http-nio-8081-exec-4] - getPermission
INFO  2026-04-07 00:13:08.053 i.m.g.m.d.UserLoginDao:getUserLogin [http-nio-8081-exec-8] - size 1
INFO  2026-04-07 00:13:08.054 i.m.g.m.d.UserLoginDao:getUserLogin [http-nio-8081-exec-8] - getUserLogin
INFO  2026-04-07 00:13:08.062 i.m.g.m.d.PartyNoteDao:getPartyNote [http-nio-8081-exec-10] - getPartyNote
INFO  2026-04-07 00:13:08.060 i.m.g.m.d.UserLoginDao:getUserLogin [http-nio-8081-exec-8] - size 1
INFO  2026-04-07 00:13:08.069 i.m.g.m.d.PartyNoteDao:getPartyNote [http-nio-8081-exec-10] - size = 0
INFO  2026-04-07 00:13:08.072 i.m.g.m.d.UserLoginDao:getUserLogin [http-nio-8081-exec-1] - getUserLogin
INFO  2026-04-07 00:13:08.075 i.m.g.m.d.SecurityPermissionDao:getPermission [http-nio-8081-exec-4] - size = 107
INFO  2026-04-07 00:13:08.077 i.m.g.m.d.UserLoginDao:getUserLogin [http-nio-8081-exec-1] - size 1
INFO  2026-04-07 00:13:08.080 i.m.g.s.MenuService:getMenu [http-nio-8081-exec-4] - mappa2 {TYPESATTACHMENTSOBJECTIVESCTXWE=[ADMIN], REPORTPRINTCTXOR=[ADMIN], UOMTYPE=[ADMIN], REPORTPRINTCTXPA=[ADMIN], ANALYSISCTXBS=[ADMIN], SECURITYGROUPSCTXBA=[ADMIN], ANALYSISTYPECTXEP=[ADMIN], QUERYCONFIGCTXBSU=[ADMIN], APPROVALPATHSCTXBA=[ADMIN], REPORTPRINTCTXGD=[ADMIN], CONSULTINGLOGCTXBA=[ADMIN], QUERYCONFIGCTXGDU=[ADMIN], NOTESOBJECTIVESCTXWE=[ADMIN], WORKEFFORTCTXWE=[ADMIN], QUERYCONFIGCTXBSE=[ADMIN], QUERYCONFIGURATIONCTXWE=[ADMIN], ECONOMICINDICATORSCTXAC=[ADMIN], ANALYSISTYPECTXWE=[ADMIN], ANALYSISCTXRE=[ADMIN], QUERYCONFIGCTXEPU=[ADMIN], QUERYCONFIGCTXGDE=[ADMIN], SUBSYSTEMTYPESCTXBA=[ADMIN], PURPOSECTXAC=[ADMIN], ANALYSISCTXDI=[ADMIN], RELATIONSHIPSOBJECTIVESCTXWE=[ADMIN], EXTRAACCOUNTINGUNITTYPESCTXAC=[ADMIN], ANALYSISTYPECTXOR=[ADMIN], FINANCIALINDICATORSCTXAC=[ADMIN], QUERYCONFIGCTXPAE=[ADMIN], QUERYCONFIGCTXREE=[ADMIN], SUBJECTSOBJECTIVESCTXWE=[ADMIN], QUERYCONFIGCTXCGU=[ADMIN], REPORTPRINTCTXEP=[ADMIN], QUERYCONFIGCTXDIU=[ADMIN], QUERYCONFIGCTXPYU=[ADMIN], QUERYCONFIGCTXCOU=[ADMIN], EXTRACTQUERYCONFIGURATIONCTXWE=[ADMIN], CUSTOM=[ADMIN], QUERYCONFIGCTXACE=[ADMIN], ANALYSISCTXTR=[ADMIN], RESERVEDINDICATORMOVEMENTSCTXAC=[ADMIN], QUERYCONFIGCTXCGE=[ADMIN], QUERYCONFIGCTXDIE=[ADMIN], ANALYSISTYPECTXGD=[ADMIN], QUERYCONFIGCTXPYE=[ADMIN], ANALYSISTYPECTXPR=[ADMIN], QUERYCONFIGCTXCOE=[ADMIN], REPORTPRINTCTXDI=[ADMIN], FINANCIALACCOUNTINGUNITTYPESCTXAC=[ADMIN], ANALYSISCTXCO=[ADMIN], MEASURESOBJECTIVESCTXWE=[ADMIN], ANALYSISTYPECTXPA=[ADMIN], REPORTPRINTCTXTR=[ADMIN], TYPOLOGIESROLESSUBJECTSCTXPY=[ADMIN], SCHEDULERCTXBA=[ADMIN], ANALYSISCTXCG=[ADMIN], OBJECTIVECODESCTXWE=[ADMIN], QUERYCONFIGCTXCAU=[ADMIN], CALCULATIONFORMULASCTXAC=[ADMIN], REPORTPRINTCTXCG=[ADMIN], FINANCIALINDICATORMOVEMENTSCTXAC=[ADMIN], REPORTPRINTCTXCO=[ADMIN], ECONOMICSPOSITIONSCTXPY=[ADMIN], TYPESRELATIONSHIPSBETWEENSUBJECTSCTXPY=[ADMIN], QUERYCONFIGCTXTRU=[ADMIN], ANALYSISCTXEP=[ADMIN], PERIODSCTXAC=[ADMIN], QUERYCONFIGCTXPRU=[ADMIN], REPORTPRINTCTXBS=[ADMIN], ECONPATRACCOUNTINGUNITTYPESCTXAC=[ADMIN], ECONOMICINDICATORMOVEMENTSCTXAC=[ADMIN], REPORTPRINTCTXRE=[ADMIN], QUERYCONFIGCTXTRE=[ADMIN], ANALYSISTYPECTXRE=[ADMIN], QUERYCONFIGCTXPAU=[ADMIN], QUERYCONFIGCTXPRE=[ADMIN], QUERYCONFIGCTXREU=[ADMIN], QUERYCONFIGCTXEPE=[ADMIN], RANGESOFVALUESCTXAC=[ADMIN], QUERYCONFIG=[ADMIN], TIMESHEETCTXPR=[ADMIN], ANALYSISTYPECTXCG=[ADMIN], TIMESHEET=[ADMIN], TYPOLOGYRELATIONSHIPSOBJECTIVESCTXWE=[ADMIN], ANALYSISTYPECTXCO=[ADMIN], ANALYSISTYPECTXBS=[ADMIN], QUERYCONFIGCTXBAE=[ADMIN], SUBSYSTEMCTXBA=[ADMIN], REQUESTFROMINTERESTEDPARTIESCTXGD=[ADMIN], ANALYSISCTXPR=[ADMIN], DETECTIONTYPECTXAC=[ADMIN], INDICATORSCTXAC=[ADMIN], INDICATORMOVEMENTSCTXAC=[ADMIN], ANALYSISTYPECTXDI=[ADMIN], REPORTPRINTCTXPR=[ADMIN], QUERYCONFIGCTXORU=[ADMIN], TIMESHEETCTXOR=[ADMIN], ANALYSISCTXPA=[ADMIN], ATTACHMENTSOBJECTIVESCTXWE=[ADMIN], UOM=[ADMIN], INTERFACCIAMENTODATI=[ADMIN], TIPOLOGIEPERIODICTXAC=[ADMIN], QUERYCONFIGCTXORE=[ADMIN], RESERVEDINDICATORSCTXAC=[ADMIN], NATUREUNITCONTEXTRCTXAC=[ADMIN], ANALYSISTYPECTXTR=[ADMIN], ANALYSISCTXOR=[ADMIN]}
INFO  2026-04-07 00:13:08.081 i.m.g.m.d.ContentAndAttributesDao:getValidMenu [http-nio-8081-exec-4] - getValidMenu
DEBUG 2026-04-07 00:13:08.083 i.m.g.s.JwtTokenFilter:doFilter [http-nio-8081-exec-1] - Token valid for user: developer
INFO  2026-04-07 00:13:08.086 i.m.g.m.d.UserPreferenceDaoMB:getUserPreference [http-nio-8081-exec-1] - find userPreference by id
INFO  2026-04-07 00:13:08.093 i.m.g.m.d.UserPreferenceDaoMB:getUserPreference [http-nio-8081-exec-1] - UserPreference = false
INFO  2026-04-07 00:13:08.097 i.m.g.m.d.UserPreferenceDaoMB:getUserPreference [http-nio-8081-exec-1] - find userPreference by id
INFO  2026-04-07 00:13:08.099 i.m.g.m.d.UserPreferenceDaoMB:getUserPreference [http-nio-8081-exec-1] - UserPreference = false
INFO  2026-04-07 00:13:08.163 i.m.g.m.d.ContentAndAttributesDao:getValidMenu [http-nio-8081-exec-4] - size = 102
INFO  2026-04-07 00:13:08.164 i.m.g.m.d.ContentAndAttributesDao:getFolderMenu [http-nio-8081-exec-4] - getFolderMenu
INFO  2026-04-07 00:13:08.195 i.m.g.m.d.ContentAndAttributesDao:getFolderMenu [http-nio-8081-exec-4] - size = 66
INFO  2026-04-07 00:13:08.251 i.m.g.m.d.UserLoginDao:getUserLogin [http-nio-8081-exec-2] - getUserLogin
INFO  2026-04-07 00:13:08.253 i.m.g.m.d.UserLoginDao:getUserLogin [http-nio-8081-exec-2] - size 1
DEBUG 2026-04-07 00:13:08.254 i.m.g.s.JwtTokenFilter:doFilter [http-nio-8081-exec-2] - Token valid for user: developer
INFO  2026-04-07 00:13:08.328 i.m.g.m.d.UserLoginDao:getUserLogin [http-nio-8081-exec-7] - getUserLogin
INFO  2026-04-07 00:13:08.335 i.m.g.m.d.UserLoginDao:getUserLogin [http-nio-8081-exec-7] - size 1
DEBUG 2026-04-07 00:13:08.338 i.m.g.s.JwtTokenFilter:doFilter [http-nio-8081-exec-7] - Token valid for user: developer
INFO  2026-04-07 00:13:08.351 i.m.g.m.d.UserLoginSecurityGroupDao:getDefaultPortalPage [http-nio-8081-exec-7] - getDefaultPortalPage
INFO  2026-04-07 00:13:08.357 i.m.g.m.d.UserLoginSecurityGroupDao:getDefaultPortalPage [http-nio-8081-exec-7] - size 0
INFO  2026-04-07 00:13:08.365 i.m.g.m.d.UserLoginDao:getUserLogin [http-nio-8081-exec-8] - getUserLogin
INFO  2026-04-07 00:13:08.363 i.m.g.m.d.UserLoginDao:getUserLogin [http-nio-8081-exec-10] - getUserLogin
INFO  2026-04-07 00:13:08.368 i.m.g.m.d.UserLoginDao:getUserLogin [http-nio-8081-exec-8] - size 1
INFO  2026-04-07 00:13:08.368 i.m.g.m.d.UserLoginDao:getUserLogin [http-nio-8081-exec-10] - size 1
DEBUG 2026-04-07 00:13:08.368 i.m.g.s.JwtTokenFilter:doFilter [http-nio-8081-exec-8] - Token valid for user: developer
DEBUG 2026-04-07 00:13:08.368 i.m.g.s.JwtTokenFilter:doFilter [http-nio-8081-exec-10] - Token valid for user: developer
INFO  2026-04-07 00:13:08.509 i.m.g.s.NodeService:stream [http-nio-8081-exec-1] - stream default imagePath: /lmm/images/gzoom_logo.jpg
INFO  2026-04-07 00:13:08.510 i.m.g.m.d.PartyContentDao:getPartyContent [http-nio-8081-exec-1] - getPartyContent
INFO  2026-04-07 00:13:08.515 i.m.g.m.d.PartyContentDao:getPartyContent [http-nio-8081-exec-1] - size = 0
INFO  2026-04-07 00:13:08.629 i.m.g.m.d.UserLoginDao:getUserLogin [http-nio-8081-exec-5] - getUserLogin
INFO  2026-04-07 00:13:08.636 i.m.g.m.d.UserLoginDao:getUserLogin [http-nio-8081-exec-5] - size 1
INFO  2026-04-07 00:13:08.641 i.m.g.m.d.UserLoginDao:getUserLogin [http-nio-8081-exec-6] - getUserLogin
INFO  2026-04-07 00:13:08.641 i.m.g.m.d.UserLoginDao:getUserLogin [http-nio-8081-exec-2] - getUserLogin
INFO  2026-04-07 00:13:08.643 i.m.g.m.d.UserLoginDao:getUserLogin [http-nio-8081-exec-7] - getUserLogin
DEBUG 2026-04-07 00:13:08.643 i.m.g.s.JwtTokenFilter:doFilter [http-nio-8081-exec-5] - Token valid for user: developer
INFO  2026-04-07 00:13:08.644 i.m.g.m.d.UserLoginDao:getUserLogin [http-nio-8081-exec-2] - size 1
INFO  2026-04-07 00:13:08.645 i.m.g.m.d.UserPreferenceDaoMB:getUserPreference [http-nio-8081-exec-5] - find userPreference by id
DEBUG 2026-04-07 00:13:08.648 i.m.g.s.JwtTokenFilter:doFilter [http-nio-8081-exec-2] - Token valid for user: developer
INFO  2026-04-07 00:13:08.650 i.m.g.m.d.UserLoginValidPartyRoleDao:getUserLoginValidPartyRoleList [http-nio-8081-exec-2] - getUserLoginValidPartyRoleList
INFO  2026-04-07 00:13:08.653 i.m.g.m.d.UserLoginDao:getUserLogin [http-nio-8081-exec-6] - size 1
INFO  2026-04-07 00:13:08.653 i.m.g.m.d.UserLoginValidPartyRoleDao:getUserLoginValidPartyRoleList [http-nio-8081-exec-2] - size 0
INFO  2026-04-07 00:13:08.655 i.m.g.m.d.UserLoginDao:getUserLogin [http-nio-8081-exec-7] - size 1
INFO  2026-04-07 00:13:08.660 i.m.g.m.d.UserPreferenceDaoMB:getUserPreference [http-nio-8081-exec-5] - UserPreference = true
DEBUG 2026-04-07 00:13:08.661 i.m.g.s.JwtTokenFilter:doFilter [http-nio-8081-exec-6] - Token valid for user: developer
INFO  2026-04-07 00:13:08.667 i.m.g.m.d.UserPreferenceDaoMB:getUserPreference [http-nio-8081-exec-5] - find userPreference by id
INFO  2026-04-07 00:13:08.672 i.m.g.m.d.UserPreferenceDaoMB:getUserPreference [http-nio-8081-exec-5] - UserPreference = false
DEBUG 2026-04-07 00:13:08.679 i.m.g.s.JwtTokenFilter:doFilter [http-nio-8081-exec-7] - Token valid for user: developer
INFO  2026-04-07 00:13:08.682 i.m.g.m.d.UserLoginDao:getUserLogin [http-nio-8081-exec-7] - getUserLogin
INFO  2026-04-07 00:13:08.690 i.m.g.u.Manifests:getProductInfo [http-nio-8081-exec-6] - getProductInfo2.5.0rc1
ERROR 2026-04-07 00:13:08.690 i.m.g.u.Manifests:initProductDate [http-nio-8081-exec-6] - Invalid product date format in MANIFEST.MF
INFO  2026-04-07 00:13:08.691 i.m.g.u.Manifests:getProductInfo [http-nio-8081-exec-6] - getProductInfoTue Apr 07 00:13:08 CEST 2026
INFO  2026-04-07 00:13:08.700 i.m.g.m.d.UserLoginDao:getUserLogin [http-nio-8081-exec-7] - size 1
INFO  2026-04-07 00:13:08.753 i.m.g.m.d.UserLoginDao:getUserLogin [http-nio-8081-exec-10] - getUserLogin
INFO  2026-04-07 00:13:08.769 i.m.g.m.d.UserLoginDao:getUserLogin [http-nio-8081-exec-10] - size 1
DEBUG 2026-04-07 00:13:08.772 i.m.g.s.JwtTokenFilter:doFilter [http-nio-8081-exec-10] - Token valid for user: developer
INFO  2026-04-07 00:20:54.071 i.m.g.m.d.UserLoginDao:getUserLogin [http-nio-8081-exec-4] - getUserLogin
INFO  2026-04-07 00:20:54.074 i.m.g.m.d.UserLoginDao:getUserLogin [http-nio-8081-exec-4] - size 1
DEBUG 2026-04-07 00:20:54.076 i.m.g.s.JwtTokenFilter:doFilter [http-nio-8081-exec-4] - Token valid for user: developer
INFO  2026-04-07 00:20:54.078 i.m.g.m.d.UserLoginDao:getUserLogin [http-nio-8081-exec-4] - getUserLogin
INFO  2026-04-07 00:20:54.080 i.m.g.m.d.UserLoginDao:getUserLogin [http-nio-8081-exec-4] - size 1
INFO  2026-04-07 00:20:54.094 i.m.g.m.d.UserLoginDao:getUserLogin [http-nio-8081-exec-4] - getUserLogin
INFO  2026-04-07 00:20:54.103 i.m.g.m.d.UserLoginDao:getUserLogin [http-nio-8081-exec-4] - size 1
ERROR 2026-04-07 00:20:54.109 i.m.g.s.c.AuthController:getLoginMethod [http-nio-8081-exec-2] - no oneLoginSSOEnabledPropertyName and keycloakLoginEnabledPropertyName configuration found
INFO  2026-04-07 00:20:54.747 i.m.g.m.d.UserLoginDao:getUserLogin [http-nio-8081-exec-7] - getUserLogin
INFO  2026-04-07 00:20:54.748 i.m.g.m.d.UserLoginDao:getUserLogin [http-nio-8081-exec-7] - size 1
DEBUG 2026-04-07 00:20:54.749 i.m.g.s.JwtTokenFilter:doFilter [http-nio-8081-exec-7] - Token valid for user: developer
INFO  2026-04-07 00:20:54.750 i.m.g.m.d.UserCtxPermissionViewDao:selectByUserLoginId [http-nio-8081-exec-7] - get UserCtxPermissionView by userLoginId
INFO  2026-04-07 00:20:54.754 i.m.g.m.d.UserCtxPermissionViewDao:selectByUserLoginId [http-nio-8081-exec-7] - size = 4
INFO  2026-04-07 00:20:54.769 i.m.g.m.d.UserLoginDao:getUserLogin [http-nio-8081-exec-10] - getUserLogin
INFO  2026-04-07 00:20:54.770 i.m.g.m.d.UserLoginDao:getUserLogin [http-nio-8081-exec-10] - size 1
DEBUG 2026-04-07 00:20:54.771 i.m.g.s.JwtTokenFilter:doFilter [http-nio-8081-exec-10] - Token valid for user: developer
INFO  2026-04-07 00:20:54.772 i.m.g.m.d.UserLoginDao:getUserLogin [http-nio-8081-exec-10] - getUserLogin
INFO  2026-04-07 00:20:54.772 i.m.g.m.d.PartyNoteDao:getPartyNote [http-nio-8081-exec-1] - getPartyNote
INFO  2026-04-07 00:20:54.774 i.m.g.m.d.UserLoginDao:getUserLogin [http-nio-8081-exec-10] - size 1
INFO  2026-04-07 00:20:54.774 i.m.g.m.d.PartyNoteDao:getPartyNote [http-nio-8081-exec-1] - size = 0
INFO  2026-04-07 00:20:54.775 i.m.g.m.d.UserLoginDao:getUserLogin [http-nio-8081-exec-10] - getUserLogin
INFO  2026-04-07 00:20:54.777 i.m.g.m.d.UserLoginDao:getUserLogin [http-nio-8081-exec-9] - getUserLogin
INFO  2026-04-07 00:20:54.779 i.m.g.m.d.UserLoginDao:getUserLogin [http-nio-8081-exec-3] - getUserLogin
INFO  2026-04-07 00:20:54.781 i.m.g.m.d.UserLoginDao:getUserLogin [http-nio-8081-exec-10] - size 1
INFO  2026-04-07 00:20:54.782 i.m.g.m.d.UserLoginDao:getUserLogin [http-nio-8081-exec-3] - size 1
INFO  2026-04-07 00:20:54.783 i.m.g.m.d.UserLoginDao:getUserLogin [http-nio-8081-exec-9] - size 1
DEBUG 2026-04-07 00:20:54.783 i.m.g.s.JwtTokenFilter:doFilter [http-nio-8081-exec-3] - Token valid for user: developer
DEBUG 2026-04-07 00:20:54.784 i.m.g.s.JwtTokenFilter:doFilter [http-nio-8081-exec-9] - Token valid for user: developer
INFO  2026-04-07 00:20:54.787 i.m.g.m.d.UserPreferenceDaoMB:getUserPreference [http-nio-8081-exec-3] - find userPreference by id
INFO  2026-04-07 00:20:54.789 i.m.g.m.d.SecurityPermissionDao:getPermission [http-nio-8081-exec-9] - getPermission
INFO  2026-04-07 00:20:54.790 i.m.g.m.d.UserPreferenceDaoMB:getUserPreference [http-nio-8081-exec-3] - UserPreference = false
INFO  2026-04-07 00:20:54.791 i.m.g.m.d.UserPreferenceDaoMB:getUserPreference [http-nio-8081-exec-3] - find userPreference by id
INFO  2026-04-07 00:20:54.792 i.m.g.m.d.UserPreferenceDaoMB:getUserPreference [http-nio-8081-exec-3] - UserPreference = false
INFO  2026-04-07 00:20:54.801 i.m.g.m.d.SecurityPermissionDao:getPermission [http-nio-8081-exec-9] - size = 107
INFO  2026-04-07 00:20:54.803 i.m.g.s.MenuService:getMenu [http-nio-8081-exec-9] - mappa2 {TYPESATTACHMENTSOBJECTIVESCTXWE=[ADMIN], REPORTPRINTCTXOR=[ADMIN], UOMTYPE=[ADMIN], REPORTPRINTCTXPA=[ADMIN], ANALYSISCTXBS=[ADMIN], SECURITYGROUPSCTXBA=[ADMIN], ANALYSISTYPECTXEP=[ADMIN], QUERYCONFIGCTXBSU=[ADMIN], APPROVALPATHSCTXBA=[ADMIN], REPORTPRINTCTXGD=[ADMIN], CONSULTINGLOGCTXBA=[ADMIN], QUERYCONFIGCTXGDU=[ADMIN], NOTESOBJECTIVESCTXWE=[ADMIN], WORKEFFORTCTXWE=[ADMIN], QUERYCONFIGCTXBSE=[ADMIN], QUERYCONFIGURATIONCTXWE=[ADMIN], ECONOMICINDICATORSCTXAC=[ADMIN], ANALYSISTYPECTXWE=[ADMIN], ANALYSISCTXRE=[ADMIN], QUERYCONFIGCTXEPU=[ADMIN], QUERYCONFIGCTXGDE=[ADMIN], SUBSYSTEMTYPESCTXBA=[ADMIN], PURPOSECTXAC=[ADMIN], ANALYSISCTXDI=[ADMIN], RELATIONSHIPSOBJECTIVESCTXWE=[ADMIN], EXTRAACCOUNTINGUNITTYPESCTXAC=[ADMIN], ANALYSISTYPECTXOR=[ADMIN], FINANCIALINDICATORSCTXAC=[ADMIN], QUERYCONFIGCTXPAE=[ADMIN], QUERYCONFIGCTXREE=[ADMIN], SUBJECTSOBJECTIVESCTXWE=[ADMIN], QUERYCONFIGCTXCGU=[ADMIN], REPORTPRINTCTXEP=[ADMIN], QUERYCONFIGCTXDIU=[ADMIN], QUERYCONFIGCTXPYU=[ADMIN], QUERYCONFIGCTXCOU=[ADMIN], EXTRACTQUERYCONFIGURATIONCTXWE=[ADMIN], CUSTOM=[ADMIN], QUERYCONFIGCTXACE=[ADMIN], ANALYSISCTXTR=[ADMIN], RESERVEDINDICATORMOVEMENTSCTXAC=[ADMIN], QUERYCONFIGCTXCGE=[ADMIN], QUERYCONFIGCTXDIE=[ADMIN], ANALYSISTYPECTXGD=[ADMIN], QUERYCONFIGCTXPYE=[ADMIN], ANALYSISTYPECTXPR=[ADMIN], QUERYCONFIGCTXCOE=[ADMIN], REPORTPRINTCTXDI=[ADMIN], FINANCIALACCOUNTINGUNITTYPESCTXAC=[ADMIN], ANALYSISCTXCO=[ADMIN], MEASURESOBJECTIVESCTXWE=[ADMIN], ANALYSISTYPECTXPA=[ADMIN], REPORTPRINTCTXTR=[ADMIN], TYPOLOGIESROLESSUBJECTSCTXPY=[ADMIN], SCHEDULERCTXBA=[ADMIN], ANALYSISCTXCG=[ADMIN], OBJECTIVECODESCTXWE=[ADMIN], QUERYCONFIGCTXCAU=[ADMIN], CALCULATIONFORMULASCTXAC=[ADMIN], REPORTPRINTCTXCG=[ADMIN], FINANCIALINDICATORMOVEMENTSCTXAC=[ADMIN], REPORTPRINTCTXCO=[ADMIN], ECONOMICSPOSITIONSCTXPY=[ADMIN], TYPESRELATIONSHIPSBETWEENSUBJECTSCTXPY=[ADMIN], QUERYCONFIGCTXTRU=[ADMIN], ANALYSISCTXEP=[ADMIN], PERIODSCTXAC=[ADMIN], QUERYCONFIGCTXPRU=[ADMIN], REPORTPRINTCTXBS=[ADMIN], ECONPATRACCOUNTINGUNITTYPESCTXAC=[ADMIN], ECONOMICINDICATORMOVEMENTSCTXAC=[ADMIN], REPORTPRINTCTXRE=[ADMIN], QUERYCONFIGCTXTRE=[ADMIN], ANALYSISTYPECTXRE=[ADMIN], QUERYCONFIGCTXPAU=[ADMIN], QUERYCONFIGCTXPRE=[ADMIN], QUERYCONFIGCTXREU=[ADMIN], QUERYCONFIGCTXEPE=[ADMIN], RANGESOFVALUESCTXAC=[ADMIN], QUERYCONFIG=[ADMIN], TIMESHEETCTXPR=[ADMIN], ANALYSISTYPECTXCG=[ADMIN], TIMESHEET=[ADMIN], TYPOLOGYRELATIONSHIPSOBJECTIVESCTXWE=[ADMIN], ANALYSISTYPECTXCO=[ADMIN], ANALYSISTYPECTXBS=[ADMIN], QUERYCONFIGCTXBAE=[ADMIN], SUBSYSTEMCTXBA=[ADMIN], REQUESTFROMINTERESTEDPARTIESCTXGD=[ADMIN], ANALYSISCTXPR=[ADMIN], DETECTIONTYPECTXAC=[ADMIN], INDICATORSCTXAC=[ADMIN], INDICATORMOVEMENTSCTXAC=[ADMIN], ANALYSISTYPECTXDI=[ADMIN], REPORTPRINTCTXPR=[ADMIN], QUERYCONFIGCTXORU=[ADMIN], TIMESHEETCTXOR=[ADMIN], ANALYSISCTXPA=[ADMIN], ATTACHMENTSOBJECTIVESCTXWE=[ADMIN], UOM=[ADMIN], INTERFACCIAMENTODATI=[ADMIN], TIPOLOGIEPERIODICTXAC=[ADMIN], QUERYCONFIGCTXORE=[ADMIN], RESERVEDINDICATORSCTXAC=[ADMIN], NATUREUNITCONTEXTRCTXAC=[ADMIN], ANALYSISTYPECTXTR=[ADMIN], ANALYSISCTXOR=[ADMIN]}
INFO  2026-04-07 00:20:54.803 i.m.g.m.d.ContentAndAttributesDao:getValidMenu [http-nio-8081-exec-9] - getValidMenu
INFO  2026-04-07 00:20:54.883 i.m.g.m.d.ContentAndAttributesDao:getValidMenu [http-nio-8081-exec-9] - size = 102
INFO  2026-04-07 00:20:54.883 i.m.g.m.d.ContentAndAttributesDao:getFolderMenu [http-nio-8081-exec-9] - getFolderMenu
INFO  2026-04-07 00:20:54.907 i.m.g.m.d.ContentAndAttributesDao:getFolderMenu [http-nio-8081-exec-9] - size = 66
INFO  2026-04-07 00:20:54.943 i.m.g.m.d.UserLoginDao:getUserLogin [http-nio-8081-exec-5] - getUserLogin
INFO  2026-04-07 00:20:54.946 i.m.g.m.d.UserLoginDao:getUserLogin [http-nio-8081-exec-5] - size 1
DEBUG 2026-04-07 00:20:54.946 i.m.g.s.JwtTokenFilter:doFilter [http-nio-8081-exec-5] - Token valid for user: developer
INFO  2026-04-07 00:20:55.028 i.m.g.m.d.UserLoginDao:getUserLogin [http-nio-8081-exec-7] - getUserLogin
INFO  2026-04-07 00:20:55.032 i.m.g.m.d.UserLoginDao:getUserLogin [http-nio-8081-exec-7] - size 1
INFO  2026-04-07 00:20:55.032 i.m.g.m.d.UserLoginDao:getUserLogin [http-nio-8081-exec-1] - getUserLogin
DEBUG 2026-04-07 00:20:55.032 i.m.g.s.JwtTokenFilter:doFilter [http-nio-8081-exec-7] - Token valid for user: developer
INFO  2026-04-07 00:20:55.034 i.m.g.m.d.UserLoginDao:getUserLogin [http-nio-8081-exec-3] - getUserLogin
INFO  2026-04-07 00:20:55.037 i.m.g.m.d.UserLoginDao:getUserLogin [http-nio-8081-exec-3] - size 1
DEBUG 2026-04-07 00:20:55.038 i.m.g.s.JwtTokenFilter:doFilter [http-nio-8081-exec-3] - Token valid for user: developer
INFO  2026-04-07 00:20:55.039 i.m.g.m.d.UserLoginDao:getUserLogin [http-nio-8081-exec-1] - size 1
INFO  2026-04-07 00:20:55.040 i.m.g.m.d.UserLoginSecurityGroupDao:getDefaultPortalPage [http-nio-8081-exec-7] - getDefaultPortalPage
DEBUG 2026-04-07 00:20:55.044 i.m.g.s.JwtTokenFilter:doFilter [http-nio-8081-exec-1] - Token valid for user: developer
INFO  2026-04-07 00:20:55.044 i.m.g.m.d.UserLoginSecurityGroupDao:getDefaultPortalPage [http-nio-8081-exec-7] - size 0
INFO  2026-04-07 00:20:55.223 i.m.g.s.NodeService:stream [http-nio-8081-exec-10] - stream default imagePath: /lmm/images/gzoom_logo.jpg
INFO  2026-04-07 00:20:55.224 i.m.g.m.d.PartyContentDao:getPartyContent [http-nio-8081-exec-10] - getPartyContent
INFO  2026-04-07 00:20:55.228 i.m.g.m.d.PartyContentDao:getPartyContent [http-nio-8081-exec-10] - size = 0
INFO  2026-04-07 00:20:55.490 i.m.g.m.d.UserLoginDao:getUserLogin [http-nio-8081-exec-2] - getUserLogin
INFO  2026-04-07 00:20:55.493 i.m.g.m.d.UserLoginDao:getUserLogin [http-nio-8081-exec-8] - getUserLogin
INFO  2026-04-07 00:20:55.496 i.m.g.m.d.UserLoginDao:getUserLogin [http-nio-8081-exec-2] - size 1
INFO  2026-04-07 00:20:55.496 i.m.g.m.d.UserLoginDao:getUserLogin [http-nio-8081-exec-8] - size 1
DEBUG 2026-04-07 00:20:55.497 i.m.g.s.JwtTokenFilter:doFilter [http-nio-8081-exec-8] - Token valid for user: developer
DEBUG 2026-04-07 00:20:55.510 i.m.g.s.JwtTokenFilter:doFilter [http-nio-8081-exec-2] - Token valid for user: developer
INFO  2026-04-07 00:20:55.512 i.m.g.m.d.UserLoginDao:getUserLogin [http-nio-8081-exec-5] - getUserLogin
INFO  2026-04-07 00:20:55.515 i.m.g.m.d.UserPreferenceDaoMB:getUserPreference [http-nio-8081-exec-2] - find userPreference by id
INFO  2026-04-07 00:20:55.516 i.m.g.m.d.UserLoginDao:getUserLogin [http-nio-8081-exec-5] - size 1
DEBUG 2026-04-07 00:20:55.517 i.m.g.s.JwtTokenFilter:doFilter [http-nio-8081-exec-5] - Token valid for user: developer
INFO  2026-04-07 00:20:55.517 i.m.g.m.d.UserPreferenceDaoMB:getUserPreference [http-nio-8081-exec-2] - UserPreference = true
INFO  2026-04-07 00:20:55.519 i.m.g.m.d.UserLoginDao:getUserLogin [http-nio-8081-exec-8] - getUserLogin
INFO  2026-04-07 00:20:55.519 i.m.g.m.d.UserLoginValidPartyRoleDao:getUserLoginValidPartyRoleList [http-nio-8081-exec-5] - getUserLoginValidPartyRoleList
INFO  2026-04-07 00:20:55.519 i.m.g.m.d.UserPreferenceDaoMB:getUserPreference [http-nio-8081-exec-2] - find userPreference by id
INFO  2026-04-07 00:20:55.538 i.m.g.u.Manifests:getProductInfo [http-nio-8081-exec-7] - getProductInfo2.5.0rc1
INFO  2026-04-07 00:20:55.543 i.m.g.m.d.UserLoginDao:getUserLogin [http-nio-8081-exec-8] - size 1
ERROR 2026-04-07 00:20:55.543 i.m.g.u.Manifests:initProductDate [http-nio-8081-exec-7] - Invalid product date format in MANIFEST.MF
INFO  2026-04-07 00:20:55.544 i.m.g.u.Manifests:getProductInfo [http-nio-8081-exec-7] - getProductInfoTue Apr 07 00:20:55 CEST 2026
INFO  2026-04-07 00:20:55.549 i.m.g.m.d.UserPreferenceDaoMB:getUserPreference [http-nio-8081-exec-2] - UserPreference = false
INFO  2026-04-07 00:20:55.540 i.m.g.m.d.UserLoginValidPartyRoleDao:getUserLoginValidPartyRoleList [http-nio-8081-exec-5] - size 0
DEBUG 2026-04-07 00:20:55.555 i.m.g.s.JwtTokenFilter:doFilter [http-nio-8081-exec-8] - Token valid for user: developer
INFO  2026-04-07 00:20:55.558 i.m.g.m.d.UserLoginDao:getUserLogin [http-nio-8081-exec-8] - getUserLogin
INFO  2026-04-07 00:20:55.561 i.m.g.m.d.UserLoginDao:getUserLogin [http-nio-8081-exec-5] - getUserLogin
INFO  2026-04-07 00:20:55.562 i.m.g.m.d.UserLoginDao:getUserLogin [http-nio-8081-exec-8] - size 1
INFO  2026-04-07 00:20:55.602 i.m.g.m.d.UserLoginDao:getUserLogin [http-nio-8081-exec-5] - size 1
DEBUG 2026-04-07 00:20:55.603 i.m.g.s.JwtTokenFilter:doFilter [http-nio-8081-exec-5] - Token valid for user: developer
INFO  2026-04-07 00:28:14.427 i.m.g.s.JwtLogoutFilter:doFilter [http-nio-8081-exec-3] - Logged out user: developer
ERROR 2026-04-07 00:28:14.554 i.m.g.s.c.AuthController:getLoginMethod [http-nio-8081-exec-9] - no oneLoginSSOEnabledPropertyName and keycloakLoginEnabledPropertyName configuration found
INFO  2026-04-07 00:28:14.748 i.m.g.m.d.PartyNoteDao:getPartyNote [http-nio-8081-exec-7] - getPartyNote
INFO  2026-04-07 00:28:14.750 i.m.g.m.d.PartyNoteDao:getPartyNote [http-nio-8081-exec-7] - size = 0
INFO  2026-04-07 00:28:14.775 i.m.g.m.d.PartyNoteDao:getPartyNote [http-nio-8081-exec-1] - getPartyNote
INFO  2026-04-07 00:28:14.777 i.m.g.m.d.PartyNoteDao:getPartyNote [http-nio-8081-exec-1] - size = 0
INFO  2026-04-07 00:28:14.931 i.m.g.s.NodeService:stream [http-nio-8081-exec-5] - stream default imagePath: /lmm/images/gzoom_logo_login.jpg
INFO  2026-04-07 00:28:14.935 i.m.g.m.d.PartyContentDao:getPartyContent [http-nio-8081-exec-5] - getPartyContent
INFO  2026-04-07 00:28:14.943 i.m.g.m.d.PartyContentDao:getPartyContent [http-nio-8081-exec-5] - size = 0
INFO  2026-04-07 00:28:15.019 i.m.g.m.d.UserPreferenceDaoMB:getUserPreference [http-nio-8081-exec-6] - find userPreference by id
INFO  2026-04-07 00:28:15.023 i.m.g.m.d.UserPreferenceDaoMB:getUserPreference [http-nio-8081-exec-6] - UserPreference = true
INFO  2026-04-07 00:28:15.089 i.m.g.m.d.NoteDataDao:getNoteDataByPrefValue [http-nio-8081-exec-10] - find note data by prefValue
INFO  2026-04-07 00:28:15.091 i.m.g.m.d.NoteDataDao:getNoteDataByPrefValue [http-nio-8081-exec-10] - size = null
INFO  2026-04-07 00:28:22.845 i.m.g.m.d.UserLoginDao:getUserLogin [http-nio-8081-exec-4] - getUserLogin
INFO  2026-04-07 00:28:22.848 i.m.g.m.d.UserLoginDao:getUserLogin [http-nio-8081-exec-4] - size 1
INFO  2026-04-07 00:28:30.510 i.m.g.m.d.UserLoginDao:getUserLogin [http-nio-8081-exec-3] - getUserLogin
INFO  2026-04-07 00:28:30.514 i.m.g.m.d.UserLoginDao:getUserLogin [http-nio-8081-exec-3] - size 1
INFO  2026-04-07 00:28:42.229 i.m.g.m.d.UserLoginDao:getUserLogin [http-nio-8081-exec-9] - getUserLogin
INFO  2026-04-07 00:28:42.231 i.m.g.m.d.UserLoginDao:getUserLogin [http-nio-8081-exec-9] - size 1
INFO  2026-04-07 00:28:42.251 i.m.g.m.d.UserLoginDao:getUserLogin [http-nio-8081-exec-7] - getUserLogin
INFO  2026-04-07 00:28:42.252 i.m.g.m.d.UserLoginDao:getUserLogin [http-nio-8081-exec-7] - size 1
INFO  2026-04-07 00:28:42.338 i.m.g.m.d.UserPreferenceDaoMB:getUserPreference [http-nio-8081-exec-7] - find userPreference by id
INFO  2026-04-07 00:28:42.340 i.m.g.m.d.UserPreferenceDaoMB:getUserPreference [http-nio-8081-exec-7] - UserPreference = true
INFO  2026-04-07 00:28:42.340 i.m.g.s.JwtLoginFilter:successfulAuthentication [http-nio-8081-exec-7] - Successfully authenticated user: developer
INFO  2026-04-07 00:28:42.521 i.m.g.m.d.UserLoginDao:getUserLogin [http-nio-8081-exec-2] - getUserLogin
INFO  2026-04-07 00:28:42.523 i.m.g.m.d.UserLoginDao:getUserLogin [http-nio-8081-exec-2] - size 1
DEBUG 2026-04-07 00:28:42.526 i.m.g.s.JwtTokenFilter:doFilter [http-nio-8081-exec-2] - Token valid for user: developer
INFO  2026-04-07 00:28:42.528 i.m.g.m.d.UserLoginDao:getUserLogin [http-nio-8081-exec-2] - getUserLogin
INFO  2026-04-07 00:28:42.531 i.m.g.m.d.UserLoginDao:getUserLogin [http-nio-8081-exec-2] - size 1
INFO  2026-04-07 00:28:42.532 i.m.g.m.d.UserLoginDao:getUserLogin [http-nio-8081-exec-2] - getUserLogin
INFO  2026-04-07 00:28:42.534 i.m.g.m.d.UserLoginDao:getUserLogin [http-nio-8081-exec-1] - getUserLogin
INFO  2026-04-07 00:28:42.535 i.m.g.m.d.UserLoginDao:getUserLogin [http-nio-8081-exec-8] - getUserLogin
INFO  2026-04-07 00:28:42.537 i.m.g.m.d.UserLoginDao:getUserLogin [http-nio-8081-exec-2] - size 1
INFO  2026-04-07 00:28:42.540 i.m.g.m.d.UserLoginDao:getUserLogin [http-nio-8081-exec-8] - size 1
INFO  2026-04-07 00:28:42.541 i.m.g.m.d.UserLoginDao:getUserLogin [http-nio-8081-exec-1] - size 1
INFO  2026-04-07 00:28:42.542 i.m.g.m.d.UserLoginDao:getUserLogin [http-nio-8081-exec-6] - getUserLogin
DEBUG 2026-04-07 00:28:42.546 i.m.g.s.JwtTokenFilter:doFilter [http-nio-8081-exec-1] - Token valid for user: developer
INFO  2026-04-07 00:28:42.548 i.m.g.m.d.UserCtxPermissionViewDao:selectByUserLoginId [http-nio-8081-exec-1] - get UserCtxPermissionView by userLoginId
INFO  2026-04-07 00:28:42.549 i.m.g.m.d.PartyNoteDao:getPartyNote [http-nio-8081-exec-5] - getPartyNote
INFO  2026-04-07 00:28:42.549 i.m.g.m.d.UserLoginDao:getUserLogin [http-nio-8081-exec-6] - size 1
INFO  2026-04-07 00:28:42.553 i.m.g.m.d.PartyNoteDao:getPartyNote [http-nio-8081-exec-5] - size = 0
DEBUG 2026-04-07 00:28:42.553 i.m.g.s.JwtTokenFilter:doFilter [http-nio-8081-exec-6] - Token valid for user: developer
DEBUG 2026-04-07 00:28:42.553 i.m.g.s.JwtTokenFilter:doFilter [http-nio-8081-exec-8] - Token valid for user: developer
INFO  2026-04-07 00:28:42.556 i.m.g.m.d.SecurityPermissionDao:getPermission [http-nio-8081-exec-8] - getPermission
INFO  2026-04-07 00:28:42.555 i.m.g.m.d.UserPreferenceDaoMB:getUserPreference [http-nio-8081-exec-6] - find userPreference by id
INFO  2026-04-07 00:28:42.565 i.m.g.m.d.UserPreferenceDaoMB:getUserPreference [http-nio-8081-exec-6] - UserPreference = false
INFO  2026-04-07 00:28:42.568 i.m.g.m.d.UserPreferenceDaoMB:getUserPreference [http-nio-8081-exec-6] - find userPreference by id
INFO  2026-04-07 00:28:42.573 i.m.g.m.d.UserPreferenceDaoMB:getUserPreference [http-nio-8081-exec-6] - UserPreference = false
INFO  2026-04-07 00:28:42.592 i.m.g.m.d.SecurityPermissionDao:getPermission [http-nio-8081-exec-8] - size = 107
INFO  2026-04-07 00:28:42.598 i.m.g.s.MenuService:getMenu [http-nio-8081-exec-8] - mappa2 {TYPESATTACHMENTSOBJECTIVESCTXWE=[ADMIN], REPORTPRINTCTXOR=[ADMIN], UOMTYPE=[ADMIN], REPORTPRINTCTXPA=[ADMIN], ANALYSISCTXBS=[ADMIN], SECURITYGROUPSCTXBA=[ADMIN], ANALYSISTYPECTXEP=[ADMIN], QUERYCONFIGCTXBSU=[ADMIN], APPROVALPATHSCTXBA=[ADMIN], REPORTPRINTCTXGD=[ADMIN], CONSULTINGLOGCTXBA=[ADMIN], QUERYCONFIGCTXGDU=[ADMIN], NOTESOBJECTIVESCTXWE=[ADMIN], WORKEFFORTCTXWE=[ADMIN], QUERYCONFIGCTXBSE=[ADMIN], QUERYCONFIGURATIONCTXWE=[ADMIN], ECONOMICINDICATORSCTXAC=[ADMIN], ANALYSISTYPECTXWE=[ADMIN], ANALYSISCTXRE=[ADMIN], QUERYCONFIGCTXEPU=[ADMIN], QUERYCONFIGCTXGDE=[ADMIN], SUBSYSTEMTYPESCTXBA=[ADMIN], PURPOSECTXAC=[ADMIN], ANALYSISCTXDI=[ADMIN], RELATIONSHIPSOBJECTIVESCTXWE=[ADMIN], EXTRAACCOUNTINGUNITTYPESCTXAC=[ADMIN], ANALYSISTYPECTXOR=[ADMIN], FINANCIALINDICATORSCTXAC=[ADMIN], QUERYCONFIGCTXPAE=[ADMIN], QUERYCONFIGCTXREE=[ADMIN], SUBJECTSOBJECTIVESCTXWE=[ADMIN], QUERYCONFIGCTXCGU=[ADMIN], REPORTPRINTCTXEP=[ADMIN], QUERYCONFIGCTXDIU=[ADMIN], QUERYCONFIGCTXPYU=[ADMIN], QUERYCONFIGCTXCOU=[ADMIN], EXTRACTQUERYCONFIGURATIONCTXWE=[ADMIN], CUSTOM=[ADMIN], QUERYCONFIGCTXACE=[ADMIN], ANALYSISCTXTR=[ADMIN], RESERVEDINDICATORMOVEMENTSCTXAC=[ADMIN], QUERYCONFIGCTXCGE=[ADMIN], QUERYCONFIGCTXDIE=[ADMIN], ANALYSISTYPECTXGD=[ADMIN], QUERYCONFIGCTXPYE=[ADMIN], ANALYSISTYPECTXPR=[ADMIN], QUERYCONFIGCTXCOE=[ADMIN], REPORTPRINTCTXDI=[ADMIN], FINANCIALACCOUNTINGUNITTYPESCTXAC=[ADMIN], ANALYSISCTXCO=[ADMIN], MEASURESOBJECTIVESCTXWE=[ADMIN], ANALYSISTYPECTXPA=[ADMIN], REPORTPRINTCTXTR=[ADMIN], TYPOLOGIESROLESSUBJECTSCTXPY=[ADMIN], SCHEDULERCTXBA=[ADMIN], ANALYSISCTXCG=[ADMIN], OBJECTIVECODESCTXWE=[ADMIN], QUERYCONFIGCTXCAU=[ADMIN], CALCULATIONFORMULASCTXAC=[ADMIN], REPORTPRINTCTXCG=[ADMIN], FINANCIALINDICATORMOVEMENTSCTXAC=[ADMIN], REPORTPRINTCTXCO=[ADMIN], ECONOMICSPOSITIONSCTXPY=[ADMIN], TYPESRELATIONSHIPSBETWEENSUBJECTSCTXPY=[ADMIN], QUERYCONFIGCTXTRU=[ADMIN], ANALYSISCTXEP=[ADMIN], PERIODSCTXAC=[ADMIN], QUERYCONFIGCTXPRU=[ADMIN], REPORTPRINTCTXBS=[ADMIN], ECONPATRACCOUNTINGUNITTYPESCTXAC=[ADMIN], ECONOMICINDICATORMOVEMENTSCTXAC=[ADMIN], REPORTPRINTCTXRE=[ADMIN], QUERYCONFIGCTXTRE=[ADMIN], ANALYSISTYPECTXRE=[ADMIN], QUERYCONFIGCTXPAU=[ADMIN], QUERYCONFIGCTXPRE=[ADMIN], QUERYCONFIGCTXREU=[ADMIN], QUERYCONFIGCTXEPE=[ADMIN], RANGESOFVALUESCTXAC=[ADMIN], QUERYCONFIG=[ADMIN], TIMESHEETCTXPR=[ADMIN], ANALYSISTYPECTXCG=[ADMIN], TIMESHEET=[ADMIN], TYPOLOGYRELATIONSHIPSOBJECTIVESCTXWE=[ADMIN], ANALYSISTYPECTXCO=[ADMIN], ANALYSISTYPECTXBS=[ADMIN], QUERYCONFIGCTXBAE=[ADMIN], SUBSYSTEMCTXBA=[ADMIN], REQUESTFROMINTERESTEDPARTIESCTXGD=[ADMIN], ANALYSISCTXPR=[ADMIN], DETECTIONTYPECTXAC=[ADMIN], INDICATORSCTXAC=[ADMIN], INDICATORMOVEMENTSCTXAC=[ADMIN], ANALYSISTYPECTXDI=[ADMIN], REPORTPRINTCTXPR=[ADMIN], QUERYCONFIGCTXORU=[ADMIN], TIMESHEETCTXOR=[ADMIN], ANALYSISCTXPA=[ADMIN], ATTACHMENTSOBJECTIVESCTXWE=[ADMIN], UOM=[ADMIN], INTERFACCIAMENTODATI=[ADMIN], TIPOLOGIEPERIODICTXAC=[ADMIN], QUERYCONFIGCTXORE=[ADMIN], RESERVEDINDICATORSCTXAC=[ADMIN], NATUREUNITCONTEXTRCTXAC=[ADMIN], ANALYSISTYPECTXTR=[ADMIN], ANALYSISCTXOR=[ADMIN]}
INFO  2026-04-07 00:28:42.598 i.m.g.m.d.UserCtxPermissionViewDao:selectByUserLoginId [http-nio-8081-exec-1] - size = 4
INFO  2026-04-07 00:28:42.598 i.m.g.m.d.ContentAndAttributesDao:getValidMenu [http-nio-8081-exec-8] - getValidMenu
INFO  2026-04-07 00:28:42.670 i.m.g.m.d.ContentAndAttributesDao:getValidMenu [http-nio-8081-exec-8] - size = 102
INFO  2026-04-07 00:28:42.670 i.m.g.m.d.ContentAndAttributesDao:getFolderMenu [http-nio-8081-exec-8] - getFolderMenu
INFO  2026-04-07 00:28:42.704 i.m.g.m.d.ContentAndAttributesDao:getFolderMenu [http-nio-8081-exec-8] - size = 66
INFO  2026-04-07 00:28:42.909 i.m.g.m.d.UserLoginDao:getUserLogin [http-nio-8081-exec-9] - getUserLogin
INFO  2026-04-07 00:28:42.911 i.m.g.m.d.UserLoginDao:getUserLogin [http-nio-8081-exec-9] - size 1
DEBUG 2026-04-07 00:28:42.912 i.m.g.s.JwtTokenFilter:doFilter [http-nio-8081-exec-9] - Token valid for user: developer
INFO  2026-04-07 00:28:42.934 i.m.g.m.d.UserLoginDao:getUserLogin [http-nio-8081-exec-5] - getUserLogin
INFO  2026-04-07 00:28:42.936 i.m.g.m.d.UserLoginDao:getUserLogin [http-nio-8081-exec-6] - getUserLogin
INFO  2026-04-07 00:28:42.938 i.m.g.m.d.UserLoginDao:getUserLogin [http-nio-8081-exec-5] - size 1
DEBUG 2026-04-07 00:28:42.939 i.m.g.s.JwtTokenFilter:doFilter [http-nio-8081-exec-5] - Token valid for user: developer
INFO  2026-04-07 00:28:42.940 i.m.g.m.d.UserLoginSecurityGroupDao:getDefaultPortalPage [http-nio-8081-exec-5] - getDefaultPortalPage
INFO  2026-04-07 00:28:42.943 i.m.g.m.d.UserLoginSecurityGroupDao:getDefaultPortalPage [http-nio-8081-exec-5] - size 0
INFO  2026-04-07 00:28:42.948 i.m.g.m.d.UserLoginDao:getUserLogin [http-nio-8081-exec-2] - getUserLogin
INFO  2026-04-07 00:28:42.950 i.m.g.m.d.UserLoginDao:getUserLogin [http-nio-8081-exec-6] - size 1
DEBUG 2026-04-07 00:28:42.952 i.m.g.s.JwtTokenFilter:doFilter [http-nio-8081-exec-6] - Token valid for user: developer
INFO  2026-04-07 00:28:42.953 i.m.g.m.d.UserLoginDao:getUserLogin [http-nio-8081-exec-2] - size 1
DEBUG 2026-04-07 00:28:42.954 i.m.g.s.JwtTokenFilter:doFilter [http-nio-8081-exec-2] - Token valid for user: developer
INFO  2026-04-07 00:28:43.121 i.m.g.m.d.UserLoginDao:getUserLogin [http-nio-8081-exec-10] - getUserLogin
INFO  2026-04-07 00:28:43.127 i.m.g.m.d.UserLoginDao:getUserLogin [http-nio-8081-exec-4] - getUserLogin
INFO  2026-04-07 00:28:43.133 i.m.g.m.d.UserLoginDao:getUserLogin [http-nio-8081-exec-10] - size 1
DEBUG 2026-04-07 00:28:43.139 i.m.g.s.JwtTokenFilter:doFilter [http-nio-8081-exec-10] - Token valid for user: developer
INFO  2026-04-07 00:28:43.140 i.m.g.m.d.UserLoginDao:getUserLogin [http-nio-8081-exec-8] - getUserLogin
INFO  2026-04-07 00:28:43.142 i.m.g.m.d.UserLoginDao:getUserLogin [http-nio-8081-exec-4] - size 1
INFO  2026-04-07 00:28:43.146 i.m.g.m.d.UserLoginDao:getUserLogin [http-nio-8081-exec-9] - getUserLogin
INFO  2026-04-07 00:28:43.148 i.m.g.m.d.UserLoginDao:getUserLogin [http-nio-8081-exec-8] - size 1
DEBUG 2026-04-07 00:28:43.151 i.m.g.s.JwtTokenFilter:doFilter [http-nio-8081-exec-8] - Token valid for user: developer
INFO  2026-04-07 00:28:43.150 i.m.g.u.Manifests:getProductInfo [http-nio-8081-exec-5] - getProductInfo2.5.0rc1
DEBUG 2026-04-07 00:28:43.155 i.m.g.s.JwtTokenFilter:doFilter [http-nio-8081-exec-4] - Token valid for user: developer
ERROR 2026-04-07 00:28:43.157 i.m.g.u.Manifests:initProductDate [http-nio-8081-exec-5] - Invalid product date format in MANIFEST.MF
INFO  2026-04-07 00:28:43.157 i.m.g.u.Manifests:getProductInfo [http-nio-8081-exec-5] - getProductInfoTue Apr 07 00:28:43 CEST 2026
INFO  2026-04-07 00:28:43.160 i.m.g.m.d.UserLoginValidPartyRoleDao:getUserLoginValidPartyRoleList [http-nio-8081-exec-8] - getUserLoginValidPartyRoleList
INFO  2026-04-07 00:28:43.164 i.m.g.m.d.UserPreferenceDaoMB:getUserPreference [http-nio-8081-exec-10] - find userPreference by id
INFO  2026-04-07 00:28:43.169 i.m.g.m.d.UserPreferenceDaoMB:getUserPreference [http-nio-8081-exec-10] - UserPreference = true
INFO  2026-04-07 00:28:43.175 i.m.g.m.d.UserLoginValidPartyRoleDao:getUserLoginValidPartyRoleList [http-nio-8081-exec-8] - size 0
INFO  2026-04-07 00:28:43.176 i.m.g.m.d.UserLoginDao:getUserLogin [http-nio-8081-exec-9] - size 1
INFO  2026-04-07 00:28:43.184 i.m.g.m.d.UserPreferenceDaoMB:getUserPreference [http-nio-8081-exec-10] - find userPreference by id
DEBUG 2026-04-07 00:28:43.182 i.m.g.s.JwtTokenFilter:doFilter [http-nio-8081-exec-9] - Token valid for user: developer
INFO  2026-04-07 00:28:43.187 i.m.g.m.d.UserPreferenceDaoMB:getUserPreference [http-nio-8081-exec-10] - UserPreference = false
INFO  2026-04-07 00:28:43.189 i.m.g.m.d.UserLoginDao:getUserLogin [http-nio-8081-exec-9] - getUserLogin
INFO  2026-04-07 00:28:43.201 i.m.g.m.d.UserLoginDao:getUserLogin [http-nio-8081-exec-9] - size 1
INFO  2026-04-07 00:28:43.230 i.m.g.m.d.UserLoginDao:getUserLogin [http-nio-8081-exec-2] - getUserLogin
INFO  2026-04-07 00:28:43.232 i.m.g.m.d.UserLoginDao:getUserLogin [http-nio-8081-exec-2] - size 1
DEBUG 2026-04-07 00:28:43.234 i.m.g.s.JwtTokenFilter:doFilter [http-nio-8081-exec-2] - Token valid for user: developer
INFO  2026-04-07 00:30:13.125 i.m.g.m.d.UserLoginDao:getUserLogin [http-nio-8081-exec-3] - getUserLogin
INFO  2026-04-07 00:30:13.131 i.m.g.m.d.UserLoginDao:getUserLogin [http-nio-8081-exec-3] - size 1
DEBUG 2026-04-07 00:30:13.133 i.m.g.s.JwtTokenFilter:doFilter [http-nio-8081-exec-3] - Token valid for user: developer
INFO  2026-04-07 00:30:13.135 i.m.g.m.d.UserLoginDao:getUserLogin [http-nio-8081-exec-3] - getUserLogin
INFO  2026-04-07 00:30:13.139 i.m.g.m.d.UserLoginDao:getUserLogin [http-nio-8081-exec-3] - size 1
INFO  2026-04-07 00:32:42.982 i.m.g.s.JwtLogoutFilter:doFilter [http-nio-8081-exec-4] - Logged out user: developer
ERROR 2026-04-07 00:32:43.175 i.m.g.s.c.AuthController:getLoginMethod [http-nio-8081-exec-5] - no oneLoginSSOEnabledPropertyName and keycloakLoginEnabledPropertyName configuration found
INFO  2026-04-07 00:32:43.255 i.m.g.m.d.PartyNoteDao:getPartyNote [http-nio-8081-exec-10] - getPartyNote
INFO  2026-04-07 00:32:43.258 i.m.g.m.d.PartyNoteDao:getPartyNote [http-nio-8081-exec-10] - size = 0
INFO  2026-04-07 00:32:43.334 i.m.g.m.d.PartyNoteDao:getPartyNote [http-nio-8081-exec-9] - getPartyNote
INFO  2026-04-07 00:32:43.336 i.m.g.m.d.PartyNoteDao:getPartyNote [http-nio-8081-exec-9] - size = 0
INFO  2026-04-07 00:32:43.396 i.m.g.m.d.PartyNoteDao:getPartyNote [http-nio-8081-exec-7] - getPartyNote
INFO  2026-04-07 00:32:43.398 i.m.g.m.d.PartyNoteDao:getPartyNote [http-nio-8081-exec-7] - size = 0
INFO  2026-04-07 00:32:43.613 i.m.g.m.d.UserPreferenceDaoMB:getUserPreference [http-nio-8081-exec-6] - find userPreference by id
INFO  2026-04-07 00:32:43.614 i.m.g.m.d.UserPreferenceDaoMB:getUserPreference [http-nio-8081-exec-6] - UserPreference = true
INFO  2026-04-07 00:32:43.693 i.m.g.m.d.NoteDataDao:getNoteDataByPrefValue [http-nio-8081-exec-3] - find note data by prefValue
INFO  2026-04-07 00:32:43.695 i.m.g.m.d.NoteDataDao:getNoteDataByPrefValue [http-nio-8081-exec-3] - size = null
INFO  2026-04-07 00:32:53.028 i.m.g.m.d.UserLoginDao:getUserLogin [http-nio-8081-exec-4] - getUserLogin
INFO  2026-04-07 00:32:53.034 i.m.g.m.d.UserLoginDao:getUserLogin [http-nio-8081-exec-4] - size 1
INFO  2026-04-07 00:32:53.088 i.m.g.m.d.UserLoginDao:getUserLogin [http-nio-8081-exec-5] - getUserLogin
INFO  2026-04-07 00:32:53.090 i.m.g.m.d.UserLoginDao:getUserLogin [http-nio-8081-exec-5] - size 1
INFO  2026-04-07 00:32:53.197 i.m.g.m.d.UserPreferenceDaoMB:getUserPreference [http-nio-8081-exec-5] - find userPreference by id
INFO  2026-04-07 00:32:53.198 i.m.g.m.d.UserPreferenceDaoMB:getUserPreference [http-nio-8081-exec-5] - UserPreference = true
INFO  2026-04-07 00:32:53.198 i.m.g.s.JwtLoginFilter:successfulAuthentication [http-nio-8081-exec-5] - Successfully authenticated user: developer
INFO  2026-04-07 00:32:53.235 i.m.g.m.d.UserLoginDao:getUserLogin [http-nio-8081-exec-8] - getUserLogin
INFO  2026-04-07 00:32:53.237 i.m.g.m.d.UserLoginDao:getUserLogin [http-nio-8081-exec-8] - size 1
DEBUG 2026-04-07 00:32:53.239 i.m.g.s.JwtTokenFilter:doFilter [http-nio-8081-exec-8] - Token valid for user: developer
INFO  2026-04-07 00:32:53.240 i.m.g.m.d.UserCtxPermissionViewDao:selectByUserLoginId [http-nio-8081-exec-8] - get UserCtxPermissionView by userLoginId
INFO  2026-04-07 00:32:53.247 i.m.g.m.d.UserCtxPermissionViewDao:selectByUserLoginId [http-nio-8081-exec-8] - size = 4
INFO  2026-04-07 00:32:53.252 i.m.g.m.d.UserLoginDao:getUserLogin [http-nio-8081-exec-10] - getUserLogin
INFO  2026-04-07 00:32:53.257 i.m.g.m.d.UserLoginDao:getUserLogin [http-nio-8081-exec-10] - size 1
INFO  2026-04-07 00:32:53.257 i.m.g.m.d.UserLoginDao:getUserLogin [http-nio-8081-exec-9] - getUserLogin
DEBUG 2026-04-07 00:32:53.262 i.m.g.s.JwtTokenFilter:doFilter [http-nio-8081-exec-10] - Token valid for user: developer
INFO  2026-04-07 00:32:53.265 i.m.g.m.d.PartyNoteDao:getPartyNote [http-nio-8081-exec-7] - getPartyNote
INFO  2026-04-07 00:32:53.267 i.m.g.m.d.PartyNoteDao:getPartyNote [http-nio-8081-exec-7] - size = 0
INFO  2026-04-07 00:32:53.272 i.m.g.m.d.UserLoginDao:getUserLogin [http-nio-8081-exec-10] - getUserLogin
INFO  2026-04-07 00:32:53.274 i.m.g.m.d.UserLoginDao:getUserLogin [http-nio-8081-exec-9] - size 1
INFO  2026-04-07 00:32:53.274 i.m.g.m.d.UserLoginDao:getUserLogin [http-nio-8081-exec-10] - size 1
DEBUG 2026-04-07 00:32:53.276 i.m.g.s.JwtTokenFilter:doFilter [http-nio-8081-exec-9] - Token valid for user: developer
INFO  2026-04-07 00:32:53.277 i.m.g.m.d.UserLoginDao:getUserLogin [http-nio-8081-exec-1] - getUserLogin
INFO  2026-04-07 00:32:53.277 i.m.g.m.d.UserLoginDao:getUserLogin [http-nio-8081-exec-10] - getUserLogin
INFO  2026-04-07 00:32:53.280 i.m.g.m.d.SecurityPermissionDao:getPermission [http-nio-8081-exec-9] - getPermission
INFO  2026-04-07 00:32:53.284 i.m.g.m.d.UserLoginDao:getUserLogin [http-nio-8081-exec-1] - size 1
INFO  2026-04-07 00:32:53.284 i.m.g.m.d.UserLoginDao:getUserLogin [http-nio-8081-exec-10] - size 1
DEBUG 2026-04-07 00:32:53.285 i.m.g.s.JwtTokenFilter:doFilter [http-nio-8081-exec-1] - Token valid for user: developer
INFO  2026-04-07 00:32:53.287 i.m.g.m.d.UserPreferenceDaoMB:getUserPreference [http-nio-8081-exec-1] - find userPreference by id
INFO  2026-04-07 00:32:53.288 i.m.g.m.d.UserPreferenceDaoMB:getUserPreference [http-nio-8081-exec-1] - UserPreference = false
INFO  2026-04-07 00:32:53.289 i.m.g.m.d.UserPreferenceDaoMB:getUserPreference [http-nio-8081-exec-1] - find userPreference by id
INFO  2026-04-07 00:32:53.293 i.m.g.m.d.SecurityPermissionDao:getPermission [http-nio-8081-exec-9] - size = 107
INFO  2026-04-07 00:32:53.293 i.m.g.m.d.UserPreferenceDaoMB:getUserPreference [http-nio-8081-exec-1] - UserPreference = false
INFO  2026-04-07 00:32:53.303 i.m.g.s.MenuService:getMenu [http-nio-8081-exec-9] - mappa2 {TYPESATTACHMENTSOBJECTIVESCTXWE=[ADMIN], REPORTPRINTCTXOR=[ADMIN], UOMTYPE=[ADMIN], REPORTPRINTCTXPA=[ADMIN], ANALYSISCTXBS=[ADMIN], SECURITYGROUPSCTXBA=[ADMIN], ANALYSISTYPECTXEP=[ADMIN], QUERYCONFIGCTXBSU=[ADMIN], APPROVALPATHSCTXBA=[ADMIN], REPORTPRINTCTXGD=[ADMIN], CONSULTINGLOGCTXBA=[ADMIN], QUERYCONFIGCTXGDU=[ADMIN], NOTESOBJECTIVESCTXWE=[ADMIN], WORKEFFORTCTXWE=[ADMIN], QUERYCONFIGCTXBSE=[ADMIN], QUERYCONFIGURATIONCTXWE=[ADMIN], ECONOMICINDICATORSCTXAC=[ADMIN], ANALYSISTYPECTXWE=[ADMIN], ANALYSISCTXRE=[ADMIN], QUERYCONFIGCTXEPU=[ADMIN], QUERYCONFIGCTXGDE=[ADMIN], SUBSYSTEMTYPESCTXBA=[ADMIN], PURPOSECTXAC=[ADMIN], ANALYSISCTXDI=[ADMIN], RELATIONSHIPSOBJECTIVESCTXWE=[ADMIN], EXTRAACCOUNTINGUNITTYPESCTXAC=[ADMIN], ANALYSISTYPECTXOR=[ADMIN], FINANCIALINDICATORSCTXAC=[ADMIN], QUERYCONFIGCTXPAE=[ADMIN], QUERYCONFIGCTXREE=[ADMIN], SUBJECTSOBJECTIVESCTXWE=[ADMIN], QUERYCONFIGCTXCGU=[ADMIN], REPORTPRINTCTXEP=[ADMIN], QUERYCONFIGCTXDIU=[ADMIN], QUERYCONFIGCTXPYU=[ADMIN], QUERYCONFIGCTXCOU=[ADMIN], EXTRACTQUERYCONFIGURATIONCTXWE=[ADMIN], CUSTOM=[ADMIN], QUERYCONFIGCTXACE=[ADMIN], ANALYSISCTXTR=[ADMIN], RESERVEDINDICATORMOVEMENTSCTXAC=[ADMIN], QUERYCONFIGCTXCGE=[ADMIN], QUERYCONFIGCTXDIE=[ADMIN], ANALYSISTYPECTXGD=[ADMIN], QUERYCONFIGCTXPYE=[ADMIN], ANALYSISTYPECTXPR=[ADMIN], QUERYCONFIGCTXCOE=[ADMIN], REPORTPRINTCTXDI=[ADMIN], FINANCIALACCOUNTINGUNITTYPESCTXAC=[ADMIN], ANALYSISCTXCO=[ADMIN], MEASURESOBJECTIVESCTXWE=[ADMIN], ANALYSISTYPECTXPA=[ADMIN], REPORTPRINTCTXTR=[ADMIN], TYPOLOGIESROLESSUBJECTSCTXPY=[ADMIN], SCHEDULERCTXBA=[ADMIN], ANALYSISCTXCG=[ADMIN], OBJECTIVECODESCTXWE=[ADMIN], QUERYCONFIGCTXCAU=[ADMIN], CALCULATIONFORMULASCTXAC=[ADMIN], REPORTPRINTCTXCG=[ADMIN], FINANCIALINDICATORMOVEMENTSCTXAC=[ADMIN], REPORTPRINTCTXCO=[ADMIN], ECONOMICSPOSITIONSCTXPY=[ADMIN], TYPESRELATIONSHIPSBETWEENSUBJECTSCTXPY=[ADMIN], QUERYCONFIGCTXTRU=[ADMIN], ANALYSISCTXEP=[ADMIN], PERIODSCTXAC=[ADMIN], QUERYCONFIGCTXPRU=[ADMIN], REPORTPRINTCTXBS=[ADMIN], ECONPATRACCOUNTINGUNITTYPESCTXAC=[ADMIN], ECONOMICINDICATORMOVEMENTSCTXAC=[ADMIN], REPORTPRINTCTXRE=[ADMIN], QUERYCONFIGCTXTRE=[ADMIN], ANALYSISTYPECTXRE=[ADMIN], QUERYCONFIGCTXPAU=[ADMIN], QUERYCONFIGCTXPRE=[ADMIN], QUERYCONFIGCTXREU=[ADMIN], QUERYCONFIGCTXEPE=[ADMIN], RANGESOFVALUESCTXAC=[ADMIN], QUERYCONFIG=[ADMIN], TIMESHEETCTXPR=[ADMIN], ANALYSISTYPECTXCG=[ADMIN], TIMESHEET=[ADMIN], TYPOLOGYRELATIONSHIPSOBJECTIVESCTXWE=[ADMIN], ANALYSISTYPECTXCO=[ADMIN], ANALYSISTYPECTXBS=[ADMIN], QUERYCONFIGCTXBAE=[ADMIN], SUBSYSTEMCTXBA=[ADMIN], REQUESTFROMINTERESTEDPARTIESCTXGD=[ADMIN], ANALYSISCTXPR=[ADMIN], DETECTIONTYPECTXAC=[ADMIN], INDICATORSCTXAC=[ADMIN], INDICATORMOVEMENTSCTXAC=[ADMIN], ANALYSISTYPECTXDI=[ADMIN], REPORTPRINTCTXPR=[ADMIN], QUERYCONFIGCTXORU=[ADMIN], TIMESHEETCTXOR=[ADMIN], ANALYSISCTXPA=[ADMIN], ATTACHMENTSOBJECTIVESCTXWE=[ADMIN], UOM=[ADMIN], INTERFACCIAMENTODATI=[ADMIN], TIPOLOGIEPERIODICTXAC=[ADMIN], QUERYCONFIGCTXORE=[ADMIN], RESERVEDINDICATORSCTXAC=[ADMIN], NATUREUNITCONTEXTRCTXAC=[ADMIN], ANALYSISTYPECTXTR=[ADMIN], ANALYSISCTXOR=[ADMIN]}
INFO  2026-04-07 00:32:53.303 i.m.g.m.d.ContentAndAttributesDao:getValidMenu [http-nio-8081-exec-9] - getValidMenu
INFO  2026-04-07 00:32:53.384 i.m.g.m.d.ContentAndAttributesDao:getValidMenu [http-nio-8081-exec-9] - size = 102
INFO  2026-04-07 00:32:53.384 i.m.g.m.d.ContentAndAttributesDao:getFolderMenu [http-nio-8081-exec-9] - getFolderMenu
INFO  2026-04-07 00:32:53.427 i.m.g.m.d.ContentAndAttributesDao:getFolderMenu [http-nio-8081-exec-9] - size = 66
INFO  2026-04-07 00:32:53.584 i.m.g.m.d.UserLoginDao:getUserLogin [http-nio-8081-exec-4] - getUserLogin
INFO  2026-04-07 00:32:53.587 i.m.g.m.d.UserLoginDao:getUserLogin [http-nio-8081-exec-4] - size 1
DEBUG 2026-04-07 00:32:53.588 i.m.g.s.JwtTokenFilter:doFilter [http-nio-8081-exec-4] - Token valid for user: developer
INFO  2026-04-07 00:32:53.590 i.m.g.m.d.UserLoginDao:getUserLogin [http-nio-8081-exec-7] - getUserLogin
INFO  2026-04-07 00:32:53.598 i.m.g.m.d.UserLoginDao:getUserLogin [http-nio-8081-exec-7] - size 1
DEBUG 2026-04-07 00:32:53.601 i.m.g.s.JwtTokenFilter:doFilter [http-nio-8081-exec-7] - Token valid for user: developer
INFO  2026-04-07 00:32:53.604 i.m.g.m.d.UserLoginDao:getUserLogin [http-nio-8081-exec-4] - getUserLogin
INFO  2026-04-07 00:32:53.589 i.m.g.m.d.UserLoginDao:getUserLogin [http-nio-8081-exec-8] - getUserLogin
INFO  2026-04-07 00:32:53.609 i.m.g.m.d.UserLoginDao:getUserLogin [http-nio-8081-exec-4] - size 1
DEBUG 2026-04-07 00:32:53.610 i.m.g.s.JwtTokenFilter:doFilter [http-nio-8081-exec-4] - Token valid for user: developer
INFO  2026-04-07 00:32:53.614 i.m.g.m.d.UserLoginDao:getUserLogin [http-nio-8081-exec-8] - size 1
DEBUG 2026-04-07 00:32:53.634 i.m.g.s.JwtTokenFilter:doFilter [http-nio-8081-exec-8] - Token valid for user: developer
INFO  2026-04-07 00:32:53.636 i.m.g.m.d.UserLoginSecurityGroupDao:getDefaultPortalPage [http-nio-8081-exec-8] - getDefaultPortalPage
INFO  2026-04-07 00:32:53.640 i.m.g.m.d.UserLoginSecurityGroupDao:getDefaultPortalPage [http-nio-8081-exec-8] - size 0
INFO  2026-04-07 00:32:53.772 i.m.g.m.d.UserLoginDao:getUserLogin [http-nio-8081-exec-6] - getUserLogin
INFO  2026-04-07 00:32:53.773 i.m.g.m.d.UserLoginDao:getUserLogin [http-nio-8081-exec-2] - getUserLogin
INFO  2026-04-07 00:32:53.777 i.m.g.m.d.UserLoginDao:getUserLogin [http-nio-8081-exec-6] - size 1
INFO  2026-04-07 00:32:53.782 i.m.g.m.d.UserLoginDao:getUserLogin [http-nio-8081-exec-2] - size 1
DEBUG 2026-04-07 00:32:53.788 i.m.g.s.JwtTokenFilter:doFilter [http-nio-8081-exec-2] - Token valid for user: developer
INFO  2026-04-07 00:32:53.790 i.m.g.m.d.UserPreferenceDaoMB:getUserPreference [http-nio-8081-exec-2] - find userPreference by id
DEBUG 2026-04-07 00:32:53.792 i.m.g.s.JwtTokenFilter:doFilter [http-nio-8081-exec-6] - Token valid for user: developer
INFO  2026-04-07 00:32:53.798 i.m.g.m.d.UserPreferenceDaoMB:getUserPreference [http-nio-8081-exec-2] - UserPreference = true
INFO  2026-04-07 00:32:53.802 i.m.g.m.d.UserPreferenceDaoMB:getUserPreference [http-nio-8081-exec-2] - find userPreference by id
INFO  2026-04-07 00:32:53.804 i.m.g.m.d.UserLoginDao:getUserLogin [http-nio-8081-exec-3] - getUserLogin
INFO  2026-04-07 00:32:53.807 i.m.g.m.d.UserLoginDao:getUserLogin [http-nio-8081-exec-9] - getUserLogin
INFO  2026-04-07 00:32:53.808 i.m.g.m.d.UserPreferenceDaoMB:getUserPreference [http-nio-8081-exec-2] - UserPreference = false
INFO  2026-04-07 00:32:53.824 i.m.g.m.d.UserLoginDao:getUserLogin [http-nio-8081-exec-9] - size 1
DEBUG 2026-04-07 00:32:53.826 i.m.g.s.JwtTokenFilter:doFilter [http-nio-8081-exec-9] - Token valid for user: developer
INFO  2026-04-07 00:32:53.828 i.m.g.m.d.UserLoginDao:getUserLogin [http-nio-8081-exec-9] - getUserLogin
INFO  2026-04-07 00:32:53.831 i.m.g.m.d.UserLoginDao:getUserLogin [http-nio-8081-exec-3] - size 1
INFO  2026-04-07 00:32:53.838 i.m.g.m.d.UserLoginDao:getUserLogin [http-nio-8081-exec-9] - size 1
INFO  2026-04-07 00:32:53.838 i.m.g.u.Manifests:getProductInfo [http-nio-8081-exec-7] - getProductInfo2.5.0rc1
DEBUG 2026-04-07 00:32:53.839 i.m.g.s.JwtTokenFilter:doFilter [http-nio-8081-exec-3] - Token valid for user: developer
INFO  2026-04-07 00:32:53.854 i.m.g.m.d.UserLoginValidPartyRoleDao:getUserLoginValidPartyRoleList [http-nio-8081-exec-3] - getUserLoginValidPartyRoleList
ERROR 2026-04-07 00:32:53.855 i.m.g.u.Manifests:initProductDate [http-nio-8081-exec-7] - Invalid product date format in MANIFEST.MF
INFO  2026-04-07 00:32:53.858 i.m.g.u.Manifests:getProductInfo [http-nio-8081-exec-7] - getProductInfoTue Apr 07 00:32:53 CEST 2026
INFO  2026-04-07 00:32:53.867 i.m.g.m.d.UserLoginValidPartyRoleDao:getUserLoginValidPartyRoleList [http-nio-8081-exec-3] - size 0
INFO  2026-04-07 00:32:53.857 i.m.g.m.d.UserLoginDao:getUserLogin [http-nio-8081-exec-2] - getUserLogin
INFO  2026-04-07 00:32:53.889 i.m.g.m.d.UserLoginDao:getUserLogin [http-nio-8081-exec-2] - size 1
DEBUG 2026-04-07 00:32:53.890 i.m.g.s.JwtTokenFilter:doFilter [http-nio-8081-exec-2] - Token valid for user: developer
ERROR 2026-04-07 00:35:53.079 i.m.g.s.c.AuthController:getLoginMethod [http-nio-8081-exec-1] - no oneLoginSSOEnabledPropertyName and keycloakLoginEnabledPropertyName configuration found
INFO  2026-04-07 00:35:53.117 i.m.g.m.d.UserLoginDao:getUserLogin [http-nio-8081-exec-6] - getUserLogin
INFO  2026-04-07 00:35:53.128 i.m.g.m.d.UserLoginDao:getUserLogin [http-nio-8081-exec-6] - size 1
DEBUG 2026-04-07 00:35:53.129 i.m.g.s.JwtTokenFilter:doFilter [http-nio-8081-exec-6] - Token valid for user: developer
INFO  2026-04-07 00:35:53.138 i.m.g.m.d.UserLoginDao:getUserLogin [http-nio-8081-exec-6] - getUserLogin
INFO  2026-04-07 00:35:53.146 i.m.g.m.d.UserLoginDao:getUserLogin [http-nio-8081-exec-6] - size 1
INFO  2026-04-07 00:35:53.148 i.m.g.m.d.UserLoginDao:getUserLogin [http-nio-8081-exec-6] - getUserLogin
INFO  2026-04-07 00:35:53.150 i.m.g.m.d.UserLoginDao:getUserLogin [http-nio-8081-exec-6] - size 1
INFO  2026-04-07 00:35:53.804 i.m.g.m.d.UserLoginDao:getUserLogin [http-nio-8081-exec-7] - getUserLogin
INFO  2026-04-07 00:35:53.809 i.m.g.m.d.UserLoginDao:getUserLogin [http-nio-8081-exec-7] - size 1
DEBUG 2026-04-07 00:35:53.810 i.m.g.s.JwtTokenFilter:doFilter [http-nio-8081-exec-7] - Token valid for user: developer
INFO  2026-04-07 00:35:53.813 i.m.g.m.d.UserCtxPermissionViewDao:selectByUserLoginId [http-nio-8081-exec-7] - get UserCtxPermissionView by userLoginId
INFO  2026-04-07 00:35:53.821 i.m.g.m.d.UserCtxPermissionViewDao:selectByUserLoginId [http-nio-8081-exec-7] - size = 4
INFO  2026-04-07 00:35:53.833 i.m.g.m.d.UserLoginDao:getUserLogin [http-nio-8081-exec-3] - getUserLogin
INFO  2026-04-07 00:35:53.835 i.m.g.m.d.UserLoginDao:getUserLogin [http-nio-8081-exec-10] - getUserLogin
INFO  2026-04-07 00:35:53.842 i.m.g.m.d.UserLoginDao:getUserLogin [http-nio-8081-exec-3] - size 1
DEBUG 2026-04-07 00:35:53.843 i.m.g.s.JwtTokenFilter:doFilter [http-nio-8081-exec-3] - Token valid for user: developer
INFO  2026-04-07 00:35:53.846 i.m.g.m.d.SecurityPermissionDao:getPermission [http-nio-8081-exec-3] - getPermission
INFO  2026-04-07 00:35:53.848 i.m.g.m.d.UserLoginDao:getUserLogin [http-nio-8081-exec-8] - getUserLogin
INFO  2026-04-07 00:35:53.849 i.m.g.m.d.UserLoginDao:getUserLogin [http-nio-8081-exec-10] - size 1
DEBUG 2026-04-07 00:35:53.849 i.m.g.s.JwtTokenFilter:doFilter [http-nio-8081-exec-10] - Token valid for user: developer
INFO  2026-04-07 00:35:53.851 i.m.g.m.d.UserLoginDao:getUserLogin [http-nio-8081-exec-10] - getUserLogin
INFO  2026-04-07 00:35:53.856 i.m.g.m.d.UserLoginDao:getUserLogin [http-nio-8081-exec-10] - size 1
INFO  2026-04-07 00:35:53.859 i.m.g.m.d.UserLoginDao:getUserLogin [http-nio-8081-exec-10] - getUserLogin
INFO  2026-04-07 00:35:53.860 i.m.g.m.d.PartyNoteDao:getPartyNote [http-nio-8081-exec-2] - getPartyNote
INFO  2026-04-07 00:35:53.863 i.m.g.m.d.UserLoginDao:getUserLogin [http-nio-8081-exec-10] - size 1
INFO  2026-04-07 00:35:53.871 i.m.g.m.d.PartyNoteDao:getPartyNote [http-nio-8081-exec-2] - size = 0
INFO  2026-04-07 00:35:53.879 i.m.g.m.d.UserLoginDao:getUserLogin [http-nio-8081-exec-8] - size 1
INFO  2026-04-07 00:35:53.881 i.m.g.m.d.SecurityPermissionDao:getPermission [http-nio-8081-exec-3] - size = 107
DEBUG 2026-04-07 00:35:53.880 i.m.g.s.JwtTokenFilter:doFilter [http-nio-8081-exec-8] - Token valid for user: developer
INFO  2026-04-07 00:35:53.883 i.m.g.m.d.UserPreferenceDaoMB:getUserPreference [http-nio-8081-exec-8] - find userPreference by id
INFO  2026-04-07 00:35:53.885 i.m.g.s.MenuService:getMenu [http-nio-8081-exec-3] - mappa2 {TYPESATTACHMENTSOBJECTIVESCTXWE=[ADMIN], REPORTPRINTCTXOR=[ADMIN], UOMTYPE=[ADMIN], REPORTPRINTCTXPA=[ADMIN], ANALYSISCTXBS=[ADMIN], SECURITYGROUPSCTXBA=[ADMIN], ANALYSISTYPECTXEP=[ADMIN], QUERYCONFIGCTXBSU=[ADMIN], APPROVALPATHSCTXBA=[ADMIN], REPORTPRINTCTXGD=[ADMIN], CONSULTINGLOGCTXBA=[ADMIN], QUERYCONFIGCTXGDU=[ADMIN], NOTESOBJECTIVESCTXWE=[ADMIN], WORKEFFORTCTXWE=[ADMIN], QUERYCONFIGCTXBSE=[ADMIN], QUERYCONFIGURATIONCTXWE=[ADMIN], ECONOMICINDICATORSCTXAC=[ADMIN], ANALYSISTYPECTXWE=[ADMIN], ANALYSISCTXRE=[ADMIN], QUERYCONFIGCTXEPU=[ADMIN], QUERYCONFIGCTXGDE=[ADMIN], SUBSYSTEMTYPESCTXBA=[ADMIN], PURPOSECTXAC=[ADMIN], ANALYSISCTXDI=[ADMIN], RELATIONSHIPSOBJECTIVESCTXWE=[ADMIN], EXTRAACCOUNTINGUNITTYPESCTXAC=[ADMIN], ANALYSISTYPECTXOR=[ADMIN], FINANCIALINDICATORSCTXAC=[ADMIN], QUERYCONFIGCTXPAE=[ADMIN], QUERYCONFIGCTXREE=[ADMIN], SUBJECTSOBJECTIVESCTXWE=[ADMIN], QUERYCONFIGCTXCGU=[ADMIN], REPORTPRINTCTXEP=[ADMIN], QUERYCONFIGCTXDIU=[ADMIN], QUERYCONFIGCTXPYU=[ADMIN], QUERYCONFIGCTXCOU=[ADMIN], EXTRACTQUERYCONFIGURATIONCTXWE=[ADMIN], CUSTOM=[ADMIN], QUERYCONFIGCTXACE=[ADMIN], ANALYSISCTXTR=[ADMIN], RESERVEDINDICATORMOVEMENTSCTXAC=[ADMIN], QUERYCONFIGCTXCGE=[ADMIN], QUERYCONFIGCTXDIE=[ADMIN], ANALYSISTYPECTXGD=[ADMIN], QUERYCONFIGCTXPYE=[ADMIN], ANALYSISTYPECTXPR=[ADMIN], QUERYCONFIGCTXCOE=[ADMIN], REPORTPRINTCTXDI=[ADMIN], FINANCIALACCOUNTINGUNITTYPESCTXAC=[ADMIN], ANALYSISCTXCO=[ADMIN], MEASURESOBJECTIVESCTXWE=[ADMIN], ANALYSISTYPECTXPA=[ADMIN], REPORTPRINTCTXTR=[ADMIN], TYPOLOGIESROLESSUBJECTSCTXPY=[ADMIN], SCHEDULERCTXBA=[ADMIN], ANALYSISCTXCG=[ADMIN], OBJECTIVECODESCTXWE=[ADMIN], QUERYCONFIGCTXCAU=[ADMIN], CALCULATIONFORMULASCTXAC=[ADMIN], REPORTPRINTCTXCG=[ADMIN], FINANCIALINDICATORMOVEMENTSCTXAC=[ADMIN], REPORTPRINTCTXCO=[ADMIN], ECONOMICSPOSITIONSCTXPY=[ADMIN], TYPESRELATIONSHIPSBETWEENSUBJECTSCTXPY=[ADMIN], QUERYCONFIGCTXTRU=[ADMIN], ANALYSISCTXEP=[ADMIN], PERIODSCTXAC=[ADMIN], QUERYCONFIGCTXPRU=[ADMIN], REPORTPRINTCTXBS=[ADMIN], ECONPATRACCOUNTINGUNITTYPESCTXAC=[ADMIN], ECONOMICINDICATORMOVEMENTSCTXAC=[ADMIN], REPORTPRINTCTXRE=[ADMIN], QUERYCONFIGCTXTRE=[ADMIN], ANALYSISTYPECTXRE=[ADMIN], QUERYCONFIGCTXPAU=[ADMIN], QUERYCONFIGCTXPRE=[ADMIN], QUERYCONFIGCTXREU=[ADMIN], QUERYCONFIGCTXEPE=[ADMIN], RANGESOFVALUESCTXAC=[ADMIN], QUERYCONFIG=[ADMIN], TIMESHEETCTXPR=[ADMIN], ANALYSISTYPECTXCG=[ADMIN], TIMESHEET=[ADMIN], TYPOLOGYRELATIONSHIPSOBJECTIVESCTXWE=[ADMIN], ANALYSISTYPECTXCO=[ADMIN], ANALYSISTYPECTXBS=[ADMIN], QUERYCONFIGCTXBAE=[ADMIN], SUBSYSTEMCTXBA=[ADMIN], REQUESTFROMINTERESTEDPARTIESCTXGD=[ADMIN], ANALYSISCTXPR=[ADMIN], DETECTIONTYPECTXAC=[ADMIN], INDICATORSCTXAC=[ADMIN], INDICATORMOVEMENTSCTXAC=[ADMIN], ANALYSISTYPECTXDI=[ADMIN], REPORTPRINTCTXPR=[ADMIN], QUERYCONFIGCTXORU=[ADMIN], TIMESHEETCTXOR=[ADMIN], ANALYSISCTXPA=[ADMIN], ATTACHMENTSOBJECTIVESCTXWE=[ADMIN], UOM=[ADMIN], INTERFACCIAMENTODATI=[ADMIN], TIPOLOGIEPERIODICTXAC=[ADMIN], QUERYCONFIGCTXORE=[ADMIN], RESERVEDINDICATORSCTXAC=[ADMIN], NATUREUNITCONTEXTRCTXAC=[ADMIN], ANALYSISTYPECTXTR=[ADMIN], ANALYSISCTXOR=[ADMIN]}
INFO  2026-04-07 00:35:53.886 i.m.g.m.d.ContentAndAttributesDao:getValidMenu [http-nio-8081-exec-3] - getValidMenu
INFO  2026-04-07 00:35:53.888 i.m.g.m.d.UserPreferenceDaoMB:getUserPreference [http-nio-8081-exec-8] - UserPreference = false
INFO  2026-04-07 00:35:53.888 i.m.g.m.d.UserPreferenceDaoMB:getUserPreference [http-nio-8081-exec-8] - find userPreference by id
INFO  2026-04-07 00:35:53.891 i.m.g.m.d.UserPreferenceDaoMB:getUserPreference [http-nio-8081-exec-8] - UserPreference = false
INFO  2026-04-07 00:35:53.958 i.m.g.m.d.ContentAndAttributesDao:getValidMenu [http-nio-8081-exec-3] - size = 102
INFO  2026-04-07 00:35:53.959 i.m.g.m.d.ContentAndAttributesDao:getFolderMenu [http-nio-8081-exec-3] - getFolderMenu
INFO  2026-04-07 00:35:54.004 i.m.g.m.d.ContentAndAttributesDao:getFolderMenu [http-nio-8081-exec-3] - size = 66
INFO  2026-04-07 00:35:54.062 i.m.g.m.d.UserLoginDao:getUserLogin [http-nio-8081-exec-4] - getUserLogin
INFO  2026-04-07 00:35:54.071 i.m.g.m.d.UserLoginDao:getUserLogin [http-nio-8081-exec-4] - size 1
DEBUG 2026-04-07 00:35:54.072 i.m.g.s.JwtTokenFilter:doFilter [http-nio-8081-exec-4] - Token valid for user: developer
INFO  2026-04-07 00:35:54.197 i.m.g.m.d.UserLoginDao:getUserLogin [http-nio-8081-exec-2] - getUserLogin
INFO  2026-04-07 00:35:54.198 i.m.g.m.d.UserLoginDao:getUserLogin [http-nio-8081-exec-5] - getUserLogin
INFO  2026-04-07 00:35:54.198 i.m.g.m.d.UserLoginDao:getUserLogin [http-nio-8081-exec-7] - getUserLogin
INFO  2026-04-07 00:35:54.218 i.m.g.m.d.UserLoginDao:getUserLogin [http-nio-8081-exec-7] - size 1
INFO  2026-04-07 00:35:54.217 i.m.g.m.d.UserLoginDao:getUserLogin [http-nio-8081-exec-5] - size 1
DEBUG 2026-04-07 00:35:54.220 i.m.g.s.JwtTokenFilter:doFilter [http-nio-8081-exec-5] - Token valid for user: developer
DEBUG 2026-04-07 00:35:54.223 i.m.g.s.JwtTokenFilter:doFilter [http-nio-8081-exec-7] - Token valid for user: developer
INFO  2026-04-07 00:35:54.224 i.m.g.m.d.UserLoginSecurityGroupDao:getDefaultPortalPage [http-nio-8081-exec-7] - getDefaultPortalPage
INFO  2026-04-07 00:35:54.228 i.m.g.m.d.UserLoginSecurityGroupDao:getDefaultPortalPage [http-nio-8081-exec-7] - size 0
INFO  2026-04-07 00:35:54.237 i.m.g.m.d.UserLoginDao:getUserLogin [http-nio-8081-exec-2] - size 1
DEBUG 2026-04-07 00:35:54.239 i.m.g.s.JwtTokenFilter:doFilter [http-nio-8081-exec-2] - Token valid for user: developer
INFO  2026-04-07 00:35:54.431 i.m.g.s.NodeService:stream [http-nio-8081-exec-8] - stream default imagePath: /lmm/images/gzoom_logo.jpg
INFO  2026-04-07 00:35:54.434 i.m.g.m.d.PartyContentDao:getPartyContent [http-nio-8081-exec-8] - getPartyContent
INFO  2026-04-07 00:35:54.475 i.m.g.m.d.PartyContentDao:getPartyContent [http-nio-8081-exec-8] - size = 0
INFO  2026-04-07 00:35:54.550 i.m.g.m.d.UserLoginDao:getUserLogin [http-nio-8081-exec-9] - getUserLogin
INFO  2026-04-07 00:35:54.552 i.m.g.m.d.UserLoginDao:getUserLogin [http-nio-8081-exec-9] - size 1
DEBUG 2026-04-07 00:35:54.553 i.m.g.s.JwtTokenFilter:doFilter [http-nio-8081-exec-9] - Token valid for user: developer
INFO  2026-04-07 00:35:54.564 i.m.g.m.d.UserLoginDao:getUserLogin [http-nio-8081-exec-6] - getUserLogin
INFO  2026-04-07 00:35:54.567 i.m.g.m.d.UserLoginDao:getUserLogin [http-nio-8081-exec-6] - size 1
DEBUG 2026-04-07 00:35:54.580 i.m.g.s.JwtTokenFilter:doFilter [http-nio-8081-exec-6] - Token valid for user: developer
INFO  2026-04-07 00:35:54.586 i.m.g.m.d.UserPreferenceDaoMB:getUserPreference [http-nio-8081-exec-6] - find userPreference by id
INFO  2026-04-07 00:35:54.589 i.m.g.m.d.UserPreferenceDaoMB:getUserPreference [http-nio-8081-exec-6] - UserPreference = true
INFO  2026-04-07 00:35:54.591 i.m.g.m.d.UserPreferenceDaoMB:getUserPreference [http-nio-8081-exec-6] - find userPreference by id
INFO  2026-04-07 00:35:54.592 i.m.g.m.d.UserPreferenceDaoMB:getUserPreference [http-nio-8081-exec-6] - UserPreference = false
INFO  2026-04-07 00:35:54.605 i.m.g.m.d.UserLoginDao:getUserLogin [http-nio-8081-exec-4] - getUserLogin
INFO  2026-04-07 00:35:54.631 i.m.g.m.d.UserLoginDao:getUserLogin [http-nio-8081-exec-4] - size 1
DEBUG 2026-04-07 00:35:54.635 i.m.g.s.JwtTokenFilter:doFilter [http-nio-8081-exec-4] - Token valid for user: developer
INFO  2026-04-07 00:35:54.646 i.m.g.m.d.UserLoginValidPartyRoleDao:getUserLoginValidPartyRoleList [http-nio-8081-exec-4] - getUserLoginValidPartyRoleList
INFO  2026-04-07 00:35:54.658 i.m.g.m.d.UserLoginValidPartyRoleDao:getUserLoginValidPartyRoleList [http-nio-8081-exec-4] - size 0
INFO  2026-04-07 00:35:54.688 i.m.g.u.Manifests:getProductInfo [http-nio-8081-exec-7] - getProductInfo2.5.0rc1
ERROR 2026-04-07 00:35:54.689 i.m.g.u.Manifests:initProductDate [http-nio-8081-exec-7] - Invalid product date format in MANIFEST.MF
INFO  2026-04-07 00:35:54.689 i.m.g.m.d.UserLoginDao:getUserLogin [http-nio-8081-exec-5] - getUserLogin
INFO  2026-04-07 00:35:54.689 i.m.g.u.Manifests:getProductInfo [http-nio-8081-exec-7] - getProductInfoTue Apr 07 00:35:54 CEST 2026
INFO  2026-04-07 00:35:54.695 i.m.g.m.d.UserLoginDao:getUserLogin [http-nio-8081-exec-5] - size 1
DEBUG 2026-04-07 00:35:54.700 i.m.g.s.JwtTokenFilter:doFilter [http-nio-8081-exec-5] - Token valid for user: developer
INFO  2026-04-07 00:35:54.701 i.m.g.m.d.UserLoginDao:getUserLogin [http-nio-8081-exec-5] - getUserLogin
INFO  2026-04-07 00:35:54.712 i.m.g.m.d.UserLoginDao:getUserLogin [http-nio-8081-exec-5] - size 1
INFO  2026-04-07 00:35:54.699 i.m.g.m.d.UserLoginDao:getUserLogin [http-nio-8081-exec-2] - getUserLogin
INFO  2026-04-07 00:35:54.749 i.m.g.m.d.UserLoginDao:getUserLogin [http-nio-8081-exec-2] - size 1
DEBUG 2026-04-07 00:35:54.780 i.m.g.s.JwtTokenFilter:doFilter [http-nio-8081-exec-2] - Token valid for user: developer
INFO  2026-04-07 00:35:57.895 i.m.g.m.d.UserLoginDao:getUserLogin [http-nio-8081-exec-9] - getUserLogin
INFO  2026-04-07 00:35:57.899 i.m.g.m.d.UserLoginDao:getUserLogin [http-nio-8081-exec-9] - size 1
DEBUG 2026-04-07 00:35:57.906 i.m.g.s.JwtTokenFilter:doFilter [http-nio-8081-exec-9] - Token valid for user: developer
INFO  2026-04-07 00:35:57.908 i.m.g.m.d.UserLoginDao:getUserLogin [http-nio-8081-exec-9] - getUserLogin
INFO  2026-04-07 00:35:57.922 i.m.g.m.d.UserLoginDao:getUserLogin [http-nio-8081-exec-9] - size 1
INFO  2026-04-07 00:35:57.923 i.m.g.m.d.UserLoginDao:getUserLogin [http-nio-8081-exec-9] - getUserLogin
INFO  2026-04-07 00:35:57.935 i.m.g.m.d.UserLoginDao:getUserLogin [http-nio-8081-exec-9] - size 1
ERROR 2026-04-07 00:35:57.940 i.m.g.s.c.AuthController:getLoginMethod [http-nio-8081-exec-6] - no oneLoginSSOEnabledPropertyName and keycloakLoginEnabledPropertyName configuration found
INFO  2026-04-07 00:35:58.610 i.m.g.m.d.UserLoginDao:getUserLogin [http-nio-8081-exec-1] - getUserLogin
INFO  2026-04-07 00:35:58.611 i.m.g.m.d.UserLoginDao:getUserLogin [http-nio-8081-exec-7] - getUserLogin
INFO  2026-04-07 00:35:58.613 i.m.g.m.d.PartyNoteDao:getPartyNote [http-nio-8081-exec-2] - getPartyNote
INFO  2026-04-07 00:35:58.614 i.m.g.m.d.UserLoginDao:getUserLogin [http-nio-8081-exec-1] - size 1
INFO  2026-04-07 00:35:58.615 i.m.g.m.d.PartyNoteDao:getPartyNote [http-nio-8081-exec-2] - size = 0
INFO  2026-04-07 00:35:58.615 i.m.g.m.d.UserLoginDao:getUserLogin [http-nio-8081-exec-7] - size 1
DEBUG 2026-04-07 00:35:58.616 i.m.g.s.JwtTokenFilter:doFilter [http-nio-8081-exec-7] - Token valid for user: developer
DEBUG 2026-04-07 00:35:58.617 i.m.g.s.JwtTokenFilter:doFilter [http-nio-8081-exec-1] - Token valid for user: developer
INFO  2026-04-07 00:35:58.619 i.m.g.m.d.UserCtxPermissionViewDao:selectByUserLoginId [http-nio-8081-exec-7] - get UserCtxPermissionView by userLoginId
INFO  2026-04-07 00:35:58.620 i.m.g.m.d.UserLoginDao:getUserLogin [http-nio-8081-exec-2] - getUserLogin
INFO  2026-04-07 00:35:58.621 i.m.g.m.d.UserLoginDao:getUserLogin [http-nio-8081-exec-1] - getUserLogin
INFO  2026-04-07 00:35:58.625 i.m.g.m.d.UserLoginDao:getUserLogin [http-nio-8081-exec-2] - size 1
DEBUG 2026-04-07 00:35:58.626 i.m.g.s.JwtTokenFilter:doFilter [http-nio-8081-exec-2] - Token valid for user: developer
INFO  2026-04-07 00:35:58.625 i.m.g.m.d.UserLoginDao:getUserLogin [http-nio-8081-exec-1] - size 1
INFO  2026-04-07 00:35:58.628 i.m.g.m.d.UserPreferenceDaoMB:getUserPreference [http-nio-8081-exec-2] - find userPreference by id
INFO  2026-04-07 00:35:58.629 i.m.g.m.d.UserLoginDao:getUserLogin [http-nio-8081-exec-1] - getUserLogin
INFO  2026-04-07 00:35:58.632 i.m.g.m.d.UserPreferenceDaoMB:getUserPreference [http-nio-8081-exec-2] - UserPreference = false
INFO  2026-04-07 00:35:58.633 i.m.g.m.d.UserLoginDao:getUserLogin [http-nio-8081-exec-5] - getUserLogin
INFO  2026-04-07 00:35:58.633 i.m.g.m.d.UserPreferenceDaoMB:getUserPreference [http-nio-8081-exec-2] - find userPreference by id
INFO  2026-04-07 00:35:58.635 i.m.g.m.d.UserCtxPermissionViewDao:selectByUserLoginId [http-nio-8081-exec-7] - size = 4
INFO  2026-04-07 00:35:58.634 i.m.g.m.d.UserPreferenceDaoMB:getUserPreference [http-nio-8081-exec-2] - UserPreference = false
INFO  2026-04-07 00:35:58.633 i.m.g.m.d.UserLoginDao:getUserLogin [http-nio-8081-exec-1] - size 1
INFO  2026-04-07 00:35:58.657 i.m.g.m.d.UserLoginDao:getUserLogin [http-nio-8081-exec-5] - size 1
DEBUG 2026-04-07 00:35:58.658 i.m.g.s.JwtTokenFilter:doFilter [http-nio-8081-exec-5] - Token valid for user: developer
INFO  2026-04-07 00:35:58.660 i.m.g.m.d.SecurityPermissionDao:getPermission [http-nio-8081-exec-5] - getPermission
INFO  2026-04-07 00:35:58.677 i.m.g.m.d.SecurityPermissionDao:getPermission [http-nio-8081-exec-5] - size = 107
INFO  2026-04-07 00:35:58.679 i.m.g.s.MenuService:getMenu [http-nio-8081-exec-5] - mappa2 {TYPESATTACHMENTSOBJECTIVESCTXWE=[ADMIN], REPORTPRINTCTXOR=[ADMIN], UOMTYPE=[ADMIN], REPORTPRINTCTXPA=[ADMIN], ANALYSISCTXBS=[ADMIN], SECURITYGROUPSCTXBA=[ADMIN], ANALYSISTYPECTXEP=[ADMIN], QUERYCONFIGCTXBSU=[ADMIN], APPROVALPATHSCTXBA=[ADMIN], REPORTPRINTCTXGD=[ADMIN], CONSULTINGLOGCTXBA=[ADMIN], QUERYCONFIGCTXGDU=[ADMIN], NOTESOBJECTIVESCTXWE=[ADMIN], WORKEFFORTCTXWE=[ADMIN], QUERYCONFIGCTXBSE=[ADMIN], QUERYCONFIGURATIONCTXWE=[ADMIN], ECONOMICINDICATORSCTXAC=[ADMIN], ANALYSISTYPECTXWE=[ADMIN], ANALYSISCTXRE=[ADMIN], QUERYCONFIGCTXEPU=[ADMIN], QUERYCONFIGCTXGDE=[ADMIN], SUBSYSTEMTYPESCTXBA=[ADMIN], PURPOSECTXAC=[ADMIN], ANALYSISCTXDI=[ADMIN], RELATIONSHIPSOBJECTIVESCTXWE=[ADMIN], EXTRAACCOUNTINGUNITTYPESCTXAC=[ADMIN], ANALYSISTYPECTXOR=[ADMIN], FINANCIALINDICATORSCTXAC=[ADMIN], QUERYCONFIGCTXPAE=[ADMIN], QUERYCONFIGCTXREE=[ADMIN], SUBJECTSOBJECTIVESCTXWE=[ADMIN], QUERYCONFIGCTXCGU=[ADMIN], REPORTPRINTCTXEP=[ADMIN], QUERYCONFIGCTXDIU=[ADMIN], QUERYCONFIGCTXPYU=[ADMIN], QUERYCONFIGCTXCOU=[ADMIN], EXTRACTQUERYCONFIGURATIONCTXWE=[ADMIN], CUSTOM=[ADMIN], QUERYCONFIGCTXACE=[ADMIN], ANALYSISCTXTR=[ADMIN], RESERVEDINDICATORMOVEMENTSCTXAC=[ADMIN], QUERYCONFIGCTXCGE=[ADMIN], QUERYCONFIGCTXDIE=[ADMIN], ANALYSISTYPECTXGD=[ADMIN], QUERYCONFIGCTXPYE=[ADMIN], ANALYSISTYPECTXPR=[ADMIN], QUERYCONFIGCTXCOE=[ADMIN], REPORTPRINTCTXDI=[ADMIN], FINANCIALACCOUNTINGUNITTYPESCTXAC=[ADMIN], ANALYSISCTXCO=[ADMIN], MEASURESOBJECTIVESCTXWE=[ADMIN], ANALYSISTYPECTXPA=[ADMIN], REPORTPRINTCTXTR=[ADMIN], TYPOLOGIESROLESSUBJECTSCTXPY=[ADMIN], SCHEDULERCTXBA=[ADMIN], ANALYSISCTXCG=[ADMIN], OBJECTIVECODESCTXWE=[ADMIN], QUERYCONFIGCTXCAU=[ADMIN], CALCULATIONFORMULASCTXAC=[ADMIN], REPORTPRINTCTXCG=[ADMIN], FINANCIALINDICATORMOVEMENTSCTXAC=[ADMIN], REPORTPRINTCTXCO=[ADMIN], ECONOMICSPOSITIONSCTXPY=[ADMIN], TYPESRELATIONSHIPSBETWEENSUBJECTSCTXPY=[ADMIN], QUERYCONFIGCTXTRU=[ADMIN], ANALYSISCTXEP=[ADMIN], PERIODSCTXAC=[ADMIN], QUERYCONFIGCTXPRU=[ADMIN], REPORTPRINTCTXBS=[ADMIN], ECONPATRACCOUNTINGUNITTYPESCTXAC=[ADMIN], ECONOMICINDICATORMOVEMENTSCTXAC=[ADMIN], REPORTPRINTCTXRE=[ADMIN], QUERYCONFIGCTXTRE=[ADMIN], ANALYSISTYPECTXRE=[ADMIN], QUERYCONFIGCTXPAU=[ADMIN], QUERYCONFIGCTXPRE=[ADMIN], QUERYCONFIGCTXREU=[ADMIN], QUERYCONFIGCTXEPE=[ADMIN], RANGESOFVALUESCTXAC=[ADMIN], QUERYCONFIG=[ADMIN], TIMESHEETCTXPR=[ADMIN], ANALYSISTYPECTXCG=[ADMIN], TIMESHEET=[ADMIN], TYPOLOGYRELATIONSHIPSOBJECTIVESCTXWE=[ADMIN], ANALYSISTYPECTXCO=[ADMIN], ANALYSISTYPECTXBS=[ADMIN], QUERYCONFIGCTXBAE=[ADMIN], SUBSYSTEMCTXBA=[ADMIN], REQUESTFROMINTERESTEDPARTIESCTXGD=[ADMIN], ANALYSISCTXPR=[ADMIN], DETECTIONTYPECTXAC=[ADMIN], INDICATORSCTXAC=[ADMIN], INDICATORMOVEMENTSCTXAC=[ADMIN], ANALYSISTYPECTXDI=[ADMIN], REPORTPRINTCTXPR=[ADMIN], QUERYCONFIGCTXORU=[ADMIN], TIMESHEETCTXOR=[ADMIN], ANALYSISCTXPA=[ADMIN], ATTACHMENTSOBJECTIVESCTXWE=[ADMIN], UOM=[ADMIN], INTERFACCIAMENTODATI=[ADMIN], TIPOLOGIEPERIODICTXAC=[ADMIN], QUERYCONFIGCTXORE=[ADMIN], RESERVEDINDICATORSCTXAC=[ADMIN], NATUREUNITCONTEXTRCTXAC=[ADMIN], ANALYSISTYPECTXTR=[ADMIN], ANALYSISCTXOR=[ADMIN]}
INFO  2026-04-07 00:35:58.680 i.m.g.m.d.ContentAndAttributesDao:getValidMenu [http-nio-8081-exec-5] - getValidMenu
INFO  2026-04-07 00:35:58.768 i.m.g.m.d.ContentAndAttributesDao:getValidMenu [http-nio-8081-exec-5] - size = 102
INFO  2026-04-07 00:35:58.769 i.m.g.m.d.ContentAndAttributesDao:getFolderMenu [http-nio-8081-exec-5] - getFolderMenu
INFO  2026-04-07 00:35:58.804 i.m.g.m.d.ContentAndAttributesDao:getFolderMenu [http-nio-8081-exec-5] - size = 66
INFO  2026-04-07 00:35:58.850 i.m.g.m.d.UserLoginDao:getUserLogin [http-nio-8081-exec-4] - getUserLogin
INFO  2026-04-07 00:35:58.852 i.m.g.m.d.UserLoginDao:getUserLogin [http-nio-8081-exec-4] - size 1
DEBUG 2026-04-07 00:35:58.853 i.m.g.s.JwtTokenFilter:doFilter [http-nio-8081-exec-4] - Token valid for user: developer
INFO  2026-04-07 00:35:58.946 i.m.g.m.d.UserLoginDao:getUserLogin [http-nio-8081-exec-2] - getUserLogin
INFO  2026-04-07 00:35:58.950 i.m.g.m.d.UserLoginDao:getUserLogin [http-nio-8081-exec-7] - getUserLogin
INFO  2026-04-07 00:35:58.955 i.m.g.m.d.UserLoginDao:getUserLogin [http-nio-8081-exec-7] - size 1
INFO  2026-04-07 00:35:58.955 i.m.g.m.d.UserLoginDao:getUserLogin [http-nio-8081-exec-2] - size 1
DEBUG 2026-04-07 00:35:58.955 i.m.g.s.JwtTokenFilter:doFilter [http-nio-8081-exec-7] - Token valid for user: developer
DEBUG 2026-04-07 00:35:58.956 i.m.g.s.JwtTokenFilter:doFilter [http-nio-8081-exec-2] - Token valid for user: developer
INFO  2026-04-07 00:35:58.961 i.m.g.m.d.UserLoginDao:getUserLogin [http-nio-8081-exec-10] - getUserLogin
INFO  2026-04-07 00:35:58.989 i.m.g.m.d.UserLoginDao:getUserLogin [http-nio-8081-exec-10] - size 1
DEBUG 2026-04-07 00:35:58.990 i.m.g.s.JwtTokenFilter:doFilter [http-nio-8081-exec-10] - Token valid for user: developer
INFO  2026-04-07 00:35:58.992 i.m.g.m.d.UserLoginSecurityGroupDao:getDefaultPortalPage [http-nio-8081-exec-10] - getDefaultPortalPage
INFO  2026-04-07 00:35:58.995 i.m.g.m.d.UserLoginSecurityGroupDao:getDefaultPortalPage [http-nio-8081-exec-10] - size 0
INFO  2026-04-07 00:35:59.205 i.m.g.s.NodeService:stream [http-nio-8081-exec-1] - stream default imagePath: /lmm/images/gzoom_logo.jpg
INFO  2026-04-07 00:35:59.206 i.m.g.m.d.PartyContentDao:getPartyContent [http-nio-8081-exec-1] - getPartyContent
INFO  2026-04-07 00:35:59.214 i.m.g.m.d.PartyContentDao:getPartyContent [http-nio-8081-exec-1] - size = 0
INFO  2026-04-07 00:35:59.303 i.m.g.m.d.UserLoginDao:getUserLogin [http-nio-8081-exec-6] - getUserLogin
INFO  2026-04-07 00:35:59.306 i.m.g.m.d.UserLoginDao:getUserLogin [http-nio-8081-exec-6] - size 1
DEBUG 2026-04-07 00:35:59.307 i.m.g.s.JwtTokenFilter:doFilter [http-nio-8081-exec-6] - Token valid for user: developer
INFO  2026-04-07 00:35:59.316 i.m.g.m.d.UserPreferenceDaoMB:getUserPreference [http-nio-8081-exec-6] - find userPreference by id
INFO  2026-04-07 00:35:59.342 i.m.g.m.d.UserPreferenceDaoMB:getUserPreference [http-nio-8081-exec-6] - UserPreference = true
INFO  2026-04-07 00:35:59.358 i.m.g.m.d.UserLoginDao:getUserLogin [http-nio-8081-exec-3] - getUserLogin
INFO  2026-04-07 00:35:59.360 i.m.g.m.d.UserPreferenceDaoMB:getUserPreference [http-nio-8081-exec-6] - find userPreference by id
INFO  2026-04-07 00:35:59.366 i.m.g.m.d.UserLoginDao:getUserLogin [http-nio-8081-exec-3] - size 1
DEBUG 2026-04-07 00:35:59.369 i.m.g.s.JwtTokenFilter:doFilter [http-nio-8081-exec-3] - Token valid for user: developer
INFO  2026-04-07 00:35:59.378 i.m.g.m.d.UserPreferenceDaoMB:getUserPreference [http-nio-8081-exec-6] - UserPreference = false
INFO  2026-04-07 00:35:59.382 i.m.g.m.d.UserLoginDao:getUserLogin [http-nio-8081-exec-4] - getUserLogin
INFO  2026-04-07 00:35:59.385 i.m.g.m.d.UserLoginDao:getUserLogin [http-nio-8081-exec-8] - getUserLogin
INFO  2026-04-07 00:35:59.391 i.m.g.m.d.UserLoginDao:getUserLogin [http-nio-8081-exec-8] - size 1
DEBUG 2026-04-07 00:35:59.392 i.m.g.s.JwtTokenFilter:doFilter [http-nio-8081-exec-8] - Token valid for user: developer
INFO  2026-04-07 00:35:59.394 i.m.g.m.d.UserLoginDao:getUserLogin [http-nio-8081-exec-8] - getUserLogin
INFO  2026-04-07 00:35:59.407 i.m.g.m.d.UserLoginDao:getUserLogin [http-nio-8081-exec-8] - size 1
INFO  2026-04-07 00:35:59.434 i.m.g.m.d.UserLoginDao:getUserLogin [http-nio-8081-exec-4] - size 1
DEBUG 2026-04-07 00:35:59.450 i.m.g.s.JwtTokenFilter:doFilter [http-nio-8081-exec-4] - Token valid for user: developer
INFO  2026-04-07 00:35:59.461 i.m.g.m.d.UserLoginValidPartyRoleDao:getUserLoginValidPartyRoleList [http-nio-8081-exec-4] - getUserLoginValidPartyRoleList
INFO  2026-04-07 00:35:59.465 i.m.g.m.d.UserLoginValidPartyRoleDao:getUserLoginValidPartyRoleList [http-nio-8081-exec-4] - size 0
INFO  2026-04-07 00:35:59.500 i.m.g.u.Manifests:getProductInfo [http-nio-8081-exec-2] - getProductInfo2.5.0rc1
INFO  2026-04-07 00:35:59.502 i.m.g.m.d.UserLoginDao:getUserLogin [http-nio-8081-exec-10] - getUserLogin
INFO  2026-04-07 00:35:59.506 i.m.g.m.d.UserLoginDao:getUserLogin [http-nio-8081-exec-10] - size 1
ERROR 2026-04-07 00:35:59.506 i.m.g.u.Manifests:initProductDate [http-nio-8081-exec-2] - Invalid product date format in MANIFEST.MF
DEBUG 2026-04-07 00:35:59.507 i.m.g.s.JwtTokenFilter:doFilter [http-nio-8081-exec-10] - Token valid for user: developer
INFO  2026-04-07 00:35:59.507 i.m.g.u.Manifests:getProductInfo [http-nio-8081-exec-2] - getProductInfoTue Apr 07 00:35:59 CEST 2026
INFO  2026-04-07 00:38:09.930 i.m.g.m.d.UserLoginDao:getUserLogin [http-nio-8081-exec-5] - getUserLogin
INFO  2026-04-07 00:38:09.940 i.m.g.m.d.UserLoginDao:getUserLogin [http-nio-8081-exec-5] - size 1
ERROR 2026-04-07 00:38:09.944 i.m.g.s.c.AuthController:getLoginMethod [http-nio-8081-exec-3] - no oneLoginSSOEnabledPropertyName and keycloakLoginEnabledPropertyName configuration found
DEBUG 2026-04-07 00:38:09.946 i.m.g.s.JwtTokenFilter:doFilter [http-nio-8081-exec-5] - Token valid for user: developer
INFO  2026-04-07 00:38:09.951 i.m.g.m.d.UserLoginDao:getUserLogin [http-nio-8081-exec-5] - getUserLogin
INFO  2026-04-07 00:38:09.956 i.m.g.m.d.UserLoginDao:getUserLogin [http-nio-8081-exec-5] - size 1
INFO  2026-04-07 00:38:09.958 i.m.g.m.d.UserLoginDao:getUserLogin [http-nio-8081-exec-5] - getUserLogin
INFO  2026-04-07 00:38:09.961 i.m.g.m.d.UserLoginDao:getUserLogin [http-nio-8081-exec-5] - size 1
INFO  2026-04-07 00:38:10.506 i.m.g.m.d.UserLoginDao:getUserLogin [http-nio-8081-exec-4] - getUserLogin
INFO  2026-04-07 00:38:10.509 i.m.g.m.d.UserLoginDao:getUserLogin [http-nio-8081-exec-4] - size 1
DEBUG 2026-04-07 00:38:10.511 i.m.g.s.JwtTokenFilter:doFilter [http-nio-8081-exec-4] - Token valid for user: developer
INFO  2026-04-07 00:38:10.512 i.m.g.m.d.UserCtxPermissionViewDao:selectByUserLoginId [http-nio-8081-exec-4] - get UserCtxPermissionView by userLoginId
INFO  2026-04-07 00:38:10.517 i.m.g.m.d.UserCtxPermissionViewDao:selectByUserLoginId [http-nio-8081-exec-4] - size = 4
INFO  2026-04-07 00:38:10.526 i.m.g.m.d.UserLoginDao:getUserLogin [http-nio-8081-exec-10] - getUserLogin
INFO  2026-04-07 00:38:10.533 i.m.g.m.d.UserLoginDao:getUserLogin [http-nio-8081-exec-10] - size 1
INFO  2026-04-07 00:38:10.539 i.m.g.m.d.UserLoginDao:getUserLogin [http-nio-8081-exec-9] - getUserLogin
INFO  2026-04-07 00:38:10.540 i.m.g.m.d.PartyNoteDao:getPartyNote [http-nio-8081-exec-1] - getPartyNote
INFO  2026-04-07 00:38:10.543 i.m.g.m.d.UserLoginDao:getUserLogin [http-nio-8081-exec-9] - size 1
DEBUG 2026-04-07 00:38:10.546 i.m.g.s.JwtTokenFilter:doFilter [http-nio-8081-exec-9] - Token valid for user: developer
INFO  2026-04-07 00:38:10.548 i.m.g.m.d.PartyNoteDao:getPartyNote [http-nio-8081-exec-1] - size = 0
DEBUG 2026-04-07 00:38:10.549 i.m.g.s.JwtTokenFilter:doFilter [http-nio-8081-exec-10] - Token valid for user: developer
INFO  2026-04-07 00:38:10.558 i.m.g.m.d.UserLoginDao:getUserLogin [http-nio-8081-exec-10] - getUserLogin
INFO  2026-04-07 00:38:10.550 i.m.g.m.d.SecurityPermissionDao:getPermission [http-nio-8081-exec-9] - getPermission
INFO  2026-04-07 00:38:10.562 i.m.g.m.d.UserLoginDao:getUserLogin [http-nio-8081-exec-10] - size 1
INFO  2026-04-07 00:38:10.564 i.m.g.m.d.UserLoginDao:getUserLogin [http-nio-8081-exec-10] - getUserLogin
INFO  2026-04-07 00:38:10.569 i.m.g.m.d.UserLoginDao:getUserLogin [http-nio-8081-exec-10] - size 1
INFO  2026-04-07 00:38:10.570 i.m.g.m.d.UserLoginDao:getUserLogin [http-nio-8081-exec-2] - getUserLogin
INFO  2026-04-07 00:38:10.574 i.m.g.m.d.UserLoginDao:getUserLogin [http-nio-8081-exec-2] - size 1
DEBUG 2026-04-07 00:38:10.575 i.m.g.s.JwtTokenFilter:doFilter [http-nio-8081-exec-2] - Token valid for user: developer
INFO  2026-04-07 00:38:10.578 i.m.g.m.d.UserPreferenceDaoMB:getUserPreference [http-nio-8081-exec-2] - find userPreference by id
INFO  2026-04-07 00:38:10.580 i.m.g.m.d.UserPreferenceDaoMB:getUserPreference [http-nio-8081-exec-2] - UserPreference = false
INFO  2026-04-07 00:38:10.582 i.m.g.m.d.UserPreferenceDaoMB:getUserPreference [http-nio-8081-exec-2] - find userPreference by id
INFO  2026-04-07 00:38:10.583 i.m.g.m.d.UserPreferenceDaoMB:getUserPreference [http-nio-8081-exec-2] - UserPreference = false
INFO  2026-04-07 00:38:10.603 i.m.g.m.d.SecurityPermissionDao:getPermission [http-nio-8081-exec-9] - size = 107
INFO  2026-04-07 00:38:10.610 i.m.g.s.MenuService:getMenu [http-nio-8081-exec-9] - mappa2 {TYPESATTACHMENTSOBJECTIVESCTXWE=[ADMIN], REPORTPRINTCTXOR=[ADMIN], UOMTYPE=[ADMIN], REPORTPRINTCTXPA=[ADMIN], ANALYSISCTXBS=[ADMIN], SECURITYGROUPSCTXBA=[ADMIN], ANALYSISTYPECTXEP=[ADMIN], QUERYCONFIGCTXBSU=[ADMIN], APPROVALPATHSCTXBA=[ADMIN], REPORTPRINTCTXGD=[ADMIN], CONSULTINGLOGCTXBA=[ADMIN], QUERYCONFIGCTXGDU=[ADMIN], NOTESOBJECTIVESCTXWE=[ADMIN], WORKEFFORTCTXWE=[ADMIN], QUERYCONFIGCTXBSE=[ADMIN], QUERYCONFIGURATIONCTXWE=[ADMIN], ECONOMICINDICATORSCTXAC=[ADMIN], ANALYSISTYPECTXWE=[ADMIN], ANALYSISCTXRE=[ADMIN], QUERYCONFIGCTXEPU=[ADMIN], QUERYCONFIGCTXGDE=[ADMIN], SUBSYSTEMTYPESCTXBA=[ADMIN], PURPOSECTXAC=[ADMIN], ANALYSISCTXDI=[ADMIN], RELATIONSHIPSOBJECTIVESCTXWE=[ADMIN], EXTRAACCOUNTINGUNITTYPESCTXAC=[ADMIN], ANALYSISTYPECTXOR=[ADMIN], FINANCIALINDICATORSCTXAC=[ADMIN], QUERYCONFIGCTXPAE=[ADMIN], QUERYCONFIGCTXREE=[ADMIN], SUBJECTSOBJECTIVESCTXWE=[ADMIN], QUERYCONFIGCTXCGU=[ADMIN], REPORTPRINTCTXEP=[ADMIN], QUERYCONFIGCTXDIU=[ADMIN], QUERYCONFIGCTXPYU=[ADMIN], QUERYCONFIGCTXCOU=[ADMIN], EXTRACTQUERYCONFIGURATIONCTXWE=[ADMIN], CUSTOM=[ADMIN], QUERYCONFIGCTXACE=[ADMIN], ANALYSISCTXTR=[ADMIN], RESERVEDINDICATORMOVEMENTSCTXAC=[ADMIN], QUERYCONFIGCTXCGE=[ADMIN], QUERYCONFIGCTXDIE=[ADMIN], ANALYSISTYPECTXGD=[ADMIN], QUERYCONFIGCTXPYE=[ADMIN], ANALYSISTYPECTXPR=[ADMIN], QUERYCONFIGCTXCOE=[ADMIN], REPORTPRINTCTXDI=[ADMIN], FINANCIALACCOUNTINGUNITTYPESCTXAC=[ADMIN], ANALYSISCTXCO=[ADMIN], MEASURESOBJECTIVESCTXWE=[ADMIN], ANALYSISTYPECTXPA=[ADMIN], REPORTPRINTCTXTR=[ADMIN], TYPOLOGIESROLESSUBJECTSCTXPY=[ADMIN], SCHEDULERCTXBA=[ADMIN], ANALYSISCTXCG=[ADMIN], OBJECTIVECODESCTXWE=[ADMIN], QUERYCONFIGCTXCAU=[ADMIN], CALCULATIONFORMULASCTXAC=[ADMIN], REPORTPRINTCTXCG=[ADMIN], FINANCIALINDICATORMOVEMENTSCTXAC=[ADMIN], REPORTPRINTCTXCO=[ADMIN], ECONOMICSPOSITIONSCTXPY=[ADMIN], TYPESRELATIONSHIPSBETWEENSUBJECTSCTXPY=[ADMIN], QUERYCONFIGCTXTRU=[ADMIN], ANALYSISCTXEP=[ADMIN], PERIODSCTXAC=[ADMIN], QUERYCONFIGCTXPRU=[ADMIN], REPORTPRINTCTXBS=[ADMIN], ECONPATRACCOUNTINGUNITTYPESCTXAC=[ADMIN], ECONOMICINDICATORMOVEMENTSCTXAC=[ADMIN], REPORTPRINTCTXRE=[ADMIN], QUERYCONFIGCTXTRE=[ADMIN], ANALYSISTYPECTXRE=[ADMIN], QUERYCONFIGCTXPAU=[ADMIN], QUERYCONFIGCTXPRE=[ADMIN], QUERYCONFIGCTXREU=[ADMIN], QUERYCONFIGCTXEPE=[ADMIN], RANGESOFVALUESCTXAC=[ADMIN], QUERYCONFIG=[ADMIN], TIMESHEETCTXPR=[ADMIN], ANALYSISTYPECTXCG=[ADMIN], TIMESHEET=[ADMIN], TYPOLOGYRELATIONSHIPSOBJECTIVESCTXWE=[ADMIN], ANALYSISTYPECTXCO=[ADMIN], ANALYSISTYPECTXBS=[ADMIN], QUERYCONFIGCTXBAE=[ADMIN], SUBSYSTEMCTXBA=[ADMIN], REQUESTFROMINTERESTEDPARTIESCTXGD=[ADMIN], ANALYSISCTXPR=[ADMIN], DETECTIONTYPECTXAC=[ADMIN], INDICATORSCTXAC=[ADMIN], INDICATORMOVEMENTSCTXAC=[ADMIN], ANALYSISTYPECTXDI=[ADMIN], REPORTPRINTCTXPR=[ADMIN], QUERYCONFIGCTXORU=[ADMIN], TIMESHEETCTXOR=[ADMIN], ANALYSISCTXPA=[ADMIN], ATTACHMENTSOBJECTIVESCTXWE=[ADMIN], UOM=[ADMIN], INTERFACCIAMENTODATI=[ADMIN], TIPOLOGIEPERIODICTXAC=[ADMIN], QUERYCONFIGCTXORE=[ADMIN], RESERVEDINDICATORSCTXAC=[ADMIN], NATUREUNITCONTEXTRCTXAC=[ADMIN], ANALYSISTYPECTXTR=[ADMIN], ANALYSISCTXOR=[ADMIN]}
INFO  2026-04-07 00:38:10.611 i.m.g.m.d.ContentAndAttributesDao:getValidMenu [http-nio-8081-exec-9] - getValidMenu
INFO  2026-04-07 00:38:10.727 i.m.g.m.d.ContentAndAttributesDao:getValidMenu [http-nio-8081-exec-9] - size = 102
INFO  2026-04-07 00:38:10.728 i.m.g.m.d.ContentAndAttributesDao:getFolderMenu [http-nio-8081-exec-9] - getFolderMenu
INFO  2026-04-07 00:38:10.760 i.m.g.m.d.ContentAndAttributesDao:getFolderMenu [http-nio-8081-exec-9] - size = 66
INFO  2026-04-07 00:38:10.816 i.m.g.m.d.UserLoginDao:getUserLogin [http-nio-8081-exec-6] - getUserLogin
INFO  2026-04-07 00:38:10.819 i.m.g.m.d.UserLoginDao:getUserLogin [http-nio-8081-exec-6] - size 1
DEBUG 2026-04-07 00:38:10.820 i.m.g.s.JwtTokenFilter:doFilter [http-nio-8081-exec-6] - Token valid for user: developer
INFO  2026-04-07 00:38:10.907 i.m.g.m.d.UserLoginDao:getUserLogin [http-nio-8081-exec-4] - getUserLogin
INFO  2026-04-07 00:38:10.909 i.m.g.m.d.UserLoginDao:getUserLogin [http-nio-8081-exec-4] - size 1
DEBUG 2026-04-07 00:38:10.910 i.m.g.s.JwtTokenFilter:doFilter [http-nio-8081-exec-4] - Token valid for user: developer
INFO  2026-04-07 00:38:10.898 i.m.g.m.d.UserLoginDao:getUserLogin [http-nio-8081-exec-1] - getUserLogin
INFO  2026-04-07 00:38:10.927 i.m.g.m.d.UserLoginDao:getUserLogin [http-nio-8081-exec-1] - size 1
DEBUG 2026-04-07 00:38:10.928 i.m.g.s.JwtTokenFilter:doFilter [http-nio-8081-exec-1] - Token valid for user: developer
INFO  2026-04-07 00:38:11.088 i.m.g.s.NodeService:stream [http-nio-8081-exec-2] - stream default imagePath: /lmm/images/gzoom_logo.jpg
INFO  2026-04-07 00:38:11.089 i.m.g.m.d.PartyContentDao:getPartyContent [http-nio-8081-exec-2] - getPartyContent
INFO  2026-04-07 00:38:11.095 i.m.g.m.d.PartyContentDao:getPartyContent [http-nio-8081-exec-2] - size = 0
INFO  2026-04-07 00:38:11.299 i.m.g.m.d.UserLoginDao:getUserLogin [http-nio-8081-exec-3] - getUserLogin
INFO  2026-04-07 00:38:11.310 i.m.g.m.d.UserLoginDao:getUserLogin [http-nio-8081-exec-3] - size 1
DEBUG 2026-04-07 00:38:11.318 i.m.g.s.JwtTokenFilter:doFilter [http-nio-8081-exec-3] - Token valid for user: developer
INFO  2026-04-07 00:38:11.320 i.m.g.m.d.UserPreferenceDaoMB:getUserPreference [http-nio-8081-exec-3] - find userPreference by id
INFO  2026-04-07 00:38:11.347 i.m.g.m.d.UserPreferenceDaoMB:getUserPreference [http-nio-8081-exec-3] - UserPreference = true
INFO  2026-04-07 00:38:11.359 i.m.g.m.d.UserLoginDao:getUserLogin [http-nio-8081-exec-5] - getUserLogin
INFO  2026-04-07 00:38:11.373 i.m.g.m.d.UserPreferenceDaoMB:getUserPreference [http-nio-8081-exec-3] - find userPreference by id
INFO  2026-04-07 00:38:11.386 i.m.g.m.d.UserPreferenceDaoMB:getUserPreference [http-nio-8081-exec-3] - UserPreference = false
INFO  2026-04-07 00:38:11.388 i.m.g.m.d.UserLoginDao:getUserLogin [http-nio-8081-exec-5] - size 1
INFO  2026-04-07 00:38:11.392 i.m.g.m.d.UserLoginDao:getUserLogin [http-nio-8081-exec-6] - getUserLogin
DEBUG 2026-04-07 00:38:11.411 i.m.g.s.JwtTokenFilter:doFilter [http-nio-8081-exec-5] - Token valid for user: developer
INFO  2026-04-07 00:38:11.420 i.m.g.m.d.UserLoginDao:getUserLogin [http-nio-8081-exec-6] - size 1
INFO  2026-04-07 00:38:11.434 i.m.g.u.Manifests:getProductInfo [http-nio-8081-exec-4] - getProductInfo2.5.0rc1
INFO  2026-04-07 00:38:11.435 i.m.g.m.d.UserLoginDao:getUserLogin [http-nio-8081-exec-9] - getUserLogin
ERROR 2026-04-07 00:38:11.435 i.m.g.u.Manifests:initProductDate [http-nio-8081-exec-4] - Invalid product date format in MANIFEST.MF
INFO  2026-04-07 00:38:11.445 i.m.g.m.d.UserLoginDao:getUserLogin [http-nio-8081-exec-9] - size 1
INFO  2026-04-07 00:38:11.436 i.m.g.u.Manifests:getProductInfo [http-nio-8081-exec-4] - getProductInfoTue Apr 07 00:38:11 CEST 2026
DEBUG 2026-04-07 00:38:11.442 i.m.g.s.JwtTokenFilter:doFilter [http-nio-8081-exec-6] - Token valid for user: developer
DEBUG 2026-04-07 00:38:11.462 i.m.g.s.JwtTokenFilter:doFilter [http-nio-8081-exec-9] - Token valid for user: developer
INFO  2026-04-07 00:38:11.470 i.m.g.m.d.UserLoginValidPartyRoleDao:getUserLoginValidPartyRoleList [http-nio-8081-exec-9] - getUserLoginValidPartyRoleList
INFO  2026-04-07 00:38:11.471 i.m.g.m.d.UserLoginDao:getUserLogin [http-nio-8081-exec-6] - getUserLogin
INFO  2026-04-07 00:38:11.474 i.m.g.m.d.UserLoginDao:getUserLogin [http-nio-8081-exec-4] - getUserLogin
INFO  2026-04-07 00:38:11.479 i.m.g.m.d.UserLoginValidPartyRoleDao:getUserLoginValidPartyRoleList [http-nio-8081-exec-9] - size 0
INFO  2026-04-07 00:38:11.487 i.m.g.m.d.UserLoginDao:getUserLogin [http-nio-8081-exec-4] - size 1
INFO  2026-04-07 00:38:11.489 i.m.g.m.d.UserLoginDao:getUserLogin [http-nio-8081-exec-6] - size 1
DEBUG 2026-04-07 00:38:11.491 i.m.g.s.JwtTokenFilter:doFilter [http-nio-8081-exec-4] - Token valid for user: developer
INFO  2026-04-07 00:38:21.231 i.m.g.m.d.UserLoginDao:getUserLogin [http-nio-8081-exec-8] - getUserLogin
INFO  2026-04-07 00:38:21.234 i.m.g.m.d.UserLoginDao:getUserLogin [http-nio-8081-exec-8] - size 1
DEBUG 2026-04-07 00:38:21.235 i.m.g.s.JwtTokenFilter:doFilter [http-nio-8081-exec-8] - Token valid for user: developer
INFO  2026-04-07 00:38:21.237 i.m.g.m.d.UserLoginSecurityGroupDao:getDefaultPortalPage [http-nio-8081-exec-8] - getDefaultPortalPage
INFO  2026-04-07 00:38:21.239 i.m.g.m.d.UserLoginSecurityGroupDao:getDefaultPortalPage [http-nio-8081-exec-8] - size 0
INFO  2026-04-07 00:38:37.190 i.m.g.m.d.UserLoginDao:getUserLogin [http-nio-8081-exec-3] - getUserLogin
ERROR 2026-04-07 00:38:37.191 i.m.g.s.c.AuthController:getLoginMethod [http-nio-8081-exec-5] - no oneLoginSSOEnabledPropertyName and keycloakLoginEnabledPropertyName configuration found
INFO  2026-04-07 00:38:37.192 i.m.g.m.d.UserLoginDao:getUserLogin [http-nio-8081-exec-3] - size 1
DEBUG 2026-04-07 00:38:37.193 i.m.g.s.JwtTokenFilter:doFilter [http-nio-8081-exec-3] - Token valid for user: developer
INFO  2026-04-07 00:38:37.195 i.m.g.m.d.UserLoginDao:getUserLogin [http-nio-8081-exec-3] - getUserLogin
INFO  2026-04-07 00:38:37.197 i.m.g.m.d.UserLoginDao:getUserLogin [http-nio-8081-exec-3] - size 1
INFO  2026-04-07 00:38:37.198 i.m.g.m.d.UserLoginDao:getUserLogin [http-nio-8081-exec-3] - getUserLogin
INFO  2026-04-07 00:38:37.200 i.m.g.m.d.UserLoginDao:getUserLogin [http-nio-8081-exec-3] - size 1
INFO  2026-04-07 00:38:37.575 i.m.g.m.d.UserLoginDao:getUserLogin [http-nio-8081-exec-9] - getUserLogin
INFO  2026-04-07 00:38:37.577 i.m.g.m.d.UserLoginDao:getUserLogin [http-nio-8081-exec-6] - getUserLogin
INFO  2026-04-07 00:38:37.577 i.m.g.m.d.UserLoginDao:getUserLogin [http-nio-8081-exec-9] - size 1
DEBUG 2026-04-07 00:38:37.578 i.m.g.s.JwtTokenFilter:doFilter [http-nio-8081-exec-9] - Token valid for user: developer
INFO  2026-04-07 00:38:37.579 i.m.g.m.d.UserLoginDao:getUserLogin [http-nio-8081-exec-6] - size 1
INFO  2026-04-07 00:38:37.579 i.m.g.m.d.UserCtxPermissionViewDao:selectByUserLoginId [http-nio-8081-exec-9] - get UserCtxPermissionView by userLoginId
DEBUG 2026-04-07 00:38:37.580 i.m.g.s.JwtTokenFilter:doFilter [http-nio-8081-exec-6] - Token valid for user: developer
INFO  2026-04-07 00:38:37.582 i.m.g.m.d.UserLoginDao:getUserLogin [http-nio-8081-exec-10] - getUserLogin
INFO  2026-04-07 00:38:37.582 i.m.g.m.d.UserLoginDao:getUserLogin [http-nio-8081-exec-6] - getUserLogin
INFO  2026-04-07 00:38:37.585 i.m.g.m.d.UserLoginDao:getUserLogin [http-nio-8081-exec-6] - size 1
INFO  2026-04-07 00:38:37.585 i.m.g.m.d.UserLoginDao:getUserLogin [http-nio-8081-exec-10] - size 1
INFO  2026-04-07 00:38:37.586 i.m.g.m.d.UserLoginDao:getUserLogin [http-nio-8081-exec-6] - getUserLogin
INFO  2026-04-07 00:38:37.589 i.m.g.m.d.UserCtxPermissionViewDao:selectByUserLoginId [http-nio-8081-exec-9] - size = 4
INFO  2026-04-07 00:38:37.590 i.m.g.m.d.PartyNoteDao:getPartyNote [http-nio-8081-exec-7] - getPartyNote
INFO  2026-04-07 00:38:37.589 i.m.g.m.d.UserLoginDao:getUserLogin [http-nio-8081-exec-8] - getUserLogin
INFO  2026-04-07 00:38:37.591 i.m.g.m.d.UserLoginDao:getUserLogin [http-nio-8081-exec-6] - size 1
INFO  2026-04-07 00:38:37.593 i.m.g.m.d.UserLoginDao:getUserLogin [http-nio-8081-exec-8] - size 1
DEBUG 2026-04-07 00:38:37.589 i.m.g.s.JwtTokenFilter:doFilter [http-nio-8081-exec-10] - Token valid for user: developer
INFO  2026-04-07 00:38:37.595 i.m.g.m.d.SecurityPermissionDao:getPermission [http-nio-8081-exec-10] - getPermission
INFO  2026-04-07 00:38:37.601 i.m.g.m.d.PartyNoteDao:getPartyNote [http-nio-8081-exec-7] - size = 0
DEBUG 2026-04-07 00:38:37.600 i.m.g.s.JwtTokenFilter:doFilter [http-nio-8081-exec-8] - Token valid for user: developer
INFO  2026-04-07 00:38:37.614 i.m.g.m.d.SecurityPermissionDao:getPermission [http-nio-8081-exec-10] - size = 107
INFO  2026-04-07 00:38:37.617 i.m.g.s.MenuService:getMenu [http-nio-8081-exec-10] - mappa2 {TYPESATTACHMENTSOBJECTIVESCTXWE=[ADMIN], REPORTPRINTCTXOR=[ADMIN], UOMTYPE=[ADMIN], REPORTPRINTCTXPA=[ADMIN], ANALYSISCTXBS=[ADMIN], SECURITYGROUPSCTXBA=[ADMIN], ANALYSISTYPECTXEP=[ADMIN], QUERYCONFIGCTXBSU=[ADMIN], APPROVALPATHSCTXBA=[ADMIN], REPORTPRINTCTXGD=[ADMIN], CONSULTINGLOGCTXBA=[ADMIN], QUERYCONFIGCTXGDU=[ADMIN], NOTESOBJECTIVESCTXWE=[ADMIN], WORKEFFORTCTXWE=[ADMIN], QUERYCONFIGCTXBSE=[ADMIN], QUERYCONFIGURATIONCTXWE=[ADMIN], ECONOMICINDICATORSCTXAC=[ADMIN], ANALYSISTYPECTXWE=[ADMIN], ANALYSISCTXRE=[ADMIN], QUERYCONFIGCTXEPU=[ADMIN], QUERYCONFIGCTXGDE=[ADMIN], SUBSYSTEMTYPESCTXBA=[ADMIN], PURPOSECTXAC=[ADMIN], ANALYSISCTXDI=[ADMIN], RELATIONSHIPSOBJECTIVESCTXWE=[ADMIN], EXTRAACCOUNTINGUNITTYPESCTXAC=[ADMIN], ANALYSISTYPECTXOR=[ADMIN], FINANCIALINDICATORSCTXAC=[ADMIN], QUERYCONFIGCTXPAE=[ADMIN], QUERYCONFIGCTXREE=[ADMIN], SUBJECTSOBJECTIVESCTXWE=[ADMIN], QUERYCONFIGCTXCGU=[ADMIN], REPORTPRINTCTXEP=[ADMIN], QUERYCONFIGCTXDIU=[ADMIN], QUERYCONFIGCTXPYU=[ADMIN], QUERYCONFIGCTXCOU=[ADMIN], EXTRACTQUERYCONFIGURATIONCTXWE=[ADMIN], CUSTOM=[ADMIN], QUERYCONFIGCTXACE=[ADMIN], ANALYSISCTXTR=[ADMIN], RESERVEDINDICATORMOVEMENTSCTXAC=[ADMIN], QUERYCONFIGCTXCGE=[ADMIN], QUERYCONFIGCTXDIE=[ADMIN], ANALYSISTYPECTXGD=[ADMIN], QUERYCONFIGCTXPYE=[ADMIN], ANALYSISTYPECTXPR=[ADMIN], QUERYCONFIGCTXCOE=[ADMIN], REPORTPRINTCTXDI=[ADMIN], FINANCIALACCOUNTINGUNITTYPESCTXAC=[ADMIN], ANALYSISCTXCO=[ADMIN], MEASURESOBJECTIVESCTXWE=[ADMIN], ANALYSISTYPECTXPA=[ADMIN], REPORTPRINTCTXTR=[ADMIN], TYPOLOGIESROLESSUBJECTSCTXPY=[ADMIN], SCHEDULERCTXBA=[ADMIN], ANALYSISCTXCG=[ADMIN], OBJECTIVECODESCTXWE=[ADMIN], QUERYCONFIGCTXCAU=[ADMIN], CALCULATIONFORMULASCTXAC=[ADMIN], REPORTPRINTCTXCG=[ADMIN], FINANCIALINDICATORMOVEMENTSCTXAC=[ADMIN], REPORTPRINTCTXCO=[ADMIN], ECONOMICSPOSITIONSCTXPY=[ADMIN], TYPESRELATIONSHIPSBETWEENSUBJECTSCTXPY=[ADMIN], QUERYCONFIGCTXTRU=[ADMIN], ANALYSISCTXEP=[ADMIN], PERIODSCTXAC=[ADMIN], QUERYCONFIGCTXPRU=[ADMIN], REPORTPRINTCTXBS=[ADMIN], ECONPATRACCOUNTINGUNITTYPESCTXAC=[ADMIN], ECONOMICINDICATORMOVEMENTSCTXAC=[ADMIN], REPORTPRINTCTXRE=[ADMIN], QUERYCONFIGCTXTRE=[ADMIN], ANALYSISTYPECTXRE=[ADMIN], QUERYCONFIGCTXPAU=[ADMIN], QUERYCONFIGCTXPRE=[ADMIN], QUERYCONFIGCTXREU=[ADMIN], QUERYCONFIGCTXEPE=[ADMIN], RANGESOFVALUESCTXAC=[ADMIN], QUERYCONFIG=[ADMIN], TIMESHEETCTXPR=[ADMIN], ANALYSISTYPECTXCG=[ADMIN], TIMESHEET=[ADMIN], TYPOLOGYRELATIONSHIPSOBJECTIVESCTXWE=[ADMIN], ANALYSISTYPECTXCO=[ADMIN], ANALYSISTYPECTXBS=[ADMIN], QUERYCONFIGCTXBAE=[ADMIN], SUBSYSTEMCTXBA=[ADMIN], REQUESTFROMINTERESTEDPARTIESCTXGD=[ADMIN], ANALYSISCTXPR=[ADMIN], DETECTIONTYPECTXAC=[ADMIN], INDICATORSCTXAC=[ADMIN], INDICATORMOVEMENTSCTXAC=[ADMIN], ANALYSISTYPECTXDI=[ADMIN], REPORTPRINTCTXPR=[ADMIN], QUERYCONFIGCTXORU=[ADMIN], TIMESHEETCTXOR=[ADMIN], ANALYSISCTXPA=[ADMIN], ATTACHMENTSOBJECTIVESCTXWE=[ADMIN], UOM=[ADMIN], INTERFACCIAMENTODATI=[ADMIN], TIPOLOGIEPERIODICTXAC=[ADMIN], QUERYCONFIGCTXORE=[ADMIN], RESERVEDINDICATORSCTXAC=[ADMIN], NATUREUNITCONTEXTRCTXAC=[ADMIN], ANALYSISTYPECTXTR=[ADMIN], ANALYSISCTXOR=[ADMIN]}
INFO  2026-04-07 00:38:37.617 i.m.g.m.d.ContentAndAttributesDao:getValidMenu [http-nio-8081-exec-10] - getValidMenu
INFO  2026-04-07 00:38:37.619 i.m.g.m.d.UserPreferenceDaoMB:getUserPreference [http-nio-8081-exec-8] - find userPreference by id
INFO  2026-04-07 00:38:37.620 i.m.g.m.d.UserPreferenceDaoMB:getUserPreference [http-nio-8081-exec-8] - UserPreference = false
INFO  2026-04-07 00:38:37.621 i.m.g.m.d.UserPreferenceDaoMB:getUserPreference [http-nio-8081-exec-8] - find userPreference by id
INFO  2026-04-07 00:38:37.622 i.m.g.m.d.UserPreferenceDaoMB:getUserPreference [http-nio-8081-exec-8] - UserPreference = false
INFO  2026-04-07 00:38:37.687 i.m.g.m.d.ContentAndAttributesDao:getValidMenu [http-nio-8081-exec-10] - size = 102
INFO  2026-04-07 00:38:37.688 i.m.g.m.d.ContentAndAttributesDao:getFolderMenu [http-nio-8081-exec-10] - getFolderMenu
INFO  2026-04-07 00:38:37.712 i.m.g.m.d.ContentAndAttributesDao:getFolderMenu [http-nio-8081-exec-10] - size = 66
INFO  2026-04-07 00:38:37.734 i.m.g.m.d.UserLoginDao:getUserLogin [http-nio-8081-exec-2] - getUserLogin
INFO  2026-04-07 00:38:37.736 i.m.g.m.d.UserLoginDao:getUserLogin [http-nio-8081-exec-2] - size 1
DEBUG 2026-04-07 00:38:37.737 i.m.g.s.JwtTokenFilter:doFilter [http-nio-8081-exec-2] - Token valid for user: developer
INFO  2026-04-07 00:38:37.776 i.m.g.m.d.UserLoginDao:getUserLogin [http-nio-8081-exec-9] - getUserLogin
INFO  2026-04-07 00:38:37.784 i.m.g.m.d.UserLoginDao:getUserLogin [http-nio-8081-exec-9] - size 1
DEBUG 2026-04-07 00:38:37.788 i.m.g.s.JwtTokenFilter:doFilter [http-nio-8081-exec-9] - Token valid for user: developer
INFO  2026-04-07 00:38:37.787 i.m.g.m.d.UserLoginDao:getUserLogin [http-nio-8081-exec-7] - getUserLogin
INFO  2026-04-07 00:38:37.795 i.m.g.s.NodeService:stream [http-nio-8081-exec-6] - stream default imagePath: /lmm/images/gzoom_logo.jpg
INFO  2026-04-07 00:38:37.796 i.m.g.m.d.PartyContentDao:getPartyContent [http-nio-8081-exec-6] - getPartyContent
INFO  2026-04-07 00:38:37.800 i.m.g.m.d.PartyContentDao:getPartyContent [http-nio-8081-exec-6] - size = 0
INFO  2026-04-07 00:38:37.803 i.m.g.m.d.UserLoginDao:getUserLogin [http-nio-8081-exec-7] - size 1
DEBUG 2026-04-07 00:38:37.805 i.m.g.s.JwtTokenFilter:doFilter [http-nio-8081-exec-7] - Token valid for user: developer
INFO  2026-04-07 00:38:37.962 i.m.g.m.d.UserLoginDao:getUserLogin [http-nio-8081-exec-5] - getUserLogin
INFO  2026-04-07 00:38:37.967 i.m.g.m.d.UserLoginDao:getUserLogin [http-nio-8081-exec-5] - size 1
INFO  2026-04-07 00:38:37.968 i.m.g.m.d.UserLoginDao:getUserLogin [http-nio-8081-exec-3] - getUserLogin
INFO  2026-04-07 00:38:37.970 i.m.g.m.d.UserLoginDao:getUserLogin [http-nio-8081-exec-3] - size 1
INFO  2026-04-07 00:38:37.970 i.m.g.m.d.UserLoginDao:getUserLogin [http-nio-8081-exec-2] - getUserLogin
DEBUG 2026-04-07 00:38:37.971 i.m.g.s.JwtTokenFilter:doFilter [http-nio-8081-exec-3] - Token valid for user: developer
DEBUG 2026-04-07 00:38:37.975 i.m.g.s.JwtTokenFilter:doFilter [http-nio-8081-exec-5] - Token valid for user: developer
INFO  2026-04-07 00:38:37.975 i.m.g.m.d.UserLoginDao:getUserLogin [http-nio-8081-exec-1] - getUserLogin
INFO  2026-04-07 00:38:37.980 i.m.g.m.d.UserPreferenceDaoMB:getUserPreference [http-nio-8081-exec-5] - find userPreference by id
INFO  2026-04-07 00:38:37.986 i.m.g.m.d.UserPreferenceDaoMB:getUserPreference [http-nio-8081-exec-5] - UserPreference = true
INFO  2026-04-07 00:38:37.987 i.m.g.m.d.UserLoginDao:getUserLogin [http-nio-8081-exec-2] - size 1
INFO  2026-04-07 00:38:37.988 i.m.g.m.d.UserPreferenceDaoMB:getUserPreference [http-nio-8081-exec-5] - find userPreference by id
DEBUG 2026-04-07 00:38:37.989 i.m.g.s.JwtTokenFilter:doFilter [http-nio-8081-exec-2] - Token valid for user: developer
INFO  2026-04-07 00:38:37.990 i.m.g.m.d.UserLoginDao:getUserLogin [http-nio-8081-exec-2] - getUserLogin
INFO  2026-04-07 00:38:37.991 i.m.g.m.d.UserPreferenceDaoMB:getUserPreference [http-nio-8081-exec-5] - UserPreference = false
INFO  2026-04-07 00:38:37.993 i.m.g.m.d.UserLoginDao:getUserLogin [http-nio-8081-exec-2] - size 1
INFO  2026-04-07 00:38:37.998 i.m.g.m.d.UserLoginDao:getUserLogin [http-nio-8081-exec-1] - size 1
DEBUG 2026-04-07 00:38:37.999 i.m.g.s.JwtTokenFilter:doFilter [http-nio-8081-exec-1] - Token valid for user: developer
INFO  2026-04-07 00:38:38.010 i.m.g.m.d.UserLoginValidPartyRoleDao:getUserLoginValidPartyRoleList [http-nio-8081-exec-1] - getUserLoginValidPartyRoleList
INFO  2026-04-07 00:38:38.027 i.m.g.m.d.UserLoginValidPartyRoleDao:getUserLoginValidPartyRoleList [http-nio-8081-exec-1] - size 0
INFO  2026-04-07 00:38:38.036 i.m.g.u.Manifests:getProductInfo [http-nio-8081-exec-9] - getProductInfo2.5.0rc1
ERROR 2026-04-07 00:38:38.038 i.m.g.u.Manifests:initProductDate [http-nio-8081-exec-9] - Invalid product date format in MANIFEST.MF
INFO  2026-04-07 00:38:38.040 i.m.g.u.Manifests:getProductInfo [http-nio-8081-exec-9] - getProductInfoTue Apr 07 00:38:38 CEST 2026
INFO  2026-04-07 00:38:38.066 i.m.g.m.d.UserLoginDao:getUserLogin [http-nio-8081-exec-6] - getUserLogin
INFO  2026-04-07 00:38:38.075 i.m.g.m.d.UserLoginDao:getUserLogin [http-nio-8081-exec-6] - size 1
DEBUG 2026-04-07 00:38:38.078 i.m.g.s.JwtTokenFilter:doFilter [http-nio-8081-exec-6] - Token valid for user: developer
ERROR 2026-04-07 00:38:59.469 i.m.g.s.c.AuthController:getLoginMethod [http-nio-8081-exec-4] - no oneLoginSSOEnabledPropertyName and keycloakLoginEnabledPropertyName configuration found
INFO  2026-04-07 00:38:59.473 i.m.g.m.d.UserLoginDao:getUserLogin [http-nio-8081-exec-3] - getUserLogin
INFO  2026-04-07 00:38:59.475 i.m.g.m.d.UserLoginDao:getUserLogin [http-nio-8081-exec-3] - size 1
DEBUG 2026-04-07 00:38:59.476 i.m.g.s.JwtTokenFilter:doFilter [http-nio-8081-exec-3] - Token valid for user: developer
INFO  2026-04-07 00:38:59.478 i.m.g.m.d.UserLoginDao:getUserLogin [http-nio-8081-exec-3] - getUserLogin
INFO  2026-04-07 00:38:59.480 i.m.g.m.d.UserLoginDao:getUserLogin [http-nio-8081-exec-3] - size 1
INFO  2026-04-07 00:38:59.482 i.m.g.m.d.UserLoginDao:getUserLogin [http-nio-8081-exec-3] - getUserLogin
INFO  2026-04-07 00:38:59.484 i.m.g.m.d.UserLoginDao:getUserLogin [http-nio-8081-exec-3] - size 1
INFO  2026-04-07 00:38:59.912 i.m.g.m.d.UserLoginDao:getUserLogin [http-nio-8081-exec-8] - getUserLogin
INFO  2026-04-07 00:38:59.912 i.m.g.m.d.PartyNoteDao:getPartyNote [http-nio-8081-exec-6] - getPartyNote
INFO  2026-04-07 00:38:59.913 i.m.g.m.d.UserLoginDao:getUserLogin [http-nio-8081-exec-9] - getUserLogin
INFO  2026-04-07 00:38:59.916 i.m.g.m.d.UserLoginDao:getUserLogin [http-nio-8081-exec-10] - getUserLogin
INFO  2026-04-07 00:38:59.917 i.m.g.m.d.UserLoginDao:getUserLogin [http-nio-8081-exec-8] - size 1
INFO  2026-04-07 00:38:59.920 i.m.g.m.d.UserLoginDao:getUserLogin [http-nio-8081-exec-9] - size 1
INFO  2026-04-07 00:38:59.918 i.m.g.m.d.UserLoginDao:getUserLogin [http-nio-8081-exec-10] - size 1
INFO  2026-04-07 00:38:59.917 i.m.g.m.d.PartyNoteDao:getPartyNote [http-nio-8081-exec-6] - size = 0
INFO  2026-04-07 00:38:59.921 i.m.g.m.d.UserLoginDao:getUserLogin [http-nio-8081-exec-7] - getUserLogin
DEBUG 2026-04-07 00:38:59.922 i.m.g.s.JwtTokenFilter:doFilter [http-nio-8081-exec-8] - Token valid for user: developer
INFO  2026-04-07 00:38:59.924 i.m.g.m.d.UserCtxPermissionViewDao:selectByUserLoginId [http-nio-8081-exec-8] - get UserCtxPermissionView by userLoginId
DEBUG 2026-04-07 00:38:59.925 i.m.g.s.JwtTokenFilter:doFilter [http-nio-8081-exec-10] - Token valid for user: developer
INFO  2026-04-07 00:38:59.926 i.m.g.m.d.UserPreferenceDaoMB:getUserPreference [http-nio-8081-exec-10] - find userPreference by id
DEBUG 2026-04-07 00:38:59.927 i.m.g.s.JwtTokenFilter:doFilter [http-nio-8081-exec-9] - Token valid for user: developer
INFO  2026-04-07 00:38:59.926 i.m.g.m.d.UserLoginDao:getUserLogin [http-nio-8081-exec-7] - size 1
INFO  2026-04-07 00:38:59.928 i.m.g.m.d.UserPreferenceDaoMB:getUserPreference [http-nio-8081-exec-10] - UserPreference = false
INFO  2026-04-07 00:38:59.929 i.m.g.m.d.UserLoginDao:getUserLogin [http-nio-8081-exec-9] - getUserLogin
INFO  2026-04-07 00:38:59.932 i.m.g.m.d.UserPreferenceDaoMB:getUserPreference [http-nio-8081-exec-10] - find userPreference by id
DEBUG 2026-04-07 00:38:59.934 i.m.g.s.JwtTokenFilter:doFilter [http-nio-8081-exec-7] - Token valid for user: developer
INFO  2026-04-07 00:38:59.937 i.m.g.m.d.SecurityPermissionDao:getPermission [http-nio-8081-exec-7] - getPermission
INFO  2026-04-07 00:38:59.938 i.m.g.m.d.UserLoginDao:getUserLogin [http-nio-8081-exec-9] - size 1
INFO  2026-04-07 00:38:59.939 i.m.g.m.d.UserLoginDao:getUserLogin [http-nio-8081-exec-9] - getUserLogin
INFO  2026-04-07 00:38:59.941 i.m.g.m.d.UserPreferenceDaoMB:getUserPreference [http-nio-8081-exec-10] - UserPreference = false
INFO  2026-04-07 00:38:59.941 i.m.g.m.d.UserCtxPermissionViewDao:selectByUserLoginId [http-nio-8081-exec-8] - size = 4
INFO  2026-04-07 00:38:59.943 i.m.g.m.d.UserLoginDao:getUserLogin [http-nio-8081-exec-9] - size 1
INFO  2026-04-07 00:38:59.953 i.m.g.m.d.SecurityPermissionDao:getPermission [http-nio-8081-exec-7] - size = 107
INFO  2026-04-07 00:38:59.956 i.m.g.s.MenuService:getMenu [http-nio-8081-exec-7] - mappa2 {TYPESATTACHMENTSOBJECTIVESCTXWE=[ADMIN], REPORTPRINTCTXOR=[ADMIN], UOMTYPE=[ADMIN], REPORTPRINTCTXPA=[ADMIN], ANALYSISCTXBS=[ADMIN], SECURITYGROUPSCTXBA=[ADMIN], ANALYSISTYPECTXEP=[ADMIN], QUERYCONFIGCTXBSU=[ADMIN], APPROVALPATHSCTXBA=[ADMIN], REPORTPRINTCTXGD=[ADMIN], CONSULTINGLOGCTXBA=[ADMIN], QUERYCONFIGCTXGDU=[ADMIN], NOTESOBJECTIVESCTXWE=[ADMIN], WORKEFFORTCTXWE=[ADMIN], QUERYCONFIGCTXBSE=[ADMIN], QUERYCONFIGURATIONCTXWE=[ADMIN], ECONOMICINDICATORSCTXAC=[ADMIN], ANALYSISTYPECTXWE=[ADMIN], ANALYSISCTXRE=[ADMIN], QUERYCONFIGCTXEPU=[ADMIN], QUERYCONFIGCTXGDE=[ADMIN], SUBSYSTEMTYPESCTXBA=[ADMIN], PURPOSECTXAC=[ADMIN], ANALYSISCTXDI=[ADMIN], RELATIONSHIPSOBJECTIVESCTXWE=[ADMIN], EXTRAACCOUNTINGUNITTYPESCTXAC=[ADMIN], ANALYSISTYPECTXOR=[ADMIN], FINANCIALINDICATORSCTXAC=[ADMIN], QUERYCONFIGCTXPAE=[ADMIN], QUERYCONFIGCTXREE=[ADMIN], SUBJECTSOBJECTIVESCTXWE=[ADMIN], QUERYCONFIGCTXCGU=[ADMIN], REPORTPRINTCTXEP=[ADMIN], QUERYCONFIGCTXDIU=[ADMIN], QUERYCONFIGCTXPYU=[ADMIN], QUERYCONFIGCTXCOU=[ADMIN], EXTRACTQUERYCONFIGURATIONCTXWE=[ADMIN], CUSTOM=[ADMIN], QUERYCONFIGCTXACE=[ADMIN], ANALYSISCTXTR=[ADMIN], RESERVEDINDICATORMOVEMENTSCTXAC=[ADMIN], QUERYCONFIGCTXCGE=[ADMIN], QUERYCONFIGCTXDIE=[ADMIN], ANALYSISTYPECTXGD=[ADMIN], QUERYCONFIGCTXPYE=[ADMIN], ANALYSISTYPECTXPR=[ADMIN], QUERYCONFIGCTXCOE=[ADMIN], REPORTPRINTCTXDI=[ADMIN], FINANCIALACCOUNTINGUNITTYPESCTXAC=[ADMIN], ANALYSISCTXCO=[ADMIN], MEASURESOBJECTIVESCTXWE=[ADMIN], ANALYSISTYPECTXPA=[ADMIN], REPORTPRINTCTXTR=[ADMIN], TYPOLOGIESROLESSUBJECTSCTXPY=[ADMIN], SCHEDULERCTXBA=[ADMIN], ANALYSISCTXCG=[ADMIN], OBJECTIVECODESCTXWE=[ADMIN], QUERYCONFIGCTXCAU=[ADMIN], CALCULATIONFORMULASCTXAC=[ADMIN], REPORTPRINTCTXCG=[ADMIN], FINANCIALINDICATORMOVEMENTSCTXAC=[ADMIN], REPORTPRINTCTXCO=[ADMIN], ECONOMICSPOSITIONSCTXPY=[ADMIN], TYPESRELATIONSHIPSBETWEENSUBJECTSCTXPY=[ADMIN], QUERYCONFIGCTXTRU=[ADMIN], ANALYSISCTXEP=[ADMIN], PERIODSCTXAC=[ADMIN], QUERYCONFIGCTXPRU=[ADMIN], REPORTPRINTCTXBS=[ADMIN], ECONPATRACCOUNTINGUNITTYPESCTXAC=[ADMIN], ECONOMICINDICATORMOVEMENTSCTXAC=[ADMIN], REPORTPRINTCTXRE=[ADMIN], QUERYCONFIGCTXTRE=[ADMIN], ANALYSISTYPECTXRE=[ADMIN], QUERYCONFIGCTXPAU=[ADMIN], QUERYCONFIGCTXPRE=[ADMIN], QUERYCONFIGCTXREU=[ADMIN], QUERYCONFIGCTXEPE=[ADMIN], RANGESOFVALUESCTXAC=[ADMIN], QUERYCONFIG=[ADMIN], TIMESHEETCTXPR=[ADMIN], ANALYSISTYPECTXCG=[ADMIN], TIMESHEET=[ADMIN], TYPOLOGYRELATIONSHIPSOBJECTIVESCTXWE=[ADMIN], ANALYSISTYPECTXCO=[ADMIN], ANALYSISTYPECTXBS=[ADMIN], QUERYCONFIGCTXBAE=[ADMIN], SUBSYSTEMCTXBA=[ADMIN], REQUESTFROMINTERESTEDPARTIESCTXGD=[ADMIN], ANALYSISCTXPR=[ADMIN], DETECTIONTYPECTXAC=[ADMIN], INDICATORSCTXAC=[ADMIN], INDICATORMOVEMENTSCTXAC=[ADMIN], ANALYSISTYPECTXDI=[ADMIN], REPORTPRINTCTXPR=[ADMIN], QUERYCONFIGCTXORU=[ADMIN], TIMESHEETCTXOR=[ADMIN], ANALYSISCTXPA=[ADMIN], ATTACHMENTSOBJECTIVESCTXWE=[ADMIN], UOM=[ADMIN], INTERFACCIAMENTODATI=[ADMIN], TIPOLOGIEPERIODICTXAC=[ADMIN], QUERYCONFIGCTXORE=[ADMIN], RESERVEDINDICATORSCTXAC=[ADMIN], NATUREUNITCONTEXTRCTXAC=[ADMIN], ANALYSISTYPECTXTR=[ADMIN], ANALYSISCTXOR=[ADMIN]}
INFO  2026-04-07 00:38:59.956 i.m.g.m.d.ContentAndAttributesDao:getValidMenu [http-nio-8081-exec-7] - getValidMenu
INFO  2026-04-07 00:39:00.037 i.m.g.m.d.ContentAndAttributesDao:getValidMenu [http-nio-8081-exec-7] - size = 102
INFO  2026-04-07 00:39:00.038 i.m.g.m.d.ContentAndAttributesDao:getFolderMenu [http-nio-8081-exec-7] - getFolderMenu
INFO  2026-04-07 00:39:00.060 i.m.g.m.d.ContentAndAttributesDao:getFolderMenu [http-nio-8081-exec-7] - size = 66
INFO  2026-04-07 00:39:00.094 i.m.g.m.d.UserLoginDao:getUserLogin [http-nio-8081-exec-5] - getUserLogin
INFO  2026-04-07 00:39:00.096 i.m.g.m.d.UserLoginDao:getUserLogin [http-nio-8081-exec-5] - size 1
DEBUG 2026-04-07 00:39:00.097 i.m.g.s.JwtTokenFilter:doFilter [http-nio-8081-exec-5] - Token valid for user: developer
INFO  2026-04-07 00:39:00.156 i.m.g.m.d.UserLoginDao:getUserLogin [http-nio-8081-exec-6] - getUserLogin
INFO  2026-04-07 00:39:00.158 i.m.g.m.d.UserLoginDao:getUserLogin [http-nio-8081-exec-6] - size 1
INFO  2026-04-07 00:39:00.158 i.m.g.m.d.UserLoginDao:getUserLogin [http-nio-8081-exec-10] - getUserLogin
DEBUG 2026-04-07 00:39:00.158 i.m.g.s.JwtTokenFilter:doFilter [http-nio-8081-exec-6] - Token valid for user: developer
INFO  2026-04-07 00:39:00.162 i.m.g.m.d.UserLoginDao:getUserLogin [http-nio-8081-exec-10] - size 1
INFO  2026-04-07 00:39:00.163 i.m.g.m.d.UserLoginDao:getUserLogin [http-nio-8081-exec-8] - getUserLogin
DEBUG 2026-04-07 00:39:00.163 i.m.g.s.JwtTokenFilter:doFilter [http-nio-8081-exec-10] - Token valid for user: developer
INFO  2026-04-07 00:39:00.159 i.m.g.m.d.UserLoginSecurityGroupDao:getDefaultPortalPage [http-nio-8081-exec-6] - getDefaultPortalPage
INFO  2026-04-07 00:39:00.170 i.m.g.s.NodeService:stream [http-nio-8081-exec-9] - stream default imagePath: /lmm/images/gzoom_logo.jpg
INFO  2026-04-07 00:39:00.170 i.m.g.m.d.UserLoginSecurityGroupDao:getDefaultPortalPage [http-nio-8081-exec-6] - size 0
INFO  2026-04-07 00:39:00.171 i.m.g.m.d.PartyContentDao:getPartyContent [http-nio-8081-exec-9] - getPartyContent
INFO  2026-04-07 00:39:00.168 i.m.g.m.d.UserLoginDao:getUserLogin [http-nio-8081-exec-8] - size 1
DEBUG 2026-04-07 00:39:00.180 i.m.g.s.JwtTokenFilter:doFilter [http-nio-8081-exec-8] - Token valid for user: developer
INFO  2026-04-07 00:39:00.181 i.m.g.m.d.PartyContentDao:getPartyContent [http-nio-8081-exec-9] - size = 0
INFO  2026-04-07 00:39:00.448 i.m.g.m.d.UserLoginDao:getUserLogin [http-nio-8081-exec-3] - getUserLogin
INFO  2026-04-07 00:39:00.452 i.m.g.m.d.UserLoginDao:getUserLogin [http-nio-8081-exec-3] - size 1
DEBUG 2026-04-07 00:39:00.453 i.m.g.s.JwtTokenFilter:doFilter [http-nio-8081-exec-3] - Token valid for user: developer
INFO  2026-04-07 00:39:00.461 i.m.g.m.d.UserPreferenceDaoMB:getUserPreference [http-nio-8081-exec-3] - find userPreference by id
INFO  2026-04-07 00:39:00.463 i.m.g.m.d.UserPreferenceDaoMB:getUserPreference [http-nio-8081-exec-3] - UserPreference = true
INFO  2026-04-07 00:39:00.464 i.m.g.m.d.UserPreferenceDaoMB:getUserPreference [http-nio-8081-exec-3] - find userPreference by id
INFO  2026-04-07 00:39:00.467 i.m.g.m.d.UserLoginDao:getUserLogin [http-nio-8081-exec-2] - getUserLogin
INFO  2026-04-07 00:39:00.470 i.m.g.m.d.UserPreferenceDaoMB:getUserPreference [http-nio-8081-exec-3] - UserPreference = false
INFO  2026-04-07 00:39:00.485 i.m.g.m.d.UserLoginDao:getUserLogin [http-nio-8081-exec-1] - getUserLogin
INFO  2026-04-07 00:39:00.470 i.m.g.m.d.UserLoginDao:getUserLogin [http-nio-8081-exec-5] - getUserLogin
INFO  2026-04-07 00:39:00.489 i.m.g.m.d.UserLoginDao:getUserLogin [http-nio-8081-exec-1] - size 1
INFO  2026-04-07 00:39:00.490 i.m.g.m.d.UserLoginDao:getUserLogin [http-nio-8081-exec-2] - size 1
INFO  2026-04-07 00:39:00.491 i.m.g.m.d.UserLoginDao:getUserLogin [http-nio-8081-exec-5] - size 1
DEBUG 2026-04-07 00:39:00.491 i.m.g.s.JwtTokenFilter:doFilter [http-nio-8081-exec-1] - Token valid for user: developer
DEBUG 2026-04-07 00:39:00.492 i.m.g.s.JwtTokenFilter:doFilter [http-nio-8081-exec-5] - Token valid for user: developer
INFO  2026-04-07 00:39:00.494 i.m.g.m.d.UserLoginDao:getUserLogin [http-nio-8081-exec-1] - getUserLogin
INFO  2026-04-07 00:39:00.497 i.m.g.m.d.UserLoginDao:getUserLogin [http-nio-8081-exec-1] - size 1
INFO  2026-04-07 00:39:00.496 i.m.g.m.d.UserLoginValidPartyRoleDao:getUserLoginValidPartyRoleList [http-nio-8081-exec-5] - getUserLoginValidPartyRoleList
DEBUG 2026-04-07 00:39:00.499 i.m.g.s.JwtTokenFilter:doFilter [http-nio-8081-exec-2] - Token valid for user: developer
INFO  2026-04-07 00:39:00.504 i.m.g.m.d.UserLoginValidPartyRoleDao:getUserLoginValidPartyRoleList [http-nio-8081-exec-5] - size 0
INFO  2026-04-07 00:39:00.544 i.m.g.u.Manifests:getProductInfo [http-nio-8081-exec-6] - getProductInfo2.5.0rc1
ERROR 2026-04-07 00:39:00.545 i.m.g.u.Manifests:initProductDate [http-nio-8081-exec-6] - Invalid product date format in MANIFEST.MF
INFO  2026-04-07 00:39:00.546 i.m.g.u.Manifests:getProductInfo [http-nio-8081-exec-6] - getProductInfoTue Apr 07 00:39:00 CEST 2026
INFO  2026-04-07 00:39:00.553 i.m.g.m.d.UserLoginDao:getUserLogin [http-nio-8081-exec-9] - getUserLogin
INFO  2026-04-07 00:39:00.562 i.m.g.m.d.UserLoginDao:getUserLogin [http-nio-8081-exec-9] - size 1
DEBUG 2026-04-07 00:39:00.572 i.m.g.s.JwtTokenFilter:doFilter [http-nio-8081-exec-9] - Token valid for user: developer
ERROR 2026-04-07 00:39:13.534 i.m.g.s.c.AuthController:getLoginMethod [http-nio-8081-exec-7] - no oneLoginSSOEnabledPropertyName and keycloakLoginEnabledPropertyName configuration found
INFO  2026-04-07 00:39:13.541 i.m.g.m.d.UserLoginDao:getUserLogin [http-nio-8081-exec-3] - getUserLogin
INFO  2026-04-07 00:39:13.548 i.m.g.m.d.UserLoginDao:getUserLogin [http-nio-8081-exec-3] - size 1
DEBUG 2026-04-07 00:39:13.551 i.m.g.s.JwtTokenFilter:doFilter [http-nio-8081-exec-3] - Token valid for user: developer
INFO  2026-04-07 00:39:13.553 i.m.g.m.d.UserLoginDao:getUserLogin [http-nio-8081-exec-3] - getUserLogin
INFO  2026-04-07 00:39:13.556 i.m.g.m.d.UserLoginDao:getUserLogin [http-nio-8081-exec-3] - size 1
INFO  2026-04-07 00:39:13.557 i.m.g.m.d.UserLoginDao:getUserLogin [http-nio-8081-exec-3] - getUserLogin
INFO  2026-04-07 00:39:13.560 i.m.g.m.d.UserLoginDao:getUserLogin [http-nio-8081-exec-3] - size 1
INFO  2026-04-07 00:39:14.117 i.m.g.m.d.UserLoginDao:getUserLogin [http-nio-8081-exec-6] - getUserLogin
INFO  2026-04-07 00:39:14.119 i.m.g.m.d.UserLoginDao:getUserLogin [http-nio-8081-exec-6] - size 1
DEBUG 2026-04-07 00:39:14.123 i.m.g.s.JwtTokenFilter:doFilter [http-nio-8081-exec-6] - Token valid for user: developer
INFO  2026-04-07 00:39:14.125 i.m.g.m.d.UserCtxPermissionViewDao:selectByUserLoginId [http-nio-8081-exec-6] - get UserCtxPermissionView by userLoginId
INFO  2026-04-07 00:39:14.133 i.m.g.m.d.UserCtxPermissionViewDao:selectByUserLoginId [http-nio-8081-exec-6] - size = 4
INFO  2026-04-07 00:39:14.156 i.m.g.m.d.UserLoginDao:getUserLogin [http-nio-8081-exec-8] - getUserLogin
INFO  2026-04-07 00:39:14.158 i.m.g.m.d.UserLoginDao:getUserLogin [http-nio-8081-exec-4] - getUserLogin
INFO  2026-04-07 00:39:14.162 i.m.g.m.d.UserLoginDao:getUserLogin [http-nio-8081-exec-8] - size 1
DEBUG 2026-04-07 00:39:14.164 i.m.g.s.JwtTokenFilter:doFilter [http-nio-8081-exec-8] - Token valid for user: developer
INFO  2026-04-07 00:39:14.165 i.m.g.m.d.UserLoginDao:getUserLogin [http-nio-8081-exec-10] - getUserLogin
INFO  2026-04-07 00:39:14.167 i.m.g.m.d.UserLoginDao:getUserLogin [http-nio-8081-exec-8] - getUserLogin
INFO  2026-04-07 00:39:14.167 i.m.g.m.d.UserLoginDao:getUserLogin [http-nio-8081-exec-10] - size 1
INFO  2026-04-07 00:39:14.164 i.m.g.m.d.UserLoginDao:getUserLogin [http-nio-8081-exec-4] - size 1
DEBUG 2026-04-07 00:39:14.168 i.m.g.s.JwtTokenFilter:doFilter [http-nio-8081-exec-10] - Token valid for user: developer
INFO  2026-04-07 00:39:14.169 i.m.g.m.d.UserLoginDao:getUserLogin [http-nio-8081-exec-8] - size 1
INFO  2026-04-07 00:39:14.169 i.m.g.m.d.PartyNoteDao:getPartyNote [http-nio-8081-exec-9] - getPartyNote
INFO  2026-04-07 00:39:14.169 i.m.g.m.d.UserPreferenceDaoMB:getUserPreference [http-nio-8081-exec-10] - find userPreference by id
DEBUG 2026-04-07 00:39:14.170 i.m.g.s.JwtTokenFilter:doFilter [http-nio-8081-exec-4] - Token valid for user: developer
INFO  2026-04-07 00:39:14.172 i.m.g.m.d.UserPreferenceDaoMB:getUserPreference [http-nio-8081-exec-10] - UserPreference = false
INFO  2026-04-07 00:39:14.172 i.m.g.m.d.UserLoginDao:getUserLogin [http-nio-8081-exec-8] - getUserLogin
INFO  2026-04-07 00:39:14.173 i.m.g.m.d.PartyNoteDao:getPartyNote [http-nio-8081-exec-9] - size = 0
INFO  2026-04-07 00:39:14.173 i.m.g.m.d.SecurityPermissionDao:getPermission [http-nio-8081-exec-4] - getPermission
INFO  2026-04-07 00:39:14.174 i.m.g.m.d.UserLoginDao:getUserLogin [http-nio-8081-exec-8] - size 1
INFO  2026-04-07 00:39:14.175 i.m.g.m.d.UserPreferenceDaoMB:getUserPreference [http-nio-8081-exec-10] - find userPreference by id
INFO  2026-04-07 00:39:14.176 i.m.g.m.d.UserPreferenceDaoMB:getUserPreference [http-nio-8081-exec-10] - UserPreference = false
INFO  2026-04-07 00:39:14.195 i.m.g.m.d.SecurityPermissionDao:getPermission [http-nio-8081-exec-4] - size = 107
INFO  2026-04-07 00:39:14.200 i.m.g.s.MenuService:getMenu [http-nio-8081-exec-4] - mappa2 {TYPESATTACHMENTSOBJECTIVESCTXWE=[ADMIN], REPORTPRINTCTXOR=[ADMIN], UOMTYPE=[ADMIN], REPORTPRINTCTXPA=[ADMIN], ANALYSISCTXBS=[ADMIN], SECURITYGROUPSCTXBA=[ADMIN], ANALYSISTYPECTXEP=[ADMIN], QUERYCONFIGCTXBSU=[ADMIN], APPROVALPATHSCTXBA=[ADMIN], REPORTPRINTCTXGD=[ADMIN], CONSULTINGLOGCTXBA=[ADMIN], QUERYCONFIGCTXGDU=[ADMIN], NOTESOBJECTIVESCTXWE=[ADMIN], WORKEFFORTCTXWE=[ADMIN], QUERYCONFIGCTXBSE=[ADMIN], QUERYCONFIGURATIONCTXWE=[ADMIN], ECONOMICINDICATORSCTXAC=[ADMIN], ANALYSISTYPECTXWE=[ADMIN], ANALYSISCTXRE=[ADMIN], QUERYCONFIGCTXEPU=[ADMIN], QUERYCONFIGCTXGDE=[ADMIN], SUBSYSTEMTYPESCTXBA=[ADMIN], PURPOSECTXAC=[ADMIN], ANALYSISCTXDI=[ADMIN], RELATIONSHIPSOBJECTIVESCTXWE=[ADMIN], EXTRAACCOUNTINGUNITTYPESCTXAC=[ADMIN], ANALYSISTYPECTXOR=[ADMIN], FINANCIALINDICATORSCTXAC=[ADMIN], QUERYCONFIGCTXPAE=[ADMIN], QUERYCONFIGCTXREE=[ADMIN], SUBJECTSOBJECTIVESCTXWE=[ADMIN], QUERYCONFIGCTXCGU=[ADMIN], REPORTPRINTCTXEP=[ADMIN], QUERYCONFIGCTXDIU=[ADMIN], QUERYCONFIGCTXPYU=[ADMIN], QUERYCONFIGCTXCOU=[ADMIN], EXTRACTQUERYCONFIGURATIONCTXWE=[ADMIN], CUSTOM=[ADMIN], QUERYCONFIGCTXACE=[ADMIN], ANALYSISCTXTR=[ADMIN], RESERVEDINDICATORMOVEMENTSCTXAC=[ADMIN], QUERYCONFIGCTXCGE=[ADMIN], QUERYCONFIGCTXDIE=[ADMIN], ANALYSISTYPECTXGD=[ADMIN], QUERYCONFIGCTXPYE=[ADMIN], ANALYSISTYPECTXPR=[ADMIN], QUERYCONFIGCTXCOE=[ADMIN], REPORTPRINTCTXDI=[ADMIN], FINANCIALACCOUNTINGUNITTYPESCTXAC=[ADMIN], ANALYSISCTXCO=[ADMIN], MEASURESOBJECTIVESCTXWE=[ADMIN], ANALYSISTYPECTXPA=[ADMIN], REPORTPRINTCTXTR=[ADMIN], TYPOLOGIESROLESSUBJECTSCTXPY=[ADMIN], SCHEDULERCTXBA=[ADMIN], ANALYSISCTXCG=[ADMIN], OBJECTIVECODESCTXWE=[ADMIN], QUERYCONFIGCTXCAU=[ADMIN], CALCULATIONFORMULASCTXAC=[ADMIN], REPORTPRINTCTXCG=[ADMIN], FINANCIALINDICATORMOVEMENTSCTXAC=[ADMIN], REPORTPRINTCTXCO=[ADMIN], ECONOMICSPOSITIONSCTXPY=[ADMIN], TYPESRELATIONSHIPSBETWEENSUBJECTSCTXPY=[ADMIN], QUERYCONFIGCTXTRU=[ADMIN], ANALYSISCTXEP=[ADMIN], PERIODSCTXAC=[ADMIN], QUERYCONFIGCTXPRU=[ADMIN], REPORTPRINTCTXBS=[ADMIN], ECONPATRACCOUNTINGUNITTYPESCTXAC=[ADMIN], ECONOMICINDICATORMOVEMENTSCTXAC=[ADMIN], REPORTPRINTCTXRE=[ADMIN], QUERYCONFIGCTXTRE=[ADMIN], ANALYSISTYPECTXRE=[ADMIN], QUERYCONFIGCTXPAU=[ADMIN], QUERYCONFIGCTXPRE=[ADMIN], QUERYCONFIGCTXREU=[ADMIN], QUERYCONFIGCTXEPE=[ADMIN], RANGESOFVALUESCTXAC=[ADMIN], QUERYCONFIG=[ADMIN], TIMESHEETCTXPR=[ADMIN], ANALYSISTYPECTXCG=[ADMIN], TIMESHEET=[ADMIN], TYPOLOGYRELATIONSHIPSOBJECTIVESCTXWE=[ADMIN], ANALYSISTYPECTXCO=[ADMIN], ANALYSISTYPECTXBS=[ADMIN], QUERYCONFIGCTXBAE=[ADMIN], SUBSYSTEMCTXBA=[ADMIN], REQUESTFROMINTERESTEDPARTIESCTXGD=[ADMIN], ANALYSISCTXPR=[ADMIN], DETECTIONTYPECTXAC=[ADMIN], INDICATORSCTXAC=[ADMIN], INDICATORMOVEMENTSCTXAC=[ADMIN], ANALYSISTYPECTXDI=[ADMIN], REPORTPRINTCTXPR=[ADMIN], QUERYCONFIGCTXORU=[ADMIN], TIMESHEETCTXOR=[ADMIN], ANALYSISCTXPA=[ADMIN], ATTACHMENTSOBJECTIVESCTXWE=[ADMIN], UOM=[ADMIN], INTERFACCIAMENTODATI=[ADMIN], TIPOLOGIEPERIODICTXAC=[ADMIN], QUERYCONFIGCTXORE=[ADMIN], RESERVEDINDICATORSCTXAC=[ADMIN], NATUREUNITCONTEXTRCTXAC=[ADMIN], ANALYSISTYPECTXTR=[ADMIN], ANALYSISCTXOR=[ADMIN]}
INFO  2026-04-07 00:39:14.201 i.m.g.m.d.ContentAndAttributesDao:getValidMenu [http-nio-8081-exec-4] - getValidMenu
INFO  2026-04-07 00:39:14.271 i.m.g.m.d.ContentAndAttributesDao:getValidMenu [http-nio-8081-exec-4] - size = 102
INFO  2026-04-07 00:39:14.272 i.m.g.m.d.ContentAndAttributesDao:getFolderMenu [http-nio-8081-exec-4] - getFolderMenu
INFO  2026-04-07 00:39:14.296 i.m.g.m.d.ContentAndAttributesDao:getFolderMenu [http-nio-8081-exec-4] - size = 66
INFO  2026-04-07 00:39:14.326 i.m.g.m.d.UserLoginDao:getUserLogin [http-nio-8081-exec-2] - getUserLogin
INFO  2026-04-07 00:39:14.330 i.m.g.m.d.UserLoginDao:getUserLogin [http-nio-8081-exec-2] - size 1
DEBUG 2026-04-07 00:39:14.331 i.m.g.s.JwtTokenFilter:doFilter [http-nio-8081-exec-2] - Token valid for user: developer
INFO  2026-04-07 00:39:14.378 i.m.g.m.d.UserLoginDao:getUserLogin [http-nio-8081-exec-9] - getUserLogin
INFO  2026-04-07 00:39:14.377 i.m.g.m.d.UserLoginDao:getUserLogin [http-nio-8081-exec-6] - getUserLogin
INFO  2026-04-07 00:39:14.379 i.m.g.m.d.UserLoginDao:getUserLogin [http-nio-8081-exec-9] - size 1
INFO  2026-04-07 00:39:14.380 i.m.g.m.d.UserLoginDao:getUserLogin [http-nio-8081-exec-6] - size 1
DEBUG 2026-04-07 00:39:14.380 i.m.g.s.JwtTokenFilter:doFilter [http-nio-8081-exec-9] - Token valid for user: developer
DEBUG 2026-04-07 00:39:14.380 i.m.g.s.JwtTokenFilter:doFilter [http-nio-8081-exec-6] - Token valid for user: developer
INFO  2026-04-07 00:39:14.500 i.m.g.s.NodeService:stream [http-nio-8081-exec-10] - stream default imagePath: /lmm/images/gzoom_logo.jpg
INFO  2026-04-07 00:39:14.500 i.m.g.m.d.PartyContentDao:getPartyContent [http-nio-8081-exec-10] - getPartyContent
INFO  2026-04-07 00:39:14.503 i.m.g.m.d.PartyContentDao:getPartyContent [http-nio-8081-exec-10] - size = 0
INFO  2026-04-07 00:39:14.633 i.m.g.m.d.UserLoginDao:getUserLogin [http-nio-8081-exec-3] - getUserLogin
INFO  2026-04-07 00:39:14.643 i.m.g.m.d.UserLoginDao:getUserLogin [http-nio-8081-exec-7] - getUserLogin
INFO  2026-04-07 00:39:14.646 i.m.g.m.d.UserLoginDao:getUserLogin [http-nio-8081-exec-3] - size 1
DEBUG 2026-04-07 00:39:14.649 i.m.g.s.JwtTokenFilter:doFilter [http-nio-8081-exec-3] - Token valid for user: developer
INFO  2026-04-07 00:39:14.651 i.m.g.m.d.UserLoginDao:getUserLogin [http-nio-8081-exec-7] - size 1
DEBUG 2026-04-07 00:39:14.653 i.m.g.s.JwtTokenFilter:doFilter [http-nio-8081-exec-7] - Token valid for user: developer
INFO  2026-04-07 00:39:14.657 i.m.g.m.d.UserPreferenceDaoMB:getUserPreference [http-nio-8081-exec-7] - find userPreference by id
INFO  2026-04-07 00:39:14.664 i.m.g.m.d.UserPreferenceDaoMB:getUserPreference [http-nio-8081-exec-7] - UserPreference = true
INFO  2026-04-07 00:39:14.672 i.m.g.m.d.UserLoginDao:getUserLogin [http-nio-8081-exec-4] - getUserLogin
INFO  2026-04-07 00:39:14.671 i.m.g.m.d.UserPreferenceDaoMB:getUserPreference [http-nio-8081-exec-7] - find userPreference by id
INFO  2026-04-07 00:39:14.665 i.m.g.m.d.UserLoginDao:getUserLogin [http-nio-8081-exec-2] - getUserLogin
INFO  2026-04-07 00:39:14.674 i.m.g.m.d.UserPreferenceDaoMB:getUserPreference [http-nio-8081-exec-7] - UserPreference = false
INFO  2026-04-07 00:39:14.681 i.m.g.m.d.UserLoginDao:getUserLogin [http-nio-8081-exec-2] - size 1
INFO  2026-04-07 00:39:14.682 i.m.g.m.d.UserLoginDao:getUserLogin [http-nio-8081-exec-4] - size 1
DEBUG 2026-04-07 00:39:14.747 i.m.g.s.JwtTokenFilter:doFilter [http-nio-8081-exec-4] - Token valid for user: developer
DEBUG 2026-04-07 00:39:14.747 i.m.g.s.JwtTokenFilter:doFilter [http-nio-8081-exec-2] - Token valid for user: developer
INFO  2026-04-07 00:39:14.759 i.m.g.m.d.UserLoginValidPartyRoleDao:getUserLoginValidPartyRoleList [http-nio-8081-exec-4] - getUserLoginValidPartyRoleList
INFO  2026-04-07 00:39:14.761 i.m.g.m.d.UserLoginDao:getUserLogin [http-nio-8081-exec-6] - getUserLogin
INFO  2026-04-07 00:39:14.763 i.m.g.m.d.UserLoginValidPartyRoleDao:getUserLoginValidPartyRoleList [http-nio-8081-exec-4] - size 0
INFO  2026-04-07 00:39:14.748 i.m.g.u.Manifests:getProductInfo [http-nio-8081-exec-9] - getProductInfo2.5.0rc1
ERROR 2026-04-07 00:39:14.764 i.m.g.u.Manifests:initProductDate [http-nio-8081-exec-9] - Invalid product date format in MANIFEST.MF
INFO  2026-04-07 00:39:14.764 i.m.g.u.Manifests:getProductInfo [http-nio-8081-exec-9] - getProductInfoTue Apr 07 00:39:14 CEST 2026
INFO  2026-04-07 00:39:14.751 i.m.g.m.d.UserLoginDao:getUserLogin [http-nio-8081-exec-2] - getUserLogin
INFO  2026-04-07 00:39:14.770 i.m.g.m.d.UserLoginDao:getUserLogin [http-nio-8081-exec-6] - size 1
INFO  2026-04-07 00:39:14.772 i.m.g.m.d.UserLoginDao:getUserLogin [http-nio-8081-exec-2] - size 1
DEBUG 2026-04-07 00:39:14.780 i.m.g.s.JwtTokenFilter:doFilter [http-nio-8081-exec-6] - Token valid for user: developer
INFO  2026-04-07 00:42:43.769 i.m.g.s.JwtLogoutFilter:doFilter [http-nio-8081-exec-1] - Logged out user: developer
ERROR 2026-04-07 00:42:43.835 i.m.g.s.c.AuthController:getLoginMethod [http-nio-8081-exec-3] - no oneLoginSSOEnabledPropertyName and keycloakLoginEnabledPropertyName configuration found
INFO  2026-04-07 00:42:43.982 i.m.g.m.d.PartyNoteDao:getPartyNote [http-nio-8081-exec-7] - getPartyNote
INFO  2026-04-07 00:42:43.984 i.m.g.m.d.PartyNoteDao:getPartyNote [http-nio-8081-exec-7] - size = 0
INFO  2026-04-07 00:42:44.002 i.m.g.m.d.PartyNoteDao:getPartyNote [http-nio-8081-exec-9] - getPartyNote
INFO  2026-04-07 00:42:44.003 i.m.g.m.d.PartyNoteDao:getPartyNote [http-nio-8081-exec-9] - size = 0
INFO  2026-04-07 00:42:44.150 i.m.g.s.NodeService:stream [http-nio-8081-exec-2] - stream default imagePath: /lmm/images/gzoom_logo_login.jpg
INFO  2026-04-07 00:42:44.152 i.m.g.m.d.PartyContentDao:getPartyContent [http-nio-8081-exec-2] - getPartyContent
INFO  2026-04-07 00:42:44.155 i.m.g.m.d.PartyContentDao:getPartyContent [http-nio-8081-exec-2] - size = 0
INFO  2026-04-07 00:42:44.158 i.m.g.m.d.UserPreferenceDaoMB:getUserPreference [http-nio-8081-exec-6] - find userPreference by id
INFO  2026-04-07 00:42:44.160 i.m.g.m.d.UserPreferenceDaoMB:getUserPreference [http-nio-8081-exec-6] - UserPreference = true
INFO  2026-04-07 00:42:44.188 i.m.g.m.d.NoteDataDao:getNoteDataByPrefValue [http-nio-8081-exec-8] - find note data by prefValue
INFO  2026-04-07 00:42:44.190 i.m.g.m.d.NoteDataDao:getNoteDataByPrefValue [http-nio-8081-exec-8] - size = null
ERROR 2026-04-07 00:42:48.904 i.m.g.s.c.AuthController:getLoginMethod [http-nio-8081-exec-1] - no oneLoginSSOEnabledPropertyName and keycloakLoginEnabledPropertyName configuration found
INFO  2026-04-07 00:42:49.472 i.m.g.m.d.PartyNoteDao:getPartyNote [http-nio-8081-exec-10] - getPartyNote
INFO  2026-04-07 00:42:49.475 i.m.g.m.d.PartyNoteDao:getPartyNote [http-nio-8081-exec-10] - size = 0
INFO  2026-04-07 00:42:49.494 i.m.g.m.d.PartyNoteDao:getPartyNote [http-nio-8081-exec-4] - getPartyNote
INFO  2026-04-07 00:42:49.496 i.m.g.m.d.PartyNoteDao:getPartyNote [http-nio-8081-exec-4] - size = 0
INFO  2026-04-07 00:42:49.591 i.m.g.s.NodeService:stream [http-nio-8081-exec-8] - stream default imagePath: /lmm/images/gzoom_logo_login.jpg
INFO  2026-04-07 00:42:49.594 i.m.g.m.d.PartyContentDao:getPartyContent [http-nio-8081-exec-8] - getPartyContent
INFO  2026-04-07 00:42:49.606 i.m.g.m.d.PartyContentDao:getPartyContent [http-nio-8081-exec-8] - size = 0
INFO  2026-04-07 00:42:49.610 i.m.g.m.d.UserPreferenceDaoMB:getUserPreference [http-nio-8081-exec-1] - find userPreference by id
INFO  2026-04-07 00:42:49.612 i.m.g.m.d.UserPreferenceDaoMB:getUserPreference [http-nio-8081-exec-1] - UserPreference = true
INFO  2026-04-07 00:42:49.654 i.m.g.m.d.NoteDataDao:getNoteDataByPrefValue [http-nio-8081-exec-5] - find note data by prefValue
INFO  2026-04-07 00:42:49.656 i.m.g.m.d.NoteDataDao:getNoteDataByPrefValue [http-nio-8081-exec-5] - size = null
INFO  2026-04-07 00:42:58.453 i.m.g.m.d.UserLoginDao:getUserLogin [http-nio-8081-exec-3] - getUserLogin
INFO  2026-04-07 00:42:58.455 i.m.g.m.d.UserLoginDao:getUserLogin [http-nio-8081-exec-3] - size 1
INFO  2026-04-07 00:42:58.485 i.m.g.m.d.UserLoginDao:getUserLogin [http-nio-8081-exec-7] - getUserLogin
INFO  2026-04-07 00:42:58.490 i.m.g.m.d.UserLoginDao:getUserLogin [http-nio-8081-exec-7] - size 1
INFO  2026-04-07 00:42:58.575 i.m.g.m.d.UserPreferenceDaoMB:getUserPreference [http-nio-8081-exec-7] - find userPreference by id
INFO  2026-04-07 00:42:58.577 i.m.g.m.d.UserPreferenceDaoMB:getUserPreference [http-nio-8081-exec-7] - UserPreference = true
INFO  2026-04-07 00:42:58.578 i.m.g.s.JwtLoginFilter:successfulAuthentication [http-nio-8081-exec-7] - Successfully authenticated user: developer
INFO  2026-04-07 00:42:58.784 i.m.g.m.d.UserLoginDao:getUserLogin [http-nio-8081-exec-9] - getUserLogin
INFO  2026-04-07 00:42:58.785 i.m.g.m.d.UserLoginDao:getUserLogin [http-nio-8081-exec-10] - getUserLogin
INFO  2026-04-07 00:42:58.786 i.m.g.m.d.UserLoginDao:getUserLogin [http-nio-8081-exec-9] - size 1
INFO  2026-04-07 00:42:58.786 i.m.g.m.d.UserLoginDao:getUserLogin [http-nio-8081-exec-10] - size 1
DEBUG 2026-04-07 00:42:58.787 i.m.g.s.JwtTokenFilter:doFilter [http-nio-8081-exec-10] - Token valid for user: developer
DEBUG 2026-04-07 00:42:58.787 i.m.g.s.JwtTokenFilter:doFilter [http-nio-8081-exec-9] - Token valid for user: developer
INFO  2026-04-07 00:42:58.788 i.m.g.m.d.UserCtxPermissionViewDao:selectByUserLoginId [http-nio-8081-exec-9] - get UserCtxPermissionView by userLoginId
INFO  2026-04-07 00:42:58.788 i.m.g.m.d.UserLoginDao:getUserLogin [http-nio-8081-exec-10] - getUserLogin
INFO  2026-04-07 00:42:58.791 i.m.g.m.d.UserLoginDao:getUserLogin [http-nio-8081-exec-4] - getUserLogin
INFO  2026-04-07 00:42:58.792 i.m.g.m.d.UserCtxPermissionViewDao:selectByUserLoginId [http-nio-8081-exec-9] - size = 4
INFO  2026-04-07 00:42:58.792 i.m.g.m.d.UserLoginDao:getUserLogin [http-nio-8081-exec-10] - size 1
INFO  2026-04-07 00:42:58.792 i.m.g.m.d.UserLoginDao:getUserLogin [http-nio-8081-exec-10] - getUserLogin
INFO  2026-04-07 00:42:58.793 i.m.g.m.d.UserLoginDao:getUserLogin [http-nio-8081-exec-4] - size 1
INFO  2026-04-07 00:42:58.794 i.m.g.m.d.UserLoginDao:getUserLogin [http-nio-8081-exec-10] - size 1
DEBUG 2026-04-07 00:42:58.794 i.m.g.s.JwtTokenFilter:doFilter [http-nio-8081-exec-4] - Token valid for user: developer
INFO  2026-04-07 00:42:58.794 i.m.g.m.d.PartyNoteDao:getPartyNote [http-nio-8081-exec-6] - getPartyNote
INFO  2026-04-07 00:42:58.797 i.m.g.m.d.SecurityPermissionDao:getPermission [http-nio-8081-exec-4] - getPermission
INFO  2026-04-07 00:42:58.798 i.m.g.m.d.PartyNoteDao:getPartyNote [http-nio-8081-exec-6] - size = 0
INFO  2026-04-07 00:42:58.802 i.m.g.m.d.UserLoginDao:getUserLogin [http-nio-8081-exec-9] - getUserLogin
INFO  2026-04-07 00:42:58.806 i.m.g.m.d.UserLoginDao:getUserLogin [http-nio-8081-exec-9] - size 1
DEBUG 2026-04-07 00:42:58.806 i.m.g.s.JwtTokenFilter:doFilter [http-nio-8081-exec-9] - Token valid for user: developer
INFO  2026-04-07 00:42:58.808 i.m.g.m.d.UserPreferenceDaoMB:getUserPreference [http-nio-8081-exec-9] - find userPreference by id
INFO  2026-04-07 00:42:58.810 i.m.g.m.d.UserPreferenceDaoMB:getUserPreference [http-nio-8081-exec-9] - UserPreference = false
INFO  2026-04-07 00:42:58.811 i.m.g.m.d.UserPreferenceDaoMB:getUserPreference [http-nio-8081-exec-9] - find userPreference by id
INFO  2026-04-07 00:42:58.813 i.m.g.m.d.UserPreferenceDaoMB:getUserPreference [http-nio-8081-exec-9] - UserPreference = false
INFO  2026-04-07 00:42:58.818 i.m.g.m.d.SecurityPermissionDao:getPermission [http-nio-8081-exec-4] - size = 107
INFO  2026-04-07 00:42:58.820 i.m.g.s.MenuService:getMenu [http-nio-8081-exec-4] - mappa2 {TYPESATTACHMENTSOBJECTIVESCTXWE=[ADMIN], REPORTPRINTCTXOR=[ADMIN], UOMTYPE=[ADMIN], REPORTPRINTCTXPA=[ADMIN], ANALYSISCTXBS=[ADMIN], SECURITYGROUPSCTXBA=[ADMIN], ANALYSISTYPECTXEP=[ADMIN], QUERYCONFIGCTXBSU=[ADMIN], APPROVALPATHSCTXBA=[ADMIN], REPORTPRINTCTXGD=[ADMIN], CONSULTINGLOGCTXBA=[ADMIN], QUERYCONFIGCTXGDU=[ADMIN], NOTESOBJECTIVESCTXWE=[ADMIN], WORKEFFORTCTXWE=[ADMIN], QUERYCONFIGCTXBSE=[ADMIN], QUERYCONFIGURATIONCTXWE=[ADMIN], ECONOMICINDICATORSCTXAC=[ADMIN], ANALYSISTYPECTXWE=[ADMIN], ANALYSISCTXRE=[ADMIN], QUERYCONFIGCTXEPU=[ADMIN], QUERYCONFIGCTXGDE=[ADMIN], SUBSYSTEMTYPESCTXBA=[ADMIN], PURPOSECTXAC=[ADMIN], ANALYSISCTXDI=[ADMIN], RELATIONSHIPSOBJECTIVESCTXWE=[ADMIN], EXTRAACCOUNTINGUNITTYPESCTXAC=[ADMIN], ANALYSISTYPECTXOR=[ADMIN], FINANCIALINDICATORSCTXAC=[ADMIN], QUERYCONFIGCTXPAE=[ADMIN], QUERYCONFIGCTXREE=[ADMIN], SUBJECTSOBJECTIVESCTXWE=[ADMIN], QUERYCONFIGCTXCGU=[ADMIN], REPORTPRINTCTXEP=[ADMIN], QUERYCONFIGCTXDIU=[ADMIN], QUERYCONFIGCTXPYU=[ADMIN], QUERYCONFIGCTXCOU=[ADMIN], EXTRACTQUERYCONFIGURATIONCTXWE=[ADMIN], CUSTOM=[ADMIN], QUERYCONFIGCTXACE=[ADMIN], ANALYSISCTXTR=[ADMIN], RESERVEDINDICATORMOVEMENTSCTXAC=[ADMIN], QUERYCONFIGCTXCGE=[ADMIN], QUERYCONFIGCTXDIE=[ADMIN], ANALYSISTYPECTXGD=[ADMIN], QUERYCONFIGCTXPYE=[ADMIN], ANALYSISTYPECTXPR=[ADMIN], QUERYCONFIGCTXCOE=[ADMIN], REPORTPRINTCTXDI=[ADMIN], FINANCIALACCOUNTINGUNITTYPESCTXAC=[ADMIN], ANALYSISCTXCO=[ADMIN], MEASURESOBJECTIVESCTXWE=[ADMIN], ANALYSISTYPECTXPA=[ADMIN], REPORTPRINTCTXTR=[ADMIN], TYPOLOGIESROLESSUBJECTSCTXPY=[ADMIN], SCHEDULERCTXBA=[ADMIN], ANALYSISCTXCG=[ADMIN], OBJECTIVECODESCTXWE=[ADMIN], QUERYCONFIGCTXCAU=[ADMIN], CALCULATIONFORMULASCTXAC=[ADMIN], REPORTPRINTCTXCG=[ADMIN], FINANCIALINDICATORMOVEMENTSCTXAC=[ADMIN], REPORTPRINTCTXCO=[ADMIN], ECONOMICSPOSITIONSCTXPY=[ADMIN], TYPESRELATIONSHIPSBETWEENSUBJECTSCTXPY=[ADMIN], QUERYCONFIGCTXTRU=[ADMIN], ANALYSISCTXEP=[ADMIN], PERIODSCTXAC=[ADMIN], QUERYCONFIGCTXPRU=[ADMIN], REPORTPRINTCTXBS=[ADMIN], ECONPATRACCOUNTINGUNITTYPESCTXAC=[ADMIN], ECONOMICINDICATORMOVEMENTSCTXAC=[ADMIN], REPORTPRINTCTXRE=[ADMIN], QUERYCONFIGCTXTRE=[ADMIN], ANALYSISTYPECTXRE=[ADMIN], QUERYCONFIGCTXPAU=[ADMIN], QUERYCONFIGCTXPRE=[ADMIN], QUERYCONFIGCTXREU=[ADMIN], QUERYCONFIGCTXEPE=[ADMIN], RANGESOFVALUESCTXAC=[ADMIN], QUERYCONFIG=[ADMIN], TIMESHEETCTXPR=[ADMIN], ANALYSISTYPECTXCG=[ADMIN], TIMESHEET=[ADMIN], TYPOLOGYRELATIONSHIPSOBJECTIVESCTXWE=[ADMIN], ANALYSISTYPECTXCO=[ADMIN], ANALYSISTYPECTXBS=[ADMIN], QUERYCONFIGCTXBAE=[ADMIN], SUBSYSTEMCTXBA=[ADMIN], REQUESTFROMINTERESTEDPARTIESCTXGD=[ADMIN], ANALYSISCTXPR=[ADMIN], DETECTIONTYPECTXAC=[ADMIN], INDICATORSCTXAC=[ADMIN], INDICATORMOVEMENTSCTXAC=[ADMIN], ANALYSISTYPECTXDI=[ADMIN], REPORTPRINTCTXPR=[ADMIN], QUERYCONFIGCTXORU=[ADMIN], TIMESHEETCTXOR=[ADMIN], ANALYSISCTXPA=[ADMIN], ATTACHMENTSOBJECTIVESCTXWE=[ADMIN], UOM=[ADMIN], INTERFACCIAMENTODATI=[ADMIN], TIPOLOGIEPERIODICTXAC=[ADMIN], QUERYCONFIGCTXORE=[ADMIN], RESERVEDINDICATORSCTXAC=[ADMIN], NATUREUNITCONTEXTRCTXAC=[ADMIN], ANALYSISTYPECTXTR=[ADMIN], ANALYSISCTXOR=[ADMIN]}
INFO  2026-04-07 00:42:58.820 i.m.g.m.d.ContentAndAttributesDao:getValidMenu [http-nio-8081-exec-4] - getValidMenu
INFO  2026-04-07 00:42:58.876 i.m.g.m.d.ContentAndAttributesDao:getValidMenu [http-nio-8081-exec-4] - size = 102
INFO  2026-04-07 00:42:58.877 i.m.g.m.d.ContentAndAttributesDao:getFolderMenu [http-nio-8081-exec-4] - getFolderMenu
INFO  2026-04-07 00:42:58.900 i.m.g.m.d.ContentAndAttributesDao:getFolderMenu [http-nio-8081-exec-4] - size = 66
INFO  2026-04-07 00:42:58.938 i.m.g.m.d.UserLoginDao:getUserLogin [http-nio-8081-exec-3] - getUserLogin
INFO  2026-04-07 00:42:58.939 i.m.g.m.d.UserLoginDao:getUserLogin [http-nio-8081-exec-3] - size 1
DEBUG 2026-04-07 00:42:58.940 i.m.g.s.JwtTokenFilter:doFilter [http-nio-8081-exec-3] - Token valid for user: developer
INFO  2026-04-07 00:42:58.988 i.m.g.m.d.UserLoginDao:getUserLogin [http-nio-8081-exec-2] - getUserLogin
INFO  2026-04-07 00:42:58.990 i.m.g.m.d.UserLoginDao:getUserLogin [http-nio-8081-exec-2] - size 1
DEBUG 2026-04-07 00:42:58.992 i.m.g.s.JwtTokenFilter:doFilter [http-nio-8081-exec-2] - Token valid for user: developer
INFO  2026-04-07 00:42:58.993 i.m.g.m.d.UserLoginSecurityGroupDao:getDefaultPortalPage [http-nio-8081-exec-2] - getDefaultPortalPage
INFO  2026-04-07 00:42:58.997 i.m.g.m.d.UserLoginDao:getUserLogin [http-nio-8081-exec-10] - getUserLogin
INFO  2026-04-07 00:42:59.001 i.m.g.m.d.UserLoginSecurityGroupDao:getDefaultPortalPage [http-nio-8081-exec-2] - size 0
INFO  2026-04-07 00:42:59.002 i.m.g.m.d.UserLoginDao:getUserLogin [http-nio-8081-exec-10] - size 1
INFO  2026-04-07 00:42:58.994 i.m.g.m.d.UserLoginDao:getUserLogin [http-nio-8081-exec-6] - getUserLogin
DEBUG 2026-04-07 00:42:59.004 i.m.g.s.JwtTokenFilter:doFilter [http-nio-8081-exec-10] - Token valid for user: developer
INFO  2026-04-07 00:42:59.005 i.m.g.m.d.UserLoginDao:getUserLogin [http-nio-8081-exec-6] - size 1
DEBUG 2026-04-07 00:42:59.007 i.m.g.s.JwtTokenFilter:doFilter [http-nio-8081-exec-6] - Token valid for user: developer
INFO  2026-04-07 00:42:59.110 i.m.g.s.NodeService:stream [http-nio-8081-exec-9] - stream default imagePath: /lmm/images/gzoom_logo.jpg
INFO  2026-04-07 00:42:59.116 i.m.g.m.d.PartyContentDao:getPartyContent [http-nio-8081-exec-9] - getPartyContent
INFO  2026-04-07 00:42:59.132 i.m.g.m.d.PartyContentDao:getPartyContent [http-nio-8081-exec-9] - size = 0
INFO  2026-04-07 00:42:59.191 i.m.g.m.d.UserLoginDao:getUserLogin [http-nio-8081-exec-5] - getUserLogin
INFO  2026-04-07 00:42:59.196 i.m.g.m.d.UserLoginDao:getUserLogin [http-nio-8081-exec-1] - getUserLogin
INFO  2026-04-07 00:42:59.200 i.m.g.m.d.UserLoginDao:getUserLogin [http-nio-8081-exec-1] - size 1
DEBUG 2026-04-07 00:42:59.201 i.m.g.s.JwtTokenFilter:doFilter [http-nio-8081-exec-1] - Token valid for user: developer
INFO  2026-04-07 00:42:59.202 i.m.g.m.d.UserLoginDao:getUserLogin [http-nio-8081-exec-5] - size 1
INFO  2026-04-07 00:42:59.203 i.m.g.m.d.UserPreferenceDaoMB:getUserPreference [http-nio-8081-exec-1] - find userPreference by id
INFO  2026-04-07 00:42:59.205 i.m.g.m.d.UserPreferenceDaoMB:getUserPreference [http-nio-8081-exec-1] - UserPreference = true
INFO  2026-04-07 00:42:59.206 i.m.g.m.d.UserPreferenceDaoMB:getUserPreference [http-nio-8081-exec-1] - find userPreference by id
DEBUG 2026-04-07 00:42:59.209 i.m.g.s.JwtTokenFilter:doFilter [http-nio-8081-exec-5] - Token valid for user: developer
INFO  2026-04-07 00:42:59.209 i.m.g.m.d.UserPreferenceDaoMB:getUserPreference [http-nio-8081-exec-1] - UserPreference = false
INFO  2026-04-07 00:42:59.225 i.m.g.m.d.UserLoginDao:getUserLogin [http-nio-8081-exec-3] - getUserLogin
INFO  2026-04-07 00:42:59.228 i.m.g.m.d.UserLoginDao:getUserLogin [http-nio-8081-exec-3] - size 1
DEBUG 2026-04-07 00:42:59.229 i.m.g.s.JwtTokenFilter:doFilter [http-nio-8081-exec-3] - Token valid for user: developer
INFO  2026-04-07 00:42:59.232 i.m.g.m.d.UserLoginValidPartyRoleDao:getUserLoginValidPartyRoleList [http-nio-8081-exec-3] - getUserLoginValidPartyRoleList
INFO  2026-04-07 00:42:59.238 i.m.g.u.Manifests:getProductInfo [http-nio-8081-exec-10] - getProductInfo2.5.0rc1
ERROR 2026-04-07 00:42:59.238 i.m.g.u.Manifests:initProductDate [http-nio-8081-exec-10] - Invalid product date format in MANIFEST.MF
INFO  2026-04-07 00:42:59.239 i.m.g.m.d.UserLoginValidPartyRoleDao:getUserLoginValidPartyRoleList [http-nio-8081-exec-3] - size 0
INFO  2026-04-07 00:42:59.244 i.m.g.m.d.UserLoginDao:getUserLogin [http-nio-8081-exec-2] - getUserLogin
INFO  2026-04-07 00:42:59.239 i.m.g.u.Manifests:getProductInfo [http-nio-8081-exec-10] - getProductInfoTue Apr 07 00:42:59 CEST 2026
INFO  2026-04-07 00:42:59.246 i.m.g.m.d.UserLoginDao:getUserLogin [http-nio-8081-exec-6] - getUserLogin
INFO  2026-04-07 00:42:59.253 i.m.g.m.d.UserLoginDao:getUserLogin [http-nio-8081-exec-6] - size 1
INFO  2026-04-07 00:42:59.254 i.m.g.m.d.UserLoginDao:getUserLogin [http-nio-8081-exec-2] - size 1
DEBUG 2026-04-07 00:42:59.257 i.m.g.s.JwtTokenFilter:doFilter [http-nio-8081-exec-6] - Token valid for user: developer
DEBUG 2026-04-07 00:42:59.257 i.m.g.s.JwtTokenFilter:doFilter [http-nio-8081-exec-2] - Token valid for user: developer
INFO  2026-04-07 00:42:59.259 i.m.g.m.d.UserLoginDao:getUserLogin [http-nio-8081-exec-2] - getUserLogin
INFO  2026-04-07 00:42:59.265 i.m.g.m.d.UserLoginDao:getUserLogin [http-nio-8081-exec-2] - size 1
INFO  2026-04-07 00:45:25.639 o.q.c.QuartzScheduler:standby [SpringApplicationShutdownHook] - Scheduler quartzScheduler_$_NON_CLUSTERED paused.
INFO  2026-04-07 00:45:25.642 o.q.c.QuartzScheduler:standby [SpringApplicationShutdownHook] - Scheduler quartzScheduler_$_NON_CLUSTERED paused.
INFO  2026-04-07 00:45:25.646 o.s.b.w.e.t.GracefulShutdown:shutDownGracefully [SpringApplicationShutdownHook] - Commencing graceful shutdown. Waiting for active requests to complete
INFO  2026-04-07 00:45:25.652 o.s.b.w.e.t.GracefulShutdown:doShutdown [tomcat-shutdown] - Graceful shutdown complete
INFO  2026-04-07 00:45:25.656 o.s.b.w.e.t.GracefulShutdown:shutDownGracefully [SpringApplicationShutdownHook] - Commencing graceful shutdown. Waiting for active requests to complete
INFO  2026-04-07 00:45:25.665 o.s.b.w.e.t.GracefulShutdown:doShutdown [tomcat-shutdown] - Graceful shutdown complete
INFO  2026-04-07 00:45:25.666 o.q.c.QuartzScheduler:shutdown [SpringApplicationShutdownHook] - Scheduler quartzScheduler_$_NON_CLUSTERED shutting down.
INFO  2026-04-07 00:45:25.666 o.q.c.QuartzScheduler:standby [SpringApplicationShutdownHook] - Scheduler quartzScheduler_$_NON_CLUSTERED paused.
INFO  2026-04-07 00:45:25.668 o.q.c.QuartzScheduler:shutdown [SpringApplicationShutdownHook] - Scheduler quartzScheduler_$_NON_CLUSTERED shutdown complete.
INFO  2026-04-07 00:45:25.696 c.z.h.HikariDataSource:close [SpringApplicationShutdownHook] - HikariPool-1 - Shutdown initiated...
INFO  2026-04-07 00:45:25.714 o.q.c.QuartzScheduler:shutdown [SpringApplicationShutdownHook] - Scheduler quartzScheduler_$_NON_CLUSTERED shutting down.
INFO  2026-04-07 00:45:25.717 o.q.c.QuartzScheduler:standby [SpringApplicationShutdownHook] - Scheduler quartzScheduler_$_NON_CLUSTERED paused.
INFO  2026-04-07 00:45:25.717 o.q.c.QuartzScheduler:shutdown [SpringApplicationShutdownHook] - Scheduler quartzScheduler_$_NON_CLUSTERED shutdown complete.
INFO  2026-04-07 00:45:25.724 o.s.s.q.SchedulerFactoryBean:destroy [SpringApplicationShutdownHook] - Shutting down Quartz Scheduler
INFO  2026-04-07 00:45:25.746 c.z.h.HikariDataSource:close [SpringApplicationShutdownHook] - HikariPool-1 - Shutdown completed.
INFO  2026-04-07 00:45:25.783 c.z.h.HikariDataSource:close [SpringApplicationShutdownHook] - HikariPool-1 - Shutdown initiated...
INFO  2026-04-07 00:45:25.812 c.z.h.HikariDataSource:close [SpringApplicationShutdownHook] - HikariPool-1 - Shutdown completed.
INFO  2026-04-07 00:45:36.613 o.s.b.StartupInfoLogger:logStarting [main] - Starting GZoomRun using Java 21.0.10 with PID 382627 (/home/zero/Documents/GitHub/performance-pa/workspace/gzoom2-be/rest-boot/target/classes started by zero in /home/zero/Documents/GitHub/performance-pa/workspace/gzoom2-be)
INFO  2026-04-07 00:45:36.619 o.s.b.SpringApplication:logStartupProfileInfo [main] - The following 2 profiles are active: "cloud-disabled", "es-disabled"
WARN  2026-04-07 00:45:39.851 o.s.c.s.PostProcessorRegistrationDelegate$BeanPostProcessorChecker:postProcessAfterInitialization [main] - Bean 'commonPersistenceConfiguration' of type [it.mapsgroup.gzoom.persistence.common.CommonPersistenceConfiguration$$SpringCGLIB$$0] is not eligible for getting processed by all BeanPostProcessors (for example: not eligible for auto-proxying). Is this bean getting eagerly injected/applied to a currently created BeanPostProcessor [healthEndpointGroupsBeanPostProcessor]? Check the corresponding BeanPostProcessor declaration and its dependencies/advisors. If this bean does not have to be post-processed, declare it with ROLE_INFRASTRUCTURE.
INFO  2026-04-07 00:45:40.262 o.s.b.w.e.t.TomcatWebServer:initialize [main] - Tomcat initialized with port 8081 (http)
INFO  2026-04-07 00:45:40.281 o.a.j.l.DirectJDKLog:log [main] - Starting service [Tomcat]
INFO  2026-04-07 00:45:40.282 o.a.j.l.DirectJDKLog:log [main] - Starting Servlet engine: [Apache Tomcat/10.1.42]
INFO  2026-04-07 00:45:40.342 o.a.j.l.DirectJDKLog:log [main] - Initializing Spring embedded WebApplicationContext
INFO  2026-04-07 00:45:40.343 o.s.b.w.s.c.ServletWebServerApplicationContext:prepareWebApplicationContext [main] - Root WebApplicationContext: initialization completed in 3565 ms
INFO  2026-04-07 00:45:40.487 i.m.g.p.c.CommonPersistenceConfiguration:mainDataSource [main] - mainDataSource
INFO  2026-04-07 00:45:40.489 i.m.g.p.c.CommonPersistenceConfiguration:mainDataSource [main] - environment ApplicationServletEnvironment {activeProfiles=[cloud-disabled, es-disabled], defaultProfiles=[default], propertySources=[ConfigurationPropertySourcesPropertySource {name='configurationProperties'}, StubPropertySource {name='servletConfigInitParams'}, StubPropertySource {name='servletContextInitParams'}, PropertiesPropertySource {name='systemProperties'}, OriginAwareSystemEnvironmentPropertySource {name='systemEnvironment'}, RandomValuePropertySource {name='random'}, OriginTrackedMapPropertySource {name='Config resource 'file [/home/zero/Documents/GitHub/performance-pa/workspace/gzoom2-be/config/gzoom.properties]' via location 'file:/home/zero/Documents/GitHub/performance-pa/workspace/gzoom2-be/config/gzoom.properties''}, OriginTrackedMapPropertySource {name='Config resource 'class path resource [application.properties]' via location 'optional:classpath:/''}, ApplicationInfoPropertySource {name='applicationInfo'}]}
INFO  2026-04-07 00:45:40.490 i.m.g.p.c.CommonPersistenceConfiguration:mainDataSource [main] - environment ApplicationServletEnvironment {activeProfiles=[cloud-disabled, es-disabled], defaultProfiles=[default], propertySources=[ConfigurationPropertySourcesPropertySource {name='configurationProperties'}, StubPropertySource {name='servletConfigInitParams'}, StubPropertySource {name='servletContextInitParams'}, PropertiesPropertySource {name='systemProperties'}, OriginAwareSystemEnvironmentPropertySource {name='systemEnvironment'}, RandomValuePropertySource {name='random'}, OriginTrackedMapPropertySource {name='Config resource 'file [/home/zero/Documents/GitHub/performance-pa/workspace/gzoom2-be/config/gzoom.properties]' via location 'file:/home/zero/Documents/GitHub/performance-pa/workspace/gzoom2-be/config/gzoom.properties''}, OriginTrackedMapPropertySource {name='Config resource 'class path resource [application.properties]' via location 'optional:classpath:/''}, ApplicationInfoPropertySource {name='applicationInfo'}]}
INFO  2026-04-07 00:45:40.512 i.m.g.p.c.CommonPersistenceConfiguration:mainDataSource [main] - dataSource.setDriverClassName org.postgresql.Driver
INFO  2026-04-07 00:45:40.632 c.z.h.HikariDataSource:getConnection [main] - HikariPool-1 - Starting...
INFO  2026-04-07 00:45:41.052 c.z.h.p.HikariPool:checkFailFast [main] - HikariPool-1 - Added connection org.postgresql.jdbc.PgConnection@6231f77a
INFO  2026-04-07 00:45:41.056 c.z.h.HikariDataSource:getConnection [main] - HikariPool-1 - Start completed.
INFO  2026-04-07 00:45:43.601 o.q.i.StdSchedulerFactory:instantiate [main] - Using default implementation for ThreadExecutor
INFO  2026-04-07 00:45:43.618 o.q.c.SchedulerSignalerImpl:<init> [main] - Initialized Scheduler Signaller of type: class org.quartz.core.SchedulerSignalerImpl
INFO  2026-04-07 00:45:43.619 o.q.c.QuartzScheduler:<init> [main] - Quartz Scheduler v2.5.0 created.
INFO  2026-04-07 00:45:43.621 o.q.s.RAMJobStore:initialize [main] - RAMJobStore initialized.
INFO  2026-04-07 00:45:43.622 o.q.c.QuartzScheduler:initialize [main] - Scheduler meta-data: Quartz Scheduler (v2.5.0) 'quartzScheduler' with instanceId 'NON_CLUSTERED'
  Scheduler class: 'org.quartz.core.QuartzScheduler' - running locally.
  NOT STARTED.
  Currently in standby mode.
  Number of jobs executed: 0
  Using thread pool 'org.quartz.simpl.SimpleThreadPool' - with 10 threads.
  Using job-store 'org.quartz.simpl.RAMJobStore' - which does not support persistence. and is not clustered.

INFO  2026-04-07 00:45:43.623 o.q.i.StdSchedulerFactory:instantiate [main] - Quartz scheduler 'quartzScheduler' initialized from an externally provided properties instance.
INFO  2026-04-07 00:45:43.624 o.q.i.StdSchedulerFactory:instantiate [main] - Quartz scheduler version: 2.5.0
INFO  2026-04-07 00:45:43.624 o.q.c.QuartzScheduler:setJobFactory [main] - JobFactory set to: org.springframework.scheduling.quartz.SpringBeanJobFactory@31c56721
INFO  2026-04-07 00:45:46.106 o.s.s.c.a.a.c.InitializeAuthenticationProviderBeanManagerConfigurer$InitializeAuthenticationProviderManagerConfigurer:configure [main] - Found 2 AuthenticationProvider beans, with names [jwtOfBizLoginAuthenticationProvider, jwtTokenAuthenticationProvider]. Global Authentication Manager will not be configured with AuthenticationProviders. Consider publishing a single AuthenticationProvider bean, or wiring your Providers directly using the DSL.
WARN  2026-04-07 00:45:46.246 o.s.s.c.a.w.AbstractRequestMatcherRegistry:requestMatchers [main] - One of the patterns in [/logout, /login, /check-user, /reset-password, /api/getToken, /api/getExternalKey, /api/doLogout, /twoFAuthEnable, /verifyOtp, verify-user] is missing a leading slash. This is discouraged; please include the leading slash in all your request matcher patterns. In future versions of Spring Security, leaving out the leading slash will result in an exception.
WARN  2026-04-07 00:45:46.526 o.s.s.c.a.w.b.WebSecurity:performBuild [main] - You are asking Spring Security to ignore Deferred [Mvc [pattern='/profile/i18n'], Ant [pattern='/profile/i18n']]. This is not recommended -- please use permitAll via HttpSecurity#authorizeHttpRequests instead.
ERROR 2026-04-07 00:45:46.686 i.m.g.q.s.SchedulerService:init [main] - Scheduler is disabled
INFO  2026-04-07 00:45:49.235 o.s.b.w.e.t.TomcatWebServer:start [main] - Tomcat started on port 8081 (http) with context path '/rest'
INFO  2026-04-07 00:45:49.356 o.s.b.w.e.t.TomcatWebServer:initialize [main] - Tomcat initialized with port 8082 (http)
INFO  2026-04-07 00:45:49.358 o.a.j.l.DirectJDKLog:log [main] - Starting service [Tomcat]
INFO  2026-04-07 00:45:49.359 o.a.j.l.DirectJDKLog:log [main] - Starting Servlet engine: [Apache Tomcat/10.1.42]
INFO  2026-04-07 00:45:49.376 o.a.j.l.DirectJDKLog:log [main] - Initializing Spring embedded WebApplicationContext
INFO  2026-04-07 00:45:49.377 o.s.b.w.s.c.ServletWebServerApplicationContext:prepareWebApplicationContext [main] - Root WebApplicationContext: initialization completed in 136 ms
INFO  2026-04-07 00:45:49.396 o.s.b.a.e.w.EndpointLinksResolver:<init> [main] - Exposing 1 endpoint beneath base path '/actuator'
INFO  2026-04-07 00:45:49.487 o.s.b.w.e.t.TomcatWebServer:start [main] - Tomcat started on port 8082 (http) with context path '/'
INFO  2026-04-07 00:45:49.493 o.s.s.q.SchedulerFactoryBean:startScheduler [main] - Starting Quartz Scheduler now
INFO  2026-04-07 00:45:49.494 o.q.c.QuartzScheduler:start [main] - Scheduler quartzScheduler_$_NON_CLUSTERED started.
INFO  2026-04-07 00:45:49.517 o.s.b.StartupInfoLogger:logStarted [main] - Started GZoomRun in 14.458 seconds (process running for 16.126)
INFO  2026-04-07 00:46:00.031 o.a.c.l.i.Jdk14Logger:log [main] - Starting GZoomReportRun using Java 21.0.10 with PID 383130 (/home/zero/Documents/GitHub/performance-pa/workspace/gzoom2-be/report-rest-boot/target/classes started by zero in /home/zero/Documents/GitHub/performance-pa/workspace/gzoom2-be)
INFO  2026-04-07 00:46:00.033 o.a.c.l.i.Jdk14Logger:log [main] - The following 2 profiles are active: "cloud-disabled", "es-disabled"
WARN  2026-04-07 00:46:02.423 o.a.c.l.i.Jdk14Logger:log [main] - Bean 'it.mapsgroup.gzoom.persistence.common.CommonPersistenceConfiguration' of type [it.mapsgroup.gzoom.persistence.common.CommonPersistenceConfiguration$$SpringCGLIB$$0] is not eligible for getting processed by all BeanPostProcessors (for example: not eligible for auto-proxying). Is this bean getting eagerly injected/applied to a currently created BeanPostProcessor [healthEndpointGroupsBeanPostProcessor]? Check the corresponding BeanPostProcessor declaration and its dependencies/advisors. If this bean does not have to be post-processed, declare it with ROLE_INFRASTRUCTURE.
INFO  2026-04-07 00:46:02.750 o.a.c.l.i.Jdk14Logger:log [main] - Tomcat initialized with port 8099 (http)
INFO  2026-04-07 00:46:02.769 o.a.j.l.DirectJDKLog:log [main] - Starting service [Tomcat]
INFO  2026-04-07 00:46:02.770 o.a.j.l.DirectJDKLog:log [main] - Starting Servlet engine: [Apache Tomcat/10.1.42]
INFO  2026-04-07 00:46:02.859 o.a.j.l.DirectJDKLog:log [main] - Initializing Spring embedded WebApplicationContext
INFO  2026-04-07 00:46:02.860 o.a.c.l.i.Jdk14Logger:log [main] - Root WebApplicationContext: initialization completed in 2613 ms
INFO  2026-04-07 00:46:03.098 i.m.g.p.c.CommonPersistenceConfiguration:mainDataSource [main] - mainDataSource
INFO  2026-04-07 00:46:03.101 i.m.g.p.c.CommonPersistenceConfiguration:mainDataSource [main] - environment ApplicationServletEnvironment {activeProfiles=[cloud-disabled, es-disabled], defaultProfiles=[default], propertySources=[ConfigurationPropertySourcesPropertySource {name='configurationProperties'}, StubPropertySource {name='servletConfigInitParams'}, ServletContextPropertySource {name='servletContextInitParams'}, PropertiesPropertySource {name='systemProperties'}, OriginAwareSystemEnvironmentPropertySource {name='systemEnvironment'}, RandomValuePropertySource {name='random'}, OriginTrackedMapPropertySource {name='Config resource 'file [/home/zero/Documents/GitHub/performance-pa/workspace/gzoom2-be/config/gzoom-report.properties]' via location 'file:/home/zero/Documents/GitHub/performance-pa/workspace/gzoom2-be/config/gzoom-report.properties''}, OriginTrackedMapPropertySource {name='Config resource 'class path resource [application.properties]' via location 'optional:classpath:/''}, ApplicationInfoPropertySource {name='applicationInfo'}]}
INFO  2026-04-07 00:46:03.101 i.m.g.p.c.CommonPersistenceConfiguration:mainDataSource [main] - environment ApplicationServletEnvironment {activeProfiles=[cloud-disabled, es-disabled], defaultProfiles=[default], propertySources=[ConfigurationPropertySourcesPropertySource {name='configurationProperties'}, StubPropertySource {name='servletConfigInitParams'}, ServletContextPropertySource {name='servletContextInitParams'}, PropertiesPropertySource {name='systemProperties'}, OriginAwareSystemEnvironmentPropertySource {name='systemEnvironment'}, RandomValuePropertySource {name='random'}, OriginTrackedMapPropertySource {name='Config resource 'file [/home/zero/Documents/GitHub/performance-pa/workspace/gzoom2-be/config/gzoom-report.properties]' via location 'file:/home/zero/Documents/GitHub/performance-pa/workspace/gzoom2-be/config/gzoom-report.properties''}, OriginTrackedMapPropertySource {name='Config resource 'class path resource [application.properties]' via location 'optional:classpath:/''}, ApplicationInfoPropertySource {name='applicationInfo'}]}
INFO  2026-04-07 00:46:03.115 i.m.g.p.c.CommonPersistenceConfiguration:mainDataSource [main] - dataSource.setDriverClassName org.postgresql.Driver
INFO  2026-04-07 00:46:03.227 c.z.h.HikariDataSource:getConnection [main] - HikariPool-1 - Starting...
INFO  2026-04-07 00:46:03.587 c.z.h.p.HikariPool:checkFailFast [main] - HikariPool-1 - Added connection org.postgresql.jdbc.PgConnection@352e5a82
INFO  2026-04-07 00:46:03.591 c.z.h.HikariDataSource:getConnection [main] - HikariPool-1 - Start completed.
INFO  2026-04-07 00:46:05.411 i.m.g.b.BIRTReportRunner:startUp [main] - BIRT LOG DIRECTORY SET TO : C:/projects/Gzoom2/birt/logs
INFO  2026-04-07 00:46:05.412 i.m.g.b.BIRTReportRunner:startUp [main] - BIRT LOGGING LEVEL SET TO FINE
INFO  2026-04-07 00:46:06.537 i.m.g.b.BIRTReportRunner:startUp [main] - Setting data source url: jdbc:mysql://localhost/gzoom_ismea?serverTimezone=UTC&useSSL=false&autoReconnect=true&useOldAliasMetadataBehavior=true
INFO  2026-04-07 00:46:06.538 i.m.g.b.BIRTReportRunner:startUp [main] - Setting data source driver: com.mysql.cj.jdbc.Driver
INFO  2026-04-07 00:46:06.769 i.m.g.j.JasperReportRunner:startUp [main] - JASPER LOG DIRECTORY SET TO : C:/projects/Gzoom2/birt/logs
INFO  2026-04-07 00:46:06.769 i.m.g.j.JasperReportRunner:startUp [main] - JASPER LOGGING LEVEL SET TO FINE
INFO  2026-04-07 00:46:08.825 o.q.i.StdSchedulerFactory:instantiate [main] - Using default implementation for ThreadExecutor
INFO  2026-04-07 00:46:08.841 o.q.c.SchedulerSignalerImpl:<init> [main] - Initialized Scheduler Signaller of type: class org.quartz.core.SchedulerSignalerImpl
INFO  2026-04-07 00:46:08.842 o.q.c.QuartzScheduler:<init> [main] - Quartz Scheduler v2.5.0 created.
INFO  2026-04-07 00:46:08.844 o.q.s.RAMJobStore:initialize [main] - RAMJobStore initialized.
INFO  2026-04-07 00:46:08.845 o.q.c.QuartzScheduler:initialize [main] - Scheduler meta-data: Quartz Scheduler (v2.5.0) 'quartzScheduler' with instanceId 'NON_CLUSTERED'
  Scheduler class: 'org.quartz.core.QuartzScheduler' - running locally.
  NOT STARTED.
  Currently in standby mode.
  Number of jobs executed: 0
  Using thread pool 'org.quartz.simpl.SimpleThreadPool' - with 10 threads.
  Using job-store 'org.quartz.simpl.RAMJobStore' - which does not support persistence. and is not clustered.

INFO  2026-04-07 00:46:08.846 o.q.i.StdSchedulerFactory:instantiate [main] - Quartz scheduler 'quartzScheduler' initialized from an externally provided properties instance.
INFO  2026-04-07 00:46:08.846 o.q.i.StdSchedulerFactory:instantiate [main] - Quartz scheduler version: 2.5.0
INFO  2026-04-07 00:46:08.846 o.q.c.QuartzScheduler:setJobFactory [main] - JobFactory set to: org.springframework.scheduling.quartz.SpringBeanJobFactory@73839f22
INFO  2026-04-07 00:46:08.987 o.a.c.l.i.Jdk14Logger:log [main] - Tomcat started on port 8099 (http) with context path '/rest'
INFO  2026-04-07 00:46:09.147 o.a.c.l.i.Jdk14Logger:log [main] - Tomcat initialized with port 8092 (http)
INFO  2026-04-07 00:46:09.148 o.a.j.l.DirectJDKLog:log [main] - Starting service [Tomcat]
INFO  2026-04-07 00:46:09.148 o.a.j.l.DirectJDKLog:log [main] - Starting Servlet engine: [Apache Tomcat/10.1.42]
INFO  2026-04-07 00:46:09.192 o.a.j.l.DirectJDKLog:log [main] - Initializing Spring embedded WebApplicationContext
INFO  2026-04-07 00:46:09.193 o.a.c.l.i.Jdk14Logger:log [main] - Root WebApplicationContext: initialization completed in 199 ms
INFO  2026-04-07 00:46:09.212 o.a.c.l.i.Jdk14Logger:log [main] - Exposing 1 endpoint beneath base path '/actuator'
INFO  2026-04-07 00:46:09.263 o.a.c.l.i.Jdk14Logger:log [main] - Tomcat started on port 8092 (http) with context path '/'
INFO  2026-04-07 00:46:09.267 o.a.c.l.i.Jdk14Logger:log [main] - Starting Quartz Scheduler now
INFO  2026-04-07 00:46:09.268 o.q.c.QuartzScheduler:start [main] - Scheduler quartzScheduler_$_NON_CLUSTERED started.
INFO  2026-04-07 00:46:09.280 o.a.c.l.i.Jdk14Logger:log [main] - Started GZoomReportRun in 10.312 seconds (process running for 12.139)
INFO  2026-04-07 00:46:09.329 i.m.g.s.ReportTaskService:resume [main] - Resumed 0 reports
INFO  2026-04-07 00:46:09.329 i.m.g.m.d.ReportActivityDao:getActivities [main] - getActivities
INFO  2026-04-07 00:46:09.363 i.m.g.m.d.ReportActivityDao:getActivities [main] - size = 0
INFO  2026-04-07 00:46:09.363 i.m.g.s.ReportTaskService:resume [main] - Added to queue 0 reports
INFO  2026-04-07 00:46:09.371 i.m.g.r.GZoomReportRun:main [main] - total memory : 264241152
INFO  2026-04-07 00:46:09.371 i.m.g.r.GZoomReportRun:main [main] - max memory : 8384413696
INFO  2026-04-07 00:46:09.371 i.m.g.r.GZoomReportRun:main [main] - free memory : 95824336
INFO  2026-04-07 00:52:24.165 o.a.j.l.DirectJDKLog:log [http-nio-8081-exec-2] - Initializing Spring DispatcherServlet 'dispatcherServlet'
INFO  2026-04-07 00:52:24.166 o.s.w.s.FrameworkServlet:initServletBean [http-nio-8081-exec-2] - Initializing Servlet 'dispatcherServlet'
INFO  2026-04-07 00:52:24.170 o.s.w.s.FrameworkServlet:initServletBean [http-nio-8081-exec-2] - Completed initialization in 4 ms
ERROR 2026-04-07 00:52:24.267 i.m.g.s.c.AuthController:getLoginMethod [http-nio-8081-exec-1] - no oneLoginSSOEnabledPropertyName and keycloakLoginEnabledPropertyName configuration found
ERROR 2026-04-07 00:52:24.332 i.m.g.s.JwtService:validateImpl [http-nio-8081-exec-2] - Invalid authentication token: {}
org.jose4j.jwt.consumer.InvalidJwtSignatureException: JWT rejected due to invalid signature. Additional details: [[9] Invalid JWS Signature: JsonWebSignature{"kid":"k1","alg":"RS256"}->eyJraWQiOiJrMSIsImFsZyI6IlJTMjU2In0.eyJpc3MiOiJsbW0iLCJhdWQiOiJlbmQtdXNlciIsImV4cCI6MTc3NTUxODk3OCwianRpIjoiODZfWjFLeDFWZ19OVzh6dXZNOENPUSIsImlhdCI6MTc3NTUxNTM3OCwic3ViIjoiZGV2ZWxvcGVyIiwiZmlyc3ROYW1lIjoiQWRtaW4iLCJsYXN0TmFtZSI6IlVzZXIiLCJleHRlcm5hbExvZ2luS2V5IjoiRUwyNDAwMTI0MjcyMzAiLCJwZXJtaXNzaW9ucyI6MSwiaWQiOiJkZXZlbG9wZXIiLCJ1c2VybmFtZSI6ImRldmVsb3BlciJ9.fZV-NoYl7Mv98K3cRIZnWO50Wm_QHlFX5qWCJnmUiy3qclwcTDtyf7TIKDApwkZb9bW17nmlp4jF0OlAKyTUZt0H2x9VJKDQPelcEqPbrur8BO_zISnML8pfborwgldhaelp9IH74Kq48NeMQV2Hx0Z4RsEnsCG_fhjrow-5jrHIc9M7xbdaaL9BtTAcT_ZUz2SfbTvZQPGmWcXJKHS26NXFUT_uUYyFIPwu8K587eZmyKI5hTz2tEZTaCttVYbYxOwVFafJLyJ9ocGXZqHww7Sio5JewbaZN2NtpobyYpXt6JZKjAc3wNZhs_ueA-Y-BxOA_tYX970o33h-OgUatg]
	at org.jose4j.jwt.consumer.JwtConsumer.processContext(JwtConsumer.java:224)
	at org.jose4j.jwt.consumer.JwtConsumer.process(JwtConsumer.java:426)
	at org.jose4j.jwt.consumer.JwtConsumer.processToClaims(JwtConsumer.java:171)
	at it.mapsgroup.gzoom.security.JwtService.validateImpl(JwtService.java:144)
	at it.mapsgroup.gzoom.security.JwtService.validate(JwtService.java:122)
	at it.mapsgroup.gzoom.security.JwtTokenAuthenticationProvider.authenticate(JwtTokenAuthenticationProvider.java:80)
	at org.springframework.security.authentication.ProviderManager.authenticate(ProviderManager.java:182)
	at it.mapsgroup.gzoom.security.JwtTokenFilter.doFilter(JwtTokenFilter.java:80)
	at it.mapsgroup.gzoom.DelegateRequestMatchingFilter.doFilter(DelegateRequestMatchingFilter.java:31)
	at org.springframework.security.web.ObservationFilterChainDecorator$ObservationFilter.wrapFilter(ObservationFilterChainDecorator.java:240)
	at org.springframework.security.web.ObservationFilterChainDecorator$ObservationFilter.doFilter(ObservationFilterChainDecorator.java:227)
	at org.springframework.security.web.ObservationFilterChainDecorator$VirtualFilterChain.doFilter(ObservationFilterChainDecorator.java:137)
	at it.mapsgroup.gzoom.security.JwtChangePasswordFilter.doFilter(JwtChangePasswordFilter.java:248)
	at org.springframework.security.web.ObservationFilterChainDecorator$ObservationFilter.wrapFilter(ObservationFilterChainDecorator.java:240)
	at org.springframework.security.web.ObservationFilterChainDecorator$ObservationFilter.doFilter(ObservationFilterChainDecorator.java:227)
	at org.springframework.security.web.ObservationFilterChainDecorator$VirtualFilterChain.doFilter(ObservationFilterChainDecorator.java:137)
	at it.mapsgroup.gzoom.security.JwtLogoutFilter.doFilter(JwtLogoutFilter.java:127)
	at org.springframework.security.web.ObservationFilterChainDecorator$ObservationFilter.wrapFilter(ObservationFilterChainDecorator.java:240)
	at org.springframework.security.web.ObservationFilterChainDecorator$ObservationFilter.doFilter(ObservationFilterChainDecorator.java:227)
	at org.springframework.security.web.ObservationFilterChainDecorator$VirtualFilterChain.doFilter(ObservationFilterChainDecorator.java:137)
	at org.springframework.security.web.header.HeaderWriterFilter.doHeadersAfter(HeaderWriterFilter.java:90)
	at org.springframework.security.web.header.HeaderWriterFilter.doFilterInternal(HeaderWriterFilter.java:75)
	at org.springframework.web.filter.OncePerRequestFilter.doFilter(OncePerRequestFilter.java:116)
	at org.springframework.security.web.ObservationFilterChainDecorator$ObservationFilter.wrapFilter(ObservationFilterChainDecorator.java:240)
	at org.springframework.security.web.ObservationFilterChainDecorator$ObservationFilter.doFilter(ObservationFilterChainDecorator.java:227)
	at org.springframework.security.web.ObservationFilterChainDecorator$VirtualFilterChain.doFilter(ObservationFilterChainDecorator.java:137)
	at org.springframework.security.web.context.SecurityContextHolderFilter.doFilter(SecurityContextHolderFilter.java:82)
	at org.springframework.security.web.context.SecurityContextHolderFilter.doFilter(SecurityContextHolderFilter.java:69)
	at org.springframework.security.web.ObservationFilterChainDecorator$ObservationFilter.wrapFilter(ObservationFilterChainDecorator.java:240)
	at org.springframework.security.web.ObservationFilterChainDecorator$ObservationFilter.doFilter(ObservationFilterChainDecorator.java:227)
	at org.springframework.security.web.ObservationFilterChainDecorator$VirtualFilterChain.doFilter(ObservationFilterChainDecorator.java:137)
	at org.springframework.security.web.context.request.async.WebAsyncManagerIntegrationFilter.doFilterInternal(WebAsyncManagerIntegrationFilter.java:62)
	at org.springframework.web.filter.OncePerRequestFilter.doFilter(OncePerRequestFilter.java:116)
	at org.springframework.security.web.ObservationFilterChainDecorator$ObservationFilter.wrapFilter(ObservationFilterChainDecorator.java:240)
	at org.springframework.security.web.ObservationFilterChainDecorator$ObservationFilter.doFilter(ObservationFilterChainDecorator.java:227)
	at org.springframework.security.web.ObservationFilterChainDecorator$VirtualFilterChain.doFilter(ObservationFilterChainDecorator.java:137)
	at org.springframework.security.web.session.DisableEncodeUrlFilter.doFilterInternal(DisableEncodeUrlFilter.java:42)
	at org.springframework.web.filter.OncePerRequestFilter.doFilter(OncePerRequestFilter.java:116)
	at org.springframework.security.web.ObservationFilterChainDecorator$ObservationFilter.wrapFilter(ObservationFilterChainDecorator.java:240)
	at org.springframework.security.web.ObservationFilterChainDecorator$AroundFilterObservation$SimpleAroundFilterObservation.lambda$wrap$0(ObservationFilterChainDecorator.java:323)
	at org.springframework.security.web.ObservationFilterChainDecorator$ObservationFilter.doFilter(ObservationFilterChainDecorator.java:224)
	at org.springframework.security.web.ObservationFilterChainDecorator$VirtualFilterChain.doFilter(ObservationFilterChainDecorator.java:137)
	at org.springframework.security.web.FilterChainProxy.doFilterInternal(FilterChainProxy.java:233)
	at org.springframework.security.web.FilterChainProxy.doFilter(FilterChainProxy.java:191)
	at org.springframework.web.filter.CompositeFilter$VirtualFilterChain.doFilter(CompositeFilter.java:113)
	at org.springframework.web.filter.ServletRequestPathFilter.doFilter(ServletRequestPathFilter.java:52)
	at org.springframework.web.filter.CompositeFilter$VirtualFilterChain.doFilter(CompositeFilter.java:113)
	at org.springframework.web.filter.CompositeFilter.doFilter(CompositeFilter.java:74)
	at org.springframework.security.config.annotation.web.configuration.WebSecurityConfiguration$CompositeFilterChainProxy.doFilter(WebSecurityConfiguration.java:319)
	at org.springframework.web.filter.CompositeFilter$VirtualFilterChain.doFilter(CompositeFilter.java:113)
	at org.springframework.web.servlet.handler.HandlerMappingIntrospector.lambda$createCacheFilter$4(HandlerMappingIntrospector.java:267)
	at org.springframework.web.filter.CompositeFilter$VirtualFilterChain.doFilter(CompositeFilter.java:113)
	at org.springframework.web.filter.CompositeFilter.doFilter(CompositeFilter.java:74)
	at org.springframework.security.config.annotation.web.configuration.WebMvcSecurityConfiguration$CompositeFilterChainProxy.doFilter(WebMvcSecurityConfiguration.java:240)
	at org.apache.catalina.core.ApplicationFilterChain.internalDoFilter(ApplicationFilterChain.java:164)
	at org.apache.catalina.core.ApplicationFilterChain.doFilter(ApplicationFilterChain.java:140)
	at org.springframework.web.filter.ServerHttpObservationFilter.doFilterInternal(ServerHttpObservationFilter.java:114)
	at org.springframework.web.filter.OncePerRequestFilter.doFilter(OncePerRequestFilter.java:116)
	at org.apache.catalina.core.ApplicationFilterChain.internalDoFilter(ApplicationFilterChain.java:164)
	at org.apache.catalina.core.ApplicationFilterChain.doFilter(ApplicationFilterChain.java:140)
	at org.springframework.web.filter.CharacterEncodingFilter.doFilterInternal(CharacterEncodingFilter.java:201)
	at org.springframework.web.filter.OncePerRequestFilter.doFilter(OncePerRequestFilter.java:116)
	at org.apache.catalina.core.ApplicationFilterChain.internalDoFilter(ApplicationFilterChain.java:164)
	at org.apache.catalina.core.ApplicationFilterChain.doFilter(ApplicationFilterChain.java:140)
	at org.apache.catalina.core.StandardWrapperValve.invoke(StandardWrapperValve.java:167)
	at org.apache.catalina.core.StandardContextValve.invoke(StandardContextValve.java:90)
	at org.apache.catalina.authenticator.AuthenticatorBase.invoke(AuthenticatorBase.java:483)
	at org.apache.catalina.core.StandardHostValve.invoke(StandardHostValve.java:116)
	at org.apache.catalina.valves.ErrorReportValve.invoke(ErrorReportValve.java:93)
	at org.apache.catalina.core.StandardEngineValve.invoke(StandardEngineValve.java:74)
	at org.apache.catalina.connector.CoyoteAdapter.service(CoyoteAdapter.java:344)
	at org.apache.coyote.http11.Http11Processor.service(Http11Processor.java:398)
	at org.apache.coyote.AbstractProcessorLight.process(AbstractProcessorLight.java:63)
	at org.apache.coyote.AbstractProtocol$ConnectionHandler.process(AbstractProtocol.java:903)
	at org.apache.tomcat.util.net.NioEndpoint$SocketProcessor.doRun(NioEndpoint.java:1769)
	at org.apache.tomcat.util.net.SocketProcessorBase.run(SocketProcessorBase.java:52)
	at org.apache.tomcat.util.threads.ThreadPoolExecutor.runWorker(ThreadPoolExecutor.java:1189)
	at org.apache.tomcat.util.threads.ThreadPoolExecutor$Worker.run(ThreadPoolExecutor.java:658)
	at org.apache.tomcat.util.threads.TaskThread$WrappingRunnable.run(TaskThread.java:63)
	at java.base/java.lang.Thread.run(Thread.java:1583)
ERROR 2026-04-07 00:52:24.335 i.m.g.s.JwtTokenAuthenticationProvider:authenticate [http-nio-8081-exec-2] - Authentication failed: Invalid authentication token
ERROR 2026-04-07 00:52:24.943 i.m.g.s.c.AuthController:getLoginMethod [http-nio-8081-exec-6] - no oneLoginSSOEnabledPropertyName and keycloakLoginEnabledPropertyName configuration found
INFO  2026-04-07 00:52:25.108 i.m.g.m.d.PartyNoteDao:getPartyNote [http-nio-8081-exec-9] - getPartyNote
INFO  2026-04-07 00:52:25.192 i.m.g.m.d.PartyNoteDao:getPartyNote [http-nio-8081-exec-9] - size = 0
INFO  2026-04-07 00:52:25.274 i.m.g.m.d.PartyNoteDao:getPartyNote [http-nio-8081-exec-1] - getPartyNote
INFO  2026-04-07 00:52:25.276 i.m.g.m.d.PartyNoteDao:getPartyNote [http-nio-8081-exec-1] - size = 0
INFO  2026-04-07 00:52:25.328 i.m.g.m.d.PartyNoteDao:getPartyNote [http-nio-8081-exec-2] - getPartyNote
INFO  2026-04-07 00:52:25.329 i.m.g.m.d.PartyNoteDao:getPartyNote [http-nio-8081-exec-2] - size = 0
INFO  2026-04-07 00:52:25.496 i.m.g.m.d.UserPreferenceDaoMB:getUserPreference [http-nio-8081-exec-6] - find userPreference by id
INFO  2026-04-07 00:52:25.498 i.m.g.s.NodeService:stream [http-nio-8081-exec-5] - stream default imagePath: /lmm/images/gzoom_logo_login.jpg
INFO  2026-04-07 00:52:25.500 i.m.g.m.d.PartyContentDao:getPartyContent [http-nio-8081-exec-5] - getPartyContent
INFO  2026-04-07 00:52:25.503 i.m.g.m.d.UserPreferenceDaoMB:getUserPreference [http-nio-8081-exec-6] - UserPreference = true
INFO  2026-04-07 00:52:25.511 i.m.g.m.d.PartyContentDao:getPartyContent [http-nio-8081-exec-5] - size = 0
INFO  2026-04-07 00:52:25.601 i.m.g.m.d.NoteDataDao:getNoteDataByPrefValue [http-nio-8081-exec-7] - find note data by prefValue
INFO  2026-04-07 00:52:25.605 i.m.g.m.d.NoteDataDao:getNoteDataByPrefValue [http-nio-8081-exec-7] - size = null
ERROR 2026-04-07 00:52:38.528 i.m.g.s.c.AuthController:getLoginMethod [http-nio-8081-exec-10] - no oneLoginSSOEnabledPropertyName and keycloakLoginEnabledPropertyName configuration found
ERROR 2026-04-07 00:52:39.206 i.m.g.s.c.AuthController:getLoginMethod [http-nio-8081-exec-3] - no oneLoginSSOEnabledPropertyName and keycloakLoginEnabledPropertyName configuration found
INFO  2026-04-07 00:52:39.269 i.m.g.m.d.PartyNoteDao:getPartyNote [http-nio-8081-exec-5] - getPartyNote
INFO  2026-04-07 00:52:39.288 i.m.g.m.d.PartyNoteDao:getPartyNote [http-nio-8081-exec-5] - size = 0
INFO  2026-04-07 00:52:39.489 i.m.g.m.d.PartyNoteDao:getPartyNote [http-nio-8081-exec-10] - getPartyNote
INFO  2026-04-07 00:52:39.493 i.m.g.m.d.PartyNoteDao:getPartyNote [http-nio-8081-exec-10] - size = 0
INFO  2026-04-07 00:52:39.552 i.m.g.m.d.PartyNoteDao:getPartyNote [http-nio-8081-exec-8] - getPartyNote
INFO  2026-04-07 00:52:39.554 i.m.g.m.d.PartyNoteDao:getPartyNote [http-nio-8081-exec-8] - size = 0
INFO  2026-04-07 00:52:39.766 i.m.g.s.NodeService:stream [http-nio-8081-exec-2] - stream default imagePath: /lmm/images/gzoom_logo_login.jpg
INFO  2026-04-07 00:52:39.768 i.m.g.m.d.PartyContentDao:getPartyContent [http-nio-8081-exec-2] - getPartyContent
INFO  2026-04-07 00:52:39.783 i.m.g.m.d.PartyContentDao:getPartyContent [http-nio-8081-exec-2] - size = 0
INFO  2026-04-07 00:52:39.810 i.m.g.m.d.UserPreferenceDaoMB:getUserPreference [http-nio-8081-exec-3] - find userPreference by id
INFO  2026-04-07 00:52:39.814 i.m.g.m.d.UserPreferenceDaoMB:getUserPreference [http-nio-8081-exec-3] - UserPreference = true
INFO  2026-04-07 00:52:39.909 i.m.g.m.d.NoteDataDao:getNoteDataByPrefValue [http-nio-8081-exec-4] - find note data by prefValue
INFO  2026-04-07 00:52:39.915 i.m.g.m.d.NoteDataDao:getNoteDataByPrefValue [http-nio-8081-exec-4] - size = null
INFO  2026-04-07 00:52:45.218 i.m.g.m.d.UserLoginDao:getUserLogin [http-nio-8081-exec-6] - getUserLogin
INFO  2026-04-07 00:52:45.247 i.m.g.m.d.UserLoginDao:getUserLogin [http-nio-8081-exec-6] - size 1
INFO  2026-04-07 00:52:45.273 i.m.g.m.d.UserLoginDao:getUserLogin [http-nio-8081-exec-7] - getUserLogin
INFO  2026-04-07 00:52:45.278 i.m.g.m.d.UserLoginDao:getUserLogin [http-nio-8081-exec-7] - size 1
INFO  2026-04-07 00:52:45.887 i.m.g.m.d.UserPreferenceDaoMB:getUserPreference [http-nio-8081-exec-7] - find userPreference by id
INFO  2026-04-07 00:52:45.889 i.m.g.m.d.UserPreferenceDaoMB:getUserPreference [http-nio-8081-exec-7] - UserPreference = true
INFO  2026-04-07 00:52:45.891 i.m.g.s.JwtLoginFilter:successfulAuthentication [http-nio-8081-exec-7] - Successfully authenticated user: developer
INFO  2026-04-07 00:52:46.231 i.m.g.m.d.UserLoginDao:getUserLogin [http-nio-8081-exec-5] - getUserLogin
INFO  2026-04-07 00:52:46.252 i.m.g.m.d.UserLoginDao:getUserLogin [http-nio-8081-exec-5] - size 1
DEBUG 2026-04-07 00:52:46.258 i.m.g.s.JwtTokenFilter:doFilter [http-nio-8081-exec-5] - Token valid for user: developer
INFO  2026-04-07 00:52:46.267 i.m.g.m.d.UserCtxPermissionViewDao:selectByUserLoginId [http-nio-8081-exec-5] - get UserCtxPermissionView by userLoginId
INFO  2026-04-07 00:52:46.269 i.m.g.m.d.UserLoginDao:getUserLogin [http-nio-8081-exec-8] - getUserLogin
INFO  2026-04-07 00:52:46.279 i.m.g.m.d.UserLoginDao:getUserLogin [http-nio-8081-exec-10] - getUserLogin
INFO  2026-04-07 00:52:46.280 i.m.g.m.d.UserLoginDao:getUserLogin [http-nio-8081-exec-8] - size 1
INFO  2026-04-07 00:52:46.281 i.m.g.m.d.UserLoginDao:getUserLogin [http-nio-8081-exec-1] - getUserLogin
DEBUG 2026-04-07 00:52:46.282 i.m.g.s.JwtTokenFilter:doFilter [http-nio-8081-exec-8] - Token valid for user: developer
INFO  2026-04-07 00:52:46.284 i.m.g.m.d.SecurityPermissionDao:getPermission [http-nio-8081-exec-8] - getPermission
INFO  2026-04-07 00:52:46.300 i.m.g.m.d.PartyNoteDao:getPartyNote [http-nio-8081-exec-9] - getPartyNote
INFO  2026-04-07 00:52:46.302 i.m.g.m.d.UserLoginDao:getUserLogin [http-nio-8081-exec-1] - size 1
INFO  2026-04-07 00:52:46.322 i.m.g.m.d.UserLoginDao:getUserLogin [http-nio-8081-exec-10] - size 1
DEBUG 2026-04-07 00:52:46.330 i.m.g.s.JwtTokenFilter:doFilter [http-nio-8081-exec-10] - Token valid for user: developer
DEBUG 2026-04-07 00:52:46.324 i.m.g.s.JwtTokenFilter:doFilter [http-nio-8081-exec-1] - Token valid for user: developer
INFO  2026-04-07 00:52:46.323 i.m.g.m.d.UserCtxPermissionViewDao:selectByUserLoginId [http-nio-8081-exec-5] - size = 4
INFO  2026-04-07 00:52:46.325 i.m.g.m.d.PartyNoteDao:getPartyNote [http-nio-8081-exec-9] - size = 0
INFO  2026-04-07 00:52:46.339 i.m.g.m.d.UserLoginDao:getUserLogin [http-nio-8081-exec-10] - getUserLogin
INFO  2026-04-07 00:52:46.346 i.m.g.m.d.UserPreferenceDaoMB:getUserPreference [http-nio-8081-exec-1] - find userPreference by id
INFO  2026-04-07 00:52:46.355 i.m.g.m.d.UserPreferenceDaoMB:getUserPreference [http-nio-8081-exec-1] - UserPreference = false
INFO  2026-04-07 00:52:46.360 i.m.g.m.d.UserPreferenceDaoMB:getUserPreference [http-nio-8081-exec-1] - find userPreference by id
INFO  2026-04-07 00:52:46.369 i.m.g.m.d.UserLoginDao:getUserLogin [http-nio-8081-exec-10] - size 1
INFO  2026-04-07 00:52:46.372 i.m.g.m.d.UserLoginDao:getUserLogin [http-nio-8081-exec-10] - getUserLogin
INFO  2026-04-07 00:52:46.382 i.m.g.m.d.SecurityPermissionDao:getPermission [http-nio-8081-exec-8] - size = 107
INFO  2026-04-07 00:52:46.386 i.m.g.s.MenuService:getMenu [http-nio-8081-exec-8] - mappa2 {TYPESATTACHMENTSOBJECTIVESCTXWE=[ADMIN], REPORTPRINTCTXOR=[ADMIN], UOMTYPE=[ADMIN], REPORTPRINTCTXPA=[ADMIN], ANALYSISCTXBS=[ADMIN], SECURITYGROUPSCTXBA=[ADMIN], ANALYSISTYPECTXEP=[ADMIN], QUERYCONFIGCTXBSU=[ADMIN], APPROVALPATHSCTXBA=[ADMIN], REPORTPRINTCTXGD=[ADMIN], CONSULTINGLOGCTXBA=[ADMIN], QUERYCONFIGCTXGDU=[ADMIN], NOTESOBJECTIVESCTXWE=[ADMIN], WORKEFFORTCTXWE=[ADMIN], QUERYCONFIGCTXBSE=[ADMIN], QUERYCONFIGURATIONCTXWE=[ADMIN], ECONOMICINDICATORSCTXAC=[ADMIN], ANALYSISTYPECTXWE=[ADMIN], ANALYSISCTXRE=[ADMIN], QUERYCONFIGCTXEPU=[ADMIN], QUERYCONFIGCTXGDE=[ADMIN], SUBSYSTEMTYPESCTXBA=[ADMIN], PURPOSECTXAC=[ADMIN], ANALYSISCTXDI=[ADMIN], RELATIONSHIPSOBJECTIVESCTXWE=[ADMIN], EXTRAACCOUNTINGUNITTYPESCTXAC=[ADMIN], ANALYSISTYPECTXOR=[ADMIN], FINANCIALINDICATORSCTXAC=[ADMIN], QUERYCONFIGCTXPAE=[ADMIN], QUERYCONFIGCTXREE=[ADMIN], SUBJECTSOBJECTIVESCTXWE=[ADMIN], QUERYCONFIGCTXCGU=[ADMIN], REPORTPRINTCTXEP=[ADMIN], QUERYCONFIGCTXDIU=[ADMIN], QUERYCONFIGCTXPYU=[ADMIN], QUERYCONFIGCTXCOU=[ADMIN], EXTRACTQUERYCONFIGURATIONCTXWE=[ADMIN], CUSTOM=[ADMIN], QUERYCONFIGCTXACE=[ADMIN], ANALYSISCTXTR=[ADMIN], RESERVEDINDICATORMOVEMENTSCTXAC=[ADMIN], QUERYCONFIGCTXCGE=[ADMIN], QUERYCONFIGCTXDIE=[ADMIN], ANALYSISTYPECTXGD=[ADMIN], QUERYCONFIGCTXPYE=[ADMIN], ANALYSISTYPECTXPR=[ADMIN], QUERYCONFIGCTXCOE=[ADMIN], REPORTPRINTCTXDI=[ADMIN], FINANCIALACCOUNTINGUNITTYPESCTXAC=[ADMIN], ANALYSISCTXCO=[ADMIN], MEASURESOBJECTIVESCTXWE=[ADMIN], ANALYSISTYPECTXPA=[ADMIN], REPORTPRINTCTXTR=[ADMIN], TYPOLOGIESROLESSUBJECTSCTXPY=[ADMIN], SCHEDULERCTXBA=[ADMIN], ANALYSISCTXCG=[ADMIN], OBJECTIVECODESCTXWE=[ADMIN], QUERYCONFIGCTXCAU=[ADMIN], CALCULATIONFORMULASCTXAC=[ADMIN], REPORTPRINTCTXCG=[ADMIN], FINANCIALINDICATORMOVEMENTSCTXAC=[ADMIN], REPORTPRINTCTXCO=[ADMIN], ECONOMICSPOSITIONSCTXPY=[ADMIN], TYPESRELATIONSHIPSBETWEENSUBJECTSCTXPY=[ADMIN], QUERYCONFIGCTXTRU=[ADMIN], ANALYSISCTXEP=[ADMIN], PERIODSCTXAC=[ADMIN], QUERYCONFIGCTXPRU=[ADMIN], REPORTPRINTCTXBS=[ADMIN], ECONPATRACCOUNTINGUNITTYPESCTXAC=[ADMIN], ECONOMICINDICATORMOVEMENTSCTXAC=[ADMIN], REPORTPRINTCTXRE=[ADMIN], QUERYCONFIGCTXTRE=[ADMIN], ANALYSISTYPECTXRE=[ADMIN], QUERYCONFIGCTXPAU=[ADMIN], QUERYCONFIGCTXPRE=[ADMIN], QUERYCONFIGCTXREU=[ADMIN], QUERYCONFIGCTXEPE=[ADMIN], RANGESOFVALUESCTXAC=[ADMIN], QUERYCONFIG=[ADMIN], TIMESHEETCTXPR=[ADMIN], ANALYSISTYPECTXCG=[ADMIN], TIMESHEET=[ADMIN], TYPOLOGYRELATIONSHIPSOBJECTIVESCTXWE=[ADMIN], ANALYSISTYPECTXCO=[ADMIN], ANALYSISTYPECTXBS=[ADMIN], QUERYCONFIGCTXBAE=[ADMIN], SUBSYSTEMCTXBA=[ADMIN], REQUESTFROMINTERESTEDPARTIESCTXGD=[ADMIN], ANALYSISCTXPR=[ADMIN], DETECTIONTYPECTXAC=[ADMIN], INDICATORSCTXAC=[ADMIN], INDICATORMOVEMENTSCTXAC=[ADMIN], ANALYSISTYPECTXDI=[ADMIN], REPORTPRINTCTXPR=[ADMIN], QUERYCONFIGCTXORU=[ADMIN], TIMESHEETCTXOR=[ADMIN], ANALYSISCTXPA=[ADMIN], ATTACHMENTSOBJECTIVESCTXWE=[ADMIN], UOM=[ADMIN], INTERFACCIAMENTODATI=[ADMIN], TIPOLOGIEPERIODICTXAC=[ADMIN], QUERYCONFIGCTXORE=[ADMIN], RESERVEDINDICATORSCTXAC=[ADMIN], NATUREUNITCONTEXTRCTXAC=[ADMIN], ANALYSISTYPECTXTR=[ADMIN], ANALYSISCTXOR=[ADMIN]}
INFO  2026-04-07 00:52:46.387 i.m.g.m.d.ContentAndAttributesDao:getValidMenu [http-nio-8081-exec-8] - getValidMenu
INFO  2026-04-07 00:52:46.383 i.m.g.m.d.UserPreferenceDaoMB:getUserPreference [http-nio-8081-exec-1] - UserPreference = false
INFO  2026-04-07 00:52:46.398 i.m.g.m.d.UserLoginDao:getUserLogin [http-nio-8081-exec-10] - size 1
INFO  2026-04-07 00:52:46.718 i.m.g.m.d.ContentAndAttributesDao:getValidMenu [http-nio-8081-exec-8] - size = 102
INFO  2026-04-07 00:52:46.721 i.m.g.m.d.ContentAndAttributesDao:getFolderMenu [http-nio-8081-exec-8] - getFolderMenu
INFO  2026-04-07 00:52:46.808 i.m.g.m.d.ContentAndAttributesDao:getFolderMenu [http-nio-8081-exec-8] - size = 66
INFO  2026-04-07 00:52:46.896 i.m.g.m.d.UserLoginDao:getUserLogin [http-nio-8081-exec-6] - getUserLogin
INFO  2026-04-07 00:52:46.902 i.m.g.m.d.UserLoginDao:getUserLogin [http-nio-8081-exec-6] - size 1
DEBUG 2026-04-07 00:52:46.904 i.m.g.s.JwtTokenFilter:doFilter [http-nio-8081-exec-6] - Token valid for user: developer
INFO  2026-04-07 00:52:46.949 i.m.g.m.d.UserLoginDao:getUserLogin [http-nio-8081-exec-9] - getUserLogin
INFO  2026-04-07 00:52:46.960 i.m.g.m.d.UserLoginDao:getUserLogin [http-nio-8081-exec-1] - getUserLogin
INFO  2026-04-07 00:52:46.961 i.m.g.m.d.UserLoginDao:getUserLogin [http-nio-8081-exec-5] - getUserLogin
INFO  2026-04-07 00:52:46.968 i.m.g.m.d.UserLoginDao:getUserLogin [http-nio-8081-exec-5] - size 1
INFO  2026-04-07 00:52:46.969 i.m.g.m.d.UserLoginDao:getUserLogin [http-nio-8081-exec-9] - size 1
DEBUG 2026-04-07 00:52:46.970 i.m.g.s.JwtTokenFilter:doFilter [http-nio-8081-exec-9] - Token valid for user: developer
DEBUG 2026-04-07 00:52:46.970 i.m.g.s.JwtTokenFilter:doFilter [http-nio-8081-exec-5] - Token valid for user: developer
INFO  2026-04-07 00:52:46.973 i.m.g.m.d.UserLoginDao:getUserLogin [http-nio-8081-exec-1] - size 1
INFO  2026-04-07 00:52:46.975 i.m.g.m.d.UserLoginSecurityGroupDao:getDefaultPortalPage [http-nio-8081-exec-9] - getDefaultPortalPage
INFO  2026-04-07 00:52:46.982 i.m.g.m.d.UserLoginSecurityGroupDao:getDefaultPortalPage [http-nio-8081-exec-9] - size 0
DEBUG 2026-04-07 00:52:46.989 i.m.g.s.JwtTokenFilter:doFilter [http-nio-8081-exec-1] - Token valid for user: developer
INFO  2026-04-07 00:52:47.159 i.m.g.s.NodeService:stream [http-nio-8081-exec-10] - stream default imagePath: /lmm/images/gzoom_logo.jpg
INFO  2026-04-07 00:52:47.163 i.m.g.m.d.PartyContentDao:getPartyContent [http-nio-8081-exec-10] - getPartyContent
INFO  2026-04-07 00:52:47.175 i.m.g.m.d.PartyContentDao:getPartyContent [http-nio-8081-exec-10] - size = 0
INFO  2026-04-07 00:52:47.318 i.m.g.m.d.UserLoginDao:getUserLogin [http-nio-8081-exec-2] - getUserLogin
INFO  2026-04-07 00:52:47.324 i.m.g.m.d.UserLoginDao:getUserLogin [http-nio-8081-exec-2] - size 1
DEBUG 2026-04-07 00:52:47.328 i.m.g.s.JwtTokenFilter:doFilter [http-nio-8081-exec-2] - Token valid for user: developer
INFO  2026-04-07 00:52:47.332 i.m.g.m.d.UserLoginDao:getUserLogin [http-nio-8081-exec-4] - getUserLogin
INFO  2026-04-07 00:52:47.337 i.m.g.m.d.UserPreferenceDaoMB:getUserPreference [http-nio-8081-exec-2] - find userPreference by id
INFO  2026-04-07 00:52:47.342 i.m.g.m.d.UserPreferenceDaoMB:getUserPreference [http-nio-8081-exec-2] - UserPreference = true
INFO  2026-04-07 00:52:47.342 i.m.g.m.d.UserLoginDao:getUserLogin [http-nio-8081-exec-4] - size 1
INFO  2026-04-07 00:52:47.347 i.m.g.m.d.UserLoginDao:getUserLogin [http-nio-8081-exec-6] - getUserLogin
DEBUG 2026-04-07 00:52:47.349 i.m.g.s.JwtTokenFilter:doFilter [http-nio-8081-exec-4] - Token valid for user: developer
INFO  2026-04-07 00:52:47.355 i.m.g.m.d.UserPreferenceDaoMB:getUserPreference [http-nio-8081-exec-2] - find userPreference by id
INFO  2026-04-07 00:52:47.356 i.m.g.m.d.UserLoginDao:getUserLogin [http-nio-8081-exec-7] - getUserLogin
INFO  2026-04-07 00:52:47.357 i.m.g.m.d.UserLoginDao:getUserLogin [http-nio-8081-exec-6] - size 1
DEBUG 2026-04-07 00:52:47.362 i.m.g.s.JwtTokenFilter:doFilter [http-nio-8081-exec-6] - Token valid for user: developer
INFO  2026-04-07 00:52:47.360 i.m.g.m.d.UserPreferenceDaoMB:getUserPreference [http-nio-8081-exec-2] - UserPreference = false
INFO  2026-04-07 00:52:47.365 i.m.g.m.d.UserLoginDao:getUserLogin [http-nio-8081-exec-7] - size 1
DEBUG 2026-04-07 00:52:47.367 i.m.g.s.JwtTokenFilter:doFilter [http-nio-8081-exec-7] - Token valid for user: developer
INFO  2026-04-07 00:52:47.384 i.m.g.m.d.UserLoginValidPartyRoleDao:getUserLoginValidPartyRoleList [http-nio-8081-exec-6] - getUserLoginValidPartyRoleList
INFO  2026-04-07 00:52:47.386 i.m.g.m.d.UserLoginDao:getUserLogin [http-nio-8081-exec-7] - getUserLogin
INFO  2026-04-07 00:52:47.391 i.m.g.m.d.UserLoginDao:getUserLogin [http-nio-8081-exec-7] - size 1
INFO  2026-04-07 00:52:47.400 i.m.g.u.Manifests:getProductInfo [http-nio-8081-exec-5] - getProductInfo2.5.0rc1
INFO  2026-04-07 00:52:47.395 i.m.g.m.d.UserLoginDao:getUserLogin [http-nio-8081-exec-1] - getUserLogin
INFO  2026-04-07 00:52:47.409 i.m.g.m.d.UserLoginDao:getUserLogin [http-nio-8081-exec-1] - size 1
INFO  2026-04-07 00:52:47.410 i.m.g.m.d.UserLoginValidPartyRoleDao:getUserLoginValidPartyRoleList [http-nio-8081-exec-6] - size 0
DEBUG 2026-04-07 00:52:47.412 i.m.g.s.JwtTokenFilter:doFilter [http-nio-8081-exec-1] - Token valid for user: developer
ERROR 2026-04-07 00:52:47.424 i.m.g.u.Manifests:initProductDate [http-nio-8081-exec-5] - Invalid product date format in MANIFEST.MF
INFO  2026-04-07 00:52:47.424 i.m.g.u.Manifests:getProductInfo [http-nio-8081-exec-5] - getProductInfoTue Apr 07 00:52:47 CEST 2026
INFO  2026-04-07 00:52:52.976 i.m.g.m.d.UserLoginDao:getUserLogin [http-nio-8081-exec-9] - getUserLogin
INFO  2026-04-07 00:52:52.980 i.m.g.m.d.UserLoginDao:getUserLogin [http-nio-8081-exec-9] - size 1
ERROR 2026-04-07 00:52:52.981 i.m.g.s.c.AuthController:getLoginMethod [http-nio-8081-exec-4] - no oneLoginSSOEnabledPropertyName and keycloakLoginEnabledPropertyName configuration found
DEBUG 2026-04-07 00:52:52.990 i.m.g.s.JwtTokenFilter:doFilter [http-nio-8081-exec-9] - Token valid for user: developer
INFO  2026-04-07 00:52:52.993 i.m.g.m.d.UserLoginDao:getUserLogin [http-nio-8081-exec-9] - getUserLogin
INFO  2026-04-07 00:52:53.006 i.m.g.m.d.UserLoginDao:getUserLogin [http-nio-8081-exec-9] - size 1
INFO  2026-04-07 00:52:53.009 i.m.g.m.d.UserLoginDao:getUserLogin [http-nio-8081-exec-9] - getUserLogin
INFO  2026-04-07 00:52:53.024 i.m.g.m.d.UserLoginDao:getUserLogin [http-nio-8081-exec-9] - size 1
INFO  2026-04-07 00:52:53.824 i.m.g.m.d.UserLoginDao:getUserLogin [http-nio-8081-exec-3] - getUserLogin
INFO  2026-04-07 00:52:53.831 i.m.g.m.d.UserLoginDao:getUserLogin [http-nio-8081-exec-5] - getUserLogin
INFO  2026-04-07 00:52:53.831 i.m.g.m.d.UserLoginDao:getUserLogin [http-nio-8081-exec-6] - getUserLogin
INFO  2026-04-07 00:52:53.832 i.m.g.m.d.UserLoginDao:getUserLogin [http-nio-8081-exec-3] - size 1
INFO  2026-04-07 00:52:53.833 i.m.g.m.d.PartyNoteDao:getPartyNote [http-nio-8081-exec-7] - getPartyNote
INFO  2026-04-07 00:52:53.836 i.m.g.m.d.PartyNoteDao:getPartyNote [http-nio-8081-exec-7] - size = 0
INFO  2026-04-07 00:52:53.837 i.m.g.m.d.UserLoginDao:getUserLogin [http-nio-8081-exec-8] - getUserLogin
INFO  2026-04-07 00:52:53.838 i.m.g.m.d.UserLoginDao:getUserLogin [http-nio-8081-exec-6] - size 1
INFO  2026-04-07 00:52:53.841 i.m.g.m.d.UserLoginDao:getUserLogin [http-nio-8081-exec-8] - size 1
DEBUG 2026-04-07 00:52:53.842 i.m.g.s.JwtTokenFilter:doFilter [http-nio-8081-exec-6] - Token valid for user: developer
DEBUG 2026-04-07 00:52:53.843 i.m.g.s.JwtTokenFilter:doFilter [http-nio-8081-exec-8] - Token valid for user: developer
DEBUG 2026-04-07 00:52:53.843 i.m.g.s.JwtTokenFilter:doFilter [http-nio-8081-exec-3] - Token valid for user: developer
INFO  2026-04-07 00:52:53.845 i.m.g.m.d.UserPreferenceDaoMB:getUserPreference [http-nio-8081-exec-8] - find userPreference by id
INFO  2026-04-07 00:52:53.846 i.m.g.m.d.UserLoginDao:getUserLogin [http-nio-8081-exec-5] - size 1
INFO  2026-04-07 00:52:53.847 i.m.g.m.d.SecurityPermissionDao:getPermission [http-nio-8081-exec-6] - getPermission
DEBUG 2026-04-07 00:52:53.849 i.m.g.s.JwtTokenFilter:doFilter [http-nio-8081-exec-5] - Token valid for user: developer
INFO  2026-04-07 00:52:53.850 i.m.g.m.d.UserCtxPermissionViewDao:selectByUserLoginId [http-nio-8081-exec-3] - get UserCtxPermissionView by userLoginId
INFO  2026-04-07 00:52:53.851 i.m.g.m.d.UserPreferenceDaoMB:getUserPreference [http-nio-8081-exec-8] - UserPreference = false
INFO  2026-04-07 00:52:53.852 i.m.g.m.d.UserLoginDao:getUserLogin [http-nio-8081-exec-5] - getUserLogin
INFO  2026-04-07 00:52:53.853 i.m.g.m.d.UserPreferenceDaoMB:getUserPreference [http-nio-8081-exec-8] - find userPreference by id
INFO  2026-04-07 00:52:53.855 i.m.g.m.d.UserPreferenceDaoMB:getUserPreference [http-nio-8081-exec-8] - UserPreference = false
INFO  2026-04-07 00:52:53.856 i.m.g.m.d.UserCtxPermissionViewDao:selectByUserLoginId [http-nio-8081-exec-3] - size = 4
INFO  2026-04-07 00:52:53.859 i.m.g.m.d.UserLoginDao:getUserLogin [http-nio-8081-exec-5] - size 1
INFO  2026-04-07 00:52:53.864 i.m.g.m.d.UserLoginDao:getUserLogin [http-nio-8081-exec-5] - getUserLogin
INFO  2026-04-07 00:52:53.867 i.m.g.m.d.SecurityPermissionDao:getPermission [http-nio-8081-exec-6] - size = 107
INFO  2026-04-07 00:52:53.869 i.m.g.s.MenuService:getMenu [http-nio-8081-exec-6] - mappa2 {TYPESATTACHMENTSOBJECTIVESCTXWE=[ADMIN], REPORTPRINTCTXOR=[ADMIN], UOMTYPE=[ADMIN], REPORTPRINTCTXPA=[ADMIN], ANALYSISCTXBS=[ADMIN], SECURITYGROUPSCTXBA=[ADMIN], ANALYSISTYPECTXEP=[ADMIN], QUERYCONFIGCTXBSU=[ADMIN], APPROVALPATHSCTXBA=[ADMIN], REPORTPRINTCTXGD=[ADMIN], CONSULTINGLOGCTXBA=[ADMIN], QUERYCONFIGCTXGDU=[ADMIN], NOTESOBJECTIVESCTXWE=[ADMIN], WORKEFFORTCTXWE=[ADMIN], QUERYCONFIGCTXBSE=[ADMIN], QUERYCONFIGURATIONCTXWE=[ADMIN], ECONOMICINDICATORSCTXAC=[ADMIN], ANALYSISTYPECTXWE=[ADMIN], ANALYSISCTXRE=[ADMIN], QUERYCONFIGCTXEPU=[ADMIN], QUERYCONFIGCTXGDE=[ADMIN], SUBSYSTEMTYPESCTXBA=[ADMIN], PURPOSECTXAC=[ADMIN], ANALYSISCTXDI=[ADMIN], RELATIONSHIPSOBJECTIVESCTXWE=[ADMIN], EXTRAACCOUNTINGUNITTYPESCTXAC=[ADMIN], ANALYSISTYPECTXOR=[ADMIN], FINANCIALINDICATORSCTXAC=[ADMIN], QUERYCONFIGCTXPAE=[ADMIN], QUERYCONFIGCTXREE=[ADMIN], SUBJECTSOBJECTIVESCTXWE=[ADMIN], QUERYCONFIGCTXCGU=[ADMIN], REPORTPRINTCTXEP=[ADMIN], QUERYCONFIGCTXDIU=[ADMIN], QUERYCONFIGCTXPYU=[ADMIN], QUERYCONFIGCTXCOU=[ADMIN], EXTRACTQUERYCONFIGURATIONCTXWE=[ADMIN], CUSTOM=[ADMIN], QUERYCONFIGCTXACE=[ADMIN], ANALYSISCTXTR=[ADMIN], RESERVEDINDICATORMOVEMENTSCTXAC=[ADMIN], QUERYCONFIGCTXCGE=[ADMIN], QUERYCONFIGCTXDIE=[ADMIN], ANALYSISTYPECTXGD=[ADMIN], QUERYCONFIGCTXPYE=[ADMIN], ANALYSISTYPECTXPR=[ADMIN], QUERYCONFIGCTXCOE=[ADMIN], REPORTPRINTCTXDI=[ADMIN], FINANCIALACCOUNTINGUNITTYPESCTXAC=[ADMIN], ANALYSISCTXCO=[ADMIN], MEASURESOBJECTIVESCTXWE=[ADMIN], ANALYSISTYPECTXPA=[ADMIN], REPORTPRINTCTXTR=[ADMIN], TYPOLOGIESROLESSUBJECTSCTXPY=[ADMIN], SCHEDULERCTXBA=[ADMIN], ANALYSISCTXCG=[ADMIN], OBJECTIVECODESCTXWE=[ADMIN], QUERYCONFIGCTXCAU=[ADMIN], CALCULATIONFORMULASCTXAC=[ADMIN], REPORTPRINTCTXCG=[ADMIN], FINANCIALINDICATORMOVEMENTSCTXAC=[ADMIN], REPORTPRINTCTXCO=[ADMIN], ECONOMICSPOSITIONSCTXPY=[ADMIN], TYPESRELATIONSHIPSBETWEENSUBJECTSCTXPY=[ADMIN], QUERYCONFIGCTXTRU=[ADMIN], ANALYSISCTXEP=[ADMIN], PERIODSCTXAC=[ADMIN], QUERYCONFIGCTXPRU=[ADMIN], REPORTPRINTCTXBS=[ADMIN], ECONPATRACCOUNTINGUNITTYPESCTXAC=[ADMIN], ECONOMICINDICATORMOVEMENTSCTXAC=[ADMIN], REPORTPRINTCTXRE=[ADMIN], QUERYCONFIGCTXTRE=[ADMIN], ANALYSISTYPECTXRE=[ADMIN], QUERYCONFIGCTXPAU=[ADMIN], QUERYCONFIGCTXPRE=[ADMIN], QUERYCONFIGCTXREU=[ADMIN], QUERYCONFIGCTXEPE=[ADMIN], RANGESOFVALUESCTXAC=[ADMIN], QUERYCONFIG=[ADMIN], TIMESHEETCTXPR=[ADMIN], ANALYSISTYPECTXCG=[ADMIN], TIMESHEET=[ADMIN], TYPOLOGYRELATIONSHIPSOBJECTIVESCTXWE=[ADMIN], ANALYSISTYPECTXCO=[ADMIN], ANALYSISTYPECTXBS=[ADMIN], QUERYCONFIGCTXBAE=[ADMIN], SUBSYSTEMCTXBA=[ADMIN], REQUESTFROMINTERESTEDPARTIESCTXGD=[ADMIN], ANALYSISCTXPR=[ADMIN], DETECTIONTYPECTXAC=[ADMIN], INDICATORSCTXAC=[ADMIN], INDICATORMOVEMENTSCTXAC=[ADMIN], ANALYSISTYPECTXDI=[ADMIN], REPORTPRINTCTXPR=[ADMIN], QUERYCONFIGCTXORU=[ADMIN], TIMESHEETCTXOR=[ADMIN], ANALYSISCTXPA=[ADMIN], ATTACHMENTSOBJECTIVESCTXWE=[ADMIN], UOM=[ADMIN], INTERFACCIAMENTODATI=[ADMIN], TIPOLOGIEPERIODICTXAC=[ADMIN], QUERYCONFIGCTXORE=[ADMIN], RESERVEDINDICATORSCTXAC=[ADMIN], NATUREUNITCONTEXTRCTXAC=[ADMIN], ANALYSISTYPECTXTR=[ADMIN], ANALYSISCTXOR=[ADMIN]}
INFO  2026-04-07 00:52:53.870 i.m.g.m.d.ContentAndAttributesDao:getValidMenu [http-nio-8081-exec-6] - getValidMenu
INFO  2026-04-07 00:52:53.870 i.m.g.m.d.UserLoginDao:getUserLogin [http-nio-8081-exec-5] - size 1
INFO  2026-04-07 00:52:53.960 i.m.g.m.d.ContentAndAttributesDao:getValidMenu [http-nio-8081-exec-6] - size = 102
INFO  2026-04-07 00:52:53.961 i.m.g.m.d.ContentAndAttributesDao:getFolderMenu [http-nio-8081-exec-6] - getFolderMenu
INFO  2026-04-07 00:52:53.994 i.m.g.m.d.ContentAndAttributesDao:getFolderMenu [http-nio-8081-exec-6] - size = 66
INFO  2026-04-07 00:52:54.054 i.m.g.m.d.UserLoginDao:getUserLogin [http-nio-8081-exec-10] - getUserLogin
INFO  2026-04-07 00:52:54.057 i.m.g.m.d.UserLoginDao:getUserLogin [http-nio-8081-exec-10] - size 1
DEBUG 2026-04-07 00:52:54.059 i.m.g.s.JwtTokenFilter:doFilter [http-nio-8081-exec-10] - Token valid for user: developer
INFO  2026-04-07 00:52:54.132 i.m.g.m.d.UserLoginDao:getUserLogin [http-nio-8081-exec-3] - getUserLogin
INFO  2026-04-07 00:52:54.134 i.m.g.m.d.UserLoginDao:getUserLogin [http-nio-8081-exec-7] - getUserLogin
INFO  2026-04-07 00:52:54.135 i.m.g.m.d.UserLoginDao:getUserLogin [http-nio-8081-exec-3] - size 1
DEBUG 2026-04-07 00:52:54.136 i.m.g.s.JwtTokenFilter:doFilter [http-nio-8081-exec-3] - Token valid for user: developer
INFO  2026-04-07 00:52:54.139 i.m.g.m.d.UserLoginDao:getUserLogin [http-nio-8081-exec-7] - size 1
DEBUG 2026-04-07 00:52:54.142 i.m.g.s.JwtTokenFilter:doFilter [http-nio-8081-exec-7] - Token valid for user: developer
INFO  2026-04-07 00:52:54.267 i.m.g.s.NodeService:stream [http-nio-8081-exec-8] - stream default imagePath: /lmm/images/gzoom_logo.jpg
INFO  2026-04-07 00:52:54.268 i.m.g.m.d.PartyContentDao:getPartyContent [http-nio-8081-exec-8] - getPartyContent
INFO  2026-04-07 00:52:54.281 i.m.g.m.d.PartyContentDao:getPartyContent [http-nio-8081-exec-8] - size = 0
INFO  2026-04-07 00:52:54.396 i.m.g.m.d.UserLoginDao:getUserLogin [http-nio-8081-exec-4] - getUserLogin
INFO  2026-04-07 00:52:54.398 i.m.g.m.d.UserLoginDao:getUserLogin [http-nio-8081-exec-9] - getUserLogin
INFO  2026-04-07 00:52:54.406 i.m.g.m.d.UserLoginDao:getUserLogin [http-nio-8081-exec-4] - size 1
DEBUG 2026-04-07 00:52:54.407 i.m.g.s.JwtTokenFilter:doFilter [http-nio-8081-exec-4] - Token valid for user: developer
INFO  2026-04-07 00:52:54.416 i.m.g.m.d.UserLoginDao:getUserLogin [http-nio-8081-exec-9] - size 1
INFO  2026-04-07 00:52:54.427 i.m.g.m.d.UserLoginDao:getUserLogin [http-nio-8081-exec-6] - getUserLogin
DEBUG 2026-04-07 00:52:54.428 i.m.g.s.JwtTokenFilter:doFilter [http-nio-8081-exec-9] - Token valid for user: developer
INFO  2026-04-07 00:52:54.429 i.m.g.m.d.UserPreferenceDaoMB:getUserPreference [http-nio-8081-exec-4] - find userPreference by id
INFO  2026-04-07 00:52:54.436 i.m.g.m.d.UserLoginDao:getUserLogin [http-nio-8081-exec-2] - getUserLogin
INFO  2026-04-07 00:52:54.439 i.m.g.m.d.UserPreferenceDaoMB:getUserPreference [http-nio-8081-exec-4] - UserPreference = true
INFO  2026-04-07 00:52:54.440 i.m.g.m.d.UserLoginDao:getUserLogin [http-nio-8081-exec-6] - size 1
INFO  2026-04-07 00:52:54.440 i.m.g.m.d.UserPreferenceDaoMB:getUserPreference [http-nio-8081-exec-4] - find userPreference by id
INFO  2026-04-07 00:52:54.442 i.m.g.m.d.UserPreferenceDaoMB:getUserPreference [http-nio-8081-exec-4] - UserPreference = false
INFO  2026-04-07 00:52:54.447 i.m.g.m.d.UserLoginDao:getUserLogin [http-nio-8081-exec-2] - size 1
DEBUG 2026-04-07 00:52:54.450 i.m.g.s.JwtTokenFilter:doFilter [http-nio-8081-exec-2] - Token valid for user: developer
DEBUG 2026-04-07 00:52:54.455 i.m.g.s.JwtTokenFilter:doFilter [http-nio-8081-exec-6] - Token valid for user: developer
INFO  2026-04-07 00:52:54.456 i.m.g.m.d.UserLoginValidPartyRoleDao:getUserLoginValidPartyRoleList [http-nio-8081-exec-2] - getUserLoginValidPartyRoleList
INFO  2026-04-07 00:52:54.458 i.m.g.m.d.UserLoginDao:getUserLogin [http-nio-8081-exec-6] - getUserLogin
INFO  2026-04-07 00:52:54.465 i.m.g.m.d.UserLoginValidPartyRoleDao:getUserLoginValidPartyRoleList [http-nio-8081-exec-2] - size 0
INFO  2026-04-07 00:52:54.471 i.m.g.m.d.UserLoginDao:getUserLogin [http-nio-8081-exec-6] - size 1
INFO  2026-04-07 00:52:54.475 i.m.g.u.Manifests:getProductInfo [http-nio-8081-exec-3] - getProductInfo2.5.0rc1
ERROR 2026-04-07 00:52:54.475 i.m.g.u.Manifests:initProductDate [http-nio-8081-exec-3] - Invalid product date format in MANIFEST.MF
INFO  2026-04-07 00:52:54.476 i.m.g.u.Manifests:getProductInfo [http-nio-8081-exec-3] - getProductInfoTue Apr 07 00:52:54 CEST 2026
INFO  2026-04-07 00:52:54.478 i.m.g.m.d.UserLoginDao:getUserLogin [http-nio-8081-exec-7] - getUserLogin
INFO  2026-04-07 00:52:54.506 i.m.g.m.d.UserLoginDao:getUserLogin [http-nio-8081-exec-7] - size 1
DEBUG 2026-04-07 00:52:54.514 i.m.g.s.JwtTokenFilter:doFilter [http-nio-8081-exec-7] - Token valid for user: developer
INFO  2026-04-07 00:53:10.375 i.m.g.m.d.UserLoginDao:getUserLogin [http-nio-8081-exec-1] - getUserLogin
INFO  2026-04-07 00:53:10.380 i.m.g.m.d.UserLoginDao:getUserLogin [http-nio-8081-exec-1] - size 1
DEBUG 2026-04-07 00:53:10.381 i.m.g.s.JwtTokenFilter:doFilter [http-nio-8081-exec-1] - Token valid for user: developer
INFO  2026-04-07 00:53:10.384 i.m.g.m.d.UserLoginDao:getUserLogin [http-nio-8081-exec-1] - getUserLogin
INFO  2026-04-07 00:53:10.389 i.m.g.m.d.UserLoginDao:getUserLogin [http-nio-8081-exec-1] - size 1
INFO  2026-04-07 00:53:10.394 i.m.g.m.d.UserLoginDao:getUserLogin [http-nio-8081-exec-1] - getUserLogin
INFO  2026-04-07 00:53:10.398 i.m.g.m.d.UserLoginDao:getUserLogin [http-nio-8081-exec-1] - size 1
ERROR 2026-04-07 00:53:10.410 i.m.g.s.c.AuthController:getLoginMethod [http-nio-8081-exec-9] - no oneLoginSSOEnabledPropertyName and keycloakLoginEnabledPropertyName configuration found
INFO  2026-04-07 00:53:11.040 i.m.g.m.d.UserLoginDao:getUserLogin [http-nio-8081-exec-6] - getUserLogin
INFO  2026-04-07 00:53:11.043 i.m.g.m.d.UserLoginDao:getUserLogin [http-nio-8081-exec-6] - size 1
DEBUG 2026-04-07 00:53:11.043 i.m.g.s.JwtTokenFilter:doFilter [http-nio-8081-exec-6] - Token valid for user: developer
INFO  2026-04-07 00:53:11.045 i.m.g.m.d.UserCtxPermissionViewDao:selectByUserLoginId [http-nio-8081-exec-6] - get UserCtxPermissionView by userLoginId
INFO  2026-04-07 00:53:11.050 i.m.g.m.d.UserCtxPermissionViewDao:selectByUserLoginId [http-nio-8081-exec-6] - size = 4
INFO  2026-04-07 00:53:11.115 i.m.g.m.d.UserLoginDao:getUserLogin [http-nio-8081-exec-8] - getUserLogin
INFO  2026-04-07 00:53:11.118 i.m.g.m.d.UserLoginDao:getUserLogin [http-nio-8081-exec-8] - size 1
DEBUG 2026-04-07 00:53:11.122 i.m.g.s.JwtTokenFilter:doFilter [http-nio-8081-exec-8] - Token valid for user: developer
INFO  2026-04-07 00:53:11.123 i.m.g.m.d.UserCtxPermissionViewDao:selectByUserLoginId [http-nio-8081-exec-8] - get UserCtxPermissionView by userLoginId
INFO  2026-04-07 00:53:11.128 i.m.g.m.d.UserLoginDao:getUserLogin [http-nio-8081-exec-5] - getUserLogin
INFO  2026-04-07 00:53:11.133 i.m.g.m.d.UserLoginDao:getUserLogin [http-nio-8081-exec-10] - getUserLogin
INFO  2026-04-07 00:53:11.134 i.m.g.m.d.UserLoginDao:getUserLogin [http-nio-8081-exec-5] - size 1
INFO  2026-04-07 00:53:11.134 i.m.g.m.d.UserCtxPermissionViewDao:selectByUserLoginId [http-nio-8081-exec-8] - size = 4
DEBUG 2026-04-07 00:53:11.135 i.m.g.s.JwtTokenFilter:doFilter [http-nio-8081-exec-5] - Token valid for user: developer
INFO  2026-04-07 00:53:11.137 i.m.g.m.d.UserLoginDao:getUserLogin [http-nio-8081-exec-5] - getUserLogin
INFO  2026-04-07 00:53:11.139 i.m.g.m.d.UserLoginDao:getUserLogin [http-nio-8081-exec-10] - size 1
DEBUG 2026-04-07 00:53:11.144 i.m.g.s.JwtTokenFilter:doFilter [http-nio-8081-exec-10] - Token valid for user: developer
INFO  2026-04-07 00:53:11.145 i.m.g.m.d.UserLoginDao:getUserLogin [http-nio-8081-exec-7] - getUserLogin
INFO  2026-04-07 00:53:11.145 i.m.g.m.d.PartyNoteDao:getPartyNote [http-nio-8081-exec-8] - getPartyNote
INFO  2026-04-07 00:53:11.147 i.m.g.m.d.UserLoginDao:getUserLogin [http-nio-8081-exec-5] - size 1
INFO  2026-04-07 00:53:11.145 i.m.g.m.d.SecurityPermissionDao:getPermission [http-nio-8081-exec-10] - getPermission
INFO  2026-04-07 00:53:11.148 i.m.g.m.d.UserLoginDao:getUserLogin [http-nio-8081-exec-7] - size 1
DEBUG 2026-04-07 00:53:11.149 i.m.g.s.JwtTokenFilter:doFilter [http-nio-8081-exec-7] - Token valid for user: developer
INFO  2026-04-07 00:53:11.151 i.m.g.m.d.UserPreferenceDaoMB:getUserPreference [http-nio-8081-exec-7] - find userPreference by id
INFO  2026-04-07 00:53:11.152 i.m.g.m.d.UserPreferenceDaoMB:getUserPreference [http-nio-8081-exec-7] - UserPreference = false
INFO  2026-04-07 00:53:11.153 i.m.g.m.d.UserPreferenceDaoMB:getUserPreference [http-nio-8081-exec-7] - find userPreference by id
INFO  2026-04-07 00:53:11.154 i.m.g.m.d.PartyNoteDao:getPartyNote [http-nio-8081-exec-8] - size = 0
INFO  2026-04-07 00:53:11.155 i.m.g.m.d.UserLoginDao:getUserLogin [http-nio-8081-exec-5] - getUserLogin
INFO  2026-04-07 00:53:11.156 i.m.g.m.d.UserPreferenceDaoMB:getUserPreference [http-nio-8081-exec-7] - UserPreference = false
INFO  2026-04-07 00:53:11.158 i.m.g.m.d.UserLoginDao:getUserLogin [http-nio-8081-exec-5] - size 1
INFO  2026-04-07 00:53:11.180 i.m.g.m.d.SecurityPermissionDao:getPermission [http-nio-8081-exec-10] - size = 107
INFO  2026-04-07 00:53:11.182 i.m.g.s.MenuService:getMenu [http-nio-8081-exec-10] - mappa2 {TYPESATTACHMENTSOBJECTIVESCTXWE=[ADMIN], REPORTPRINTCTXOR=[ADMIN], UOMTYPE=[ADMIN], REPORTPRINTCTXPA=[ADMIN], ANALYSISCTXBS=[ADMIN], SECURITYGROUPSCTXBA=[ADMIN], ANALYSISTYPECTXEP=[ADMIN], QUERYCONFIGCTXBSU=[ADMIN], APPROVALPATHSCTXBA=[ADMIN], REPORTPRINTCTXGD=[ADMIN], CONSULTINGLOGCTXBA=[ADMIN], QUERYCONFIGCTXGDU=[ADMIN], NOTESOBJECTIVESCTXWE=[ADMIN], WORKEFFORTCTXWE=[ADMIN], QUERYCONFIGCTXBSE=[ADMIN], QUERYCONFIGURATIONCTXWE=[ADMIN], ECONOMICINDICATORSCTXAC=[ADMIN], ANALYSISTYPECTXWE=[ADMIN], ANALYSISCTXRE=[ADMIN], QUERYCONFIGCTXEPU=[ADMIN], QUERYCONFIGCTXGDE=[ADMIN], SUBSYSTEMTYPESCTXBA=[ADMIN], PURPOSECTXAC=[ADMIN], ANALYSISCTXDI=[ADMIN], RELATIONSHIPSOBJECTIVESCTXWE=[ADMIN], EXTRAACCOUNTINGUNITTYPESCTXAC=[ADMIN], ANALYSISTYPECTXOR=[ADMIN], FINANCIALINDICATORSCTXAC=[ADMIN], QUERYCONFIGCTXPAE=[ADMIN], QUERYCONFIGCTXREE=[ADMIN], SUBJECTSOBJECTIVESCTXWE=[ADMIN], QUERYCONFIGCTXCGU=[ADMIN], REPORTPRINTCTXEP=[ADMIN], QUERYCONFIGCTXDIU=[ADMIN], QUERYCONFIGCTXPYU=[ADMIN], QUERYCONFIGCTXCOU=[ADMIN], EXTRACTQUERYCONFIGURATIONCTXWE=[ADMIN], CUSTOM=[ADMIN], QUERYCONFIGCTXACE=[ADMIN], ANALYSISCTXTR=[ADMIN], RESERVEDINDICATORMOVEMENTSCTXAC=[ADMIN], QUERYCONFIGCTXCGE=[ADMIN], QUERYCONFIGCTXDIE=[ADMIN], ANALYSISTYPECTXGD=[ADMIN], QUERYCONFIGCTXPYE=[ADMIN], ANALYSISTYPECTXPR=[ADMIN], QUERYCONFIGCTXCOE=[ADMIN], REPORTPRINTCTXDI=[ADMIN], FINANCIALACCOUNTINGUNITTYPESCTXAC=[ADMIN], ANALYSISCTXCO=[ADMIN], MEASURESOBJECTIVESCTXWE=[ADMIN], ANALYSISTYPECTXPA=[ADMIN], REPORTPRINTCTXTR=[ADMIN], TYPOLOGIESROLESSUBJECTSCTXPY=[ADMIN], SCHEDULERCTXBA=[ADMIN], ANALYSISCTXCG=[ADMIN], OBJECTIVECODESCTXWE=[ADMIN], QUERYCONFIGCTXCAU=[ADMIN], CALCULATIONFORMULASCTXAC=[ADMIN], REPORTPRINTCTXCG=[ADMIN], FINANCIALINDICATORMOVEMENTSCTXAC=[ADMIN], REPORTPRINTCTXCO=[ADMIN], ECONOMICSPOSITIONSCTXPY=[ADMIN], TYPESRELATIONSHIPSBETWEENSUBJECTSCTXPY=[ADMIN], QUERYCONFIGCTXTRU=[ADMIN], ANALYSISCTXEP=[ADMIN], PERIODSCTXAC=[ADMIN], QUERYCONFIGCTXPRU=[ADMIN], REPORTPRINTCTXBS=[ADMIN], ECONPATRACCOUNTINGUNITTYPESCTXAC=[ADMIN], ECONOMICINDICATORMOVEMENTSCTXAC=[ADMIN], REPORTPRINTCTXRE=[ADMIN], QUERYCONFIGCTXTRE=[ADMIN], ANALYSISTYPECTXRE=[ADMIN], QUERYCONFIGCTXPAU=[ADMIN], QUERYCONFIGCTXPRE=[ADMIN], QUERYCONFIGCTXREU=[ADMIN], QUERYCONFIGCTXEPE=[ADMIN], RANGESOFVALUESCTXAC=[ADMIN], QUERYCONFIG=[ADMIN], TIMESHEETCTXPR=[ADMIN], ANALYSISTYPECTXCG=[ADMIN], TIMESHEET=[ADMIN], TYPOLOGYRELATIONSHIPSOBJECTIVESCTXWE=[ADMIN], ANALYSISTYPECTXCO=[ADMIN], ANALYSISTYPECTXBS=[ADMIN], QUERYCONFIGCTXBAE=[ADMIN], SUBSYSTEMCTXBA=[ADMIN], REQUESTFROMINTERESTEDPARTIESCTXGD=[ADMIN], ANALYSISCTXPR=[ADMIN], DETECTIONTYPECTXAC=[ADMIN], INDICATORSCTXAC=[ADMIN], INDICATORMOVEMENTSCTXAC=[ADMIN], ANALYSISTYPECTXDI=[ADMIN], REPORTPRINTCTXPR=[ADMIN], QUERYCONFIGCTXORU=[ADMIN], TIMESHEETCTXOR=[ADMIN], ANALYSISCTXPA=[ADMIN], ATTACHMENTSOBJECTIVESCTXWE=[ADMIN], UOM=[ADMIN], INTERFACCIAMENTODATI=[ADMIN], TIPOLOGIEPERIODICTXAC=[ADMIN], QUERYCONFIGCTXORE=[ADMIN], RESERVEDINDICATORSCTXAC=[ADMIN], NATUREUNITCONTEXTRCTXAC=[ADMIN], ANALYSISTYPECTXTR=[ADMIN], ANALYSISCTXOR=[ADMIN]}
INFO  2026-04-07 00:53:11.183 i.m.g.m.d.ContentAndAttributesDao:getValidMenu [http-nio-8081-exec-10] - getValidMenu
INFO  2026-04-07 00:53:11.271 i.m.g.m.d.ContentAndAttributesDao:getValidMenu [http-nio-8081-exec-10] - size = 102
INFO  2026-04-07 00:53:11.272 i.m.g.m.d.ContentAndAttributesDao:getFolderMenu [http-nio-8081-exec-10] - getFolderMenu
INFO  2026-04-07 00:53:11.303 i.m.g.m.d.ContentAndAttributesDao:getFolderMenu [http-nio-8081-exec-10] - size = 66
INFO  2026-04-07 00:53:11.371 i.m.g.m.d.UserLoginDao:getUserLogin [http-nio-8081-exec-2] - getUserLogin
INFO  2026-04-07 00:53:11.375 i.m.g.m.d.UserLoginDao:getUserLogin [http-nio-8081-exec-2] - size 1
DEBUG 2026-04-07 00:53:11.376 i.m.g.s.JwtTokenFilter:doFilter [http-nio-8081-exec-2] - Token valid for user: developer
INFO  2026-04-07 00:53:11.432 i.m.g.m.d.UserLoginDao:getUserLogin [http-nio-8081-exec-9] - getUserLogin
INFO  2026-04-07 00:53:11.434 i.m.g.m.d.UserLoginDao:getUserLogin [http-nio-8081-exec-7] - getUserLogin
INFO  2026-04-07 00:53:11.435 i.m.g.m.d.UserLoginDao:getUserLogin [http-nio-8081-exec-8] - getUserLogin
INFO  2026-04-07 00:53:11.437 i.m.g.m.d.UserLoginDao:getUserLogin [http-nio-8081-exec-9] - size 1
INFO  2026-04-07 00:53:11.437 i.m.g.m.d.UserLoginDao:getUserLogin [http-nio-8081-exec-7] - size 1
DEBUG 2026-04-07 00:53:11.439 i.m.g.s.JwtTokenFilter:doFilter [http-nio-8081-exec-9] - Token valid for user: developer
INFO  2026-04-07 00:53:11.439 i.m.g.m.d.UserLoginDao:getUserLogin [http-nio-8081-exec-8] - size 1
INFO  2026-04-07 00:53:11.441 i.m.g.m.d.UserLoginSecurityGroupDao:getDefaultPortalPage [http-nio-8081-exec-9] - getDefaultPortalPage
INFO  2026-04-07 00:53:11.443 i.m.g.m.d.UserLoginSecurityGroupDao:getDefaultPortalPage [http-nio-8081-exec-9] - size 0
DEBUG 2026-04-07 00:53:11.443 i.m.g.s.JwtTokenFilter:doFilter [http-nio-8081-exec-8] - Token valid for user: developer
DEBUG 2026-04-07 00:53:11.451 i.m.g.s.JwtTokenFilter:doFilter [http-nio-8081-exec-7] - Token valid for user: developer
INFO  2026-04-07 00:53:11.657 i.m.g.s.NodeService:stream [http-nio-8081-exec-5] - stream default imagePath: /lmm/images/gzoom_logo.jpg
INFO  2026-04-07 00:53:11.678 i.m.g.m.d.PartyContentDao:getPartyContent [http-nio-8081-exec-5] - getPartyContent
INFO  2026-04-07 00:53:11.711 i.m.g.m.d.PartyContentDao:getPartyContent [http-nio-8081-exec-5] - size = 0
INFO  2026-04-07 00:53:11.884 i.m.g.m.d.UserLoginDao:getUserLogin [http-nio-8081-exec-3] - getUserLogin
INFO  2026-04-07 00:53:11.887 i.m.g.m.d.UserLoginDao:getUserLogin [http-nio-8081-exec-3] - size 1
DEBUG 2026-04-07 00:53:11.888 i.m.g.s.JwtTokenFilter:doFilter [http-nio-8081-exec-3] - Token valid for user: developer
INFO  2026-04-07 00:53:11.891 i.m.g.m.d.UserPreferenceDaoMB:getUserPreference [http-nio-8081-exec-3] - find userPreference by id
INFO  2026-04-07 00:53:11.894 i.m.g.m.d.UserPreferenceDaoMB:getUserPreference [http-nio-8081-exec-3] - UserPreference = true
INFO  2026-04-07 00:53:11.895 i.m.g.m.d.UserPreferenceDaoMB:getUserPreference [http-nio-8081-exec-3] - find userPreference by id
INFO  2026-04-07 00:53:11.901 i.m.g.m.d.UserPreferenceDaoMB:getUserPreference [http-nio-8081-exec-3] - UserPreference = false
INFO  2026-04-07 00:53:11.909 i.m.g.m.d.UserLoginDao:getUserLogin [http-nio-8081-exec-4] - getUserLogin
INFO  2026-04-07 00:53:11.928 i.m.g.m.d.UserLoginDao:getUserLogin [http-nio-8081-exec-4] - size 1
INFO  2026-04-07 00:53:11.930 i.m.g.m.d.UserLoginDao:getUserLogin [http-nio-8081-exec-2] - getUserLogin
DEBUG 2026-04-07 00:53:11.930 i.m.g.s.JwtTokenFilter:doFilter [http-nio-8081-exec-4] - Token valid for user: developer
INFO  2026-04-07 00:53:11.939 i.m.g.m.d.UserLoginDao:getUserLogin [http-nio-8081-exec-2] - size 1
DEBUG 2026-04-07 00:53:11.941 i.m.g.s.JwtTokenFilter:doFilter [http-nio-8081-exec-2] - Token valid for user: developer
INFO  2026-04-07 00:53:11.952 i.m.g.m.d.UserLoginDao:getUserLogin [http-nio-8081-exec-6] - getUserLogin
INFO  2026-04-07 00:53:11.953 i.m.g.m.d.UserLoginValidPartyRoleDao:getUserLoginValidPartyRoleList [http-nio-8081-exec-2] - getUserLoginValidPartyRoleList
INFO  2026-04-07 00:53:11.959 i.m.g.m.d.UserLoginValidPartyRoleDao:getUserLoginValidPartyRoleList [http-nio-8081-exec-2] - size 0
INFO  2026-04-07 00:53:11.968 i.m.g.m.d.UserLoginDao:getUserLogin [http-nio-8081-exec-6] - size 1
DEBUG 2026-04-07 00:53:11.993 i.m.g.s.JwtTokenFilter:doFilter [http-nio-8081-exec-6] - Token valid for user: developer
INFO  2026-04-07 00:53:11.995 i.m.g.m.d.UserLoginDao:getUserLogin [http-nio-8081-exec-6] - getUserLogin
INFO  2026-04-07 00:53:11.992 i.m.g.u.Manifests:getProductInfo [http-nio-8081-exec-8] - getProductInfo2.5.0rc1
ERROR 2026-04-07 00:53:12.023 i.m.g.u.Manifests:initProductDate [http-nio-8081-exec-8] - Invalid product date format in MANIFEST.MF
INFO  2026-04-07 00:53:12.023 i.m.g.u.Manifests:getProductInfo [http-nio-8081-exec-8] - getProductInfoTue Apr 07 00:53:12 CEST 2026
INFO  2026-04-07 00:53:12.021 i.m.g.m.d.UserLoginDao:getUserLogin [http-nio-8081-exec-6] - size 1
INFO  2026-04-07 00:53:12.098 i.m.g.m.d.UserLoginDao:getUserLogin [http-nio-8081-exec-7] - getUserLogin
INFO  2026-04-07 00:53:12.125 i.m.g.m.d.UserLoginDao:getUserLogin [http-nio-8081-exec-7] - size 1
DEBUG 2026-04-07 00:53:12.130 i.m.g.s.JwtTokenFilter:doFilter [http-nio-8081-exec-7] - Token valid for user: developer
ERROR 2026-04-07 00:54:14.979 i.m.g.s.c.AuthController:getLoginMethod [http-nio-8081-exec-10] - no oneLoginSSOEnabledPropertyName and keycloakLoginEnabledPropertyName configuration found
INFO  2026-04-07 00:54:14.981 i.m.g.m.d.UserLoginDao:getUserLogin [http-nio-8081-exec-3] - getUserLogin
INFO  2026-04-07 00:54:14.983 i.m.g.m.d.UserLoginDao:getUserLogin [http-nio-8081-exec-3] - size 1
DEBUG 2026-04-07 00:54:14.984 i.m.g.s.JwtTokenFilter:doFilter [http-nio-8081-exec-3] - Token valid for user: developer
INFO  2026-04-07 00:54:14.986 i.m.g.m.d.UserLoginDao:getUserLogin [http-nio-8081-exec-3] - getUserLogin
INFO  2026-04-07 00:54:14.988 i.m.g.m.d.UserLoginDao:getUserLogin [http-nio-8081-exec-3] - size 1
INFO  2026-04-07 00:54:14.989 i.m.g.m.d.UserLoginDao:getUserLogin [http-nio-8081-exec-3] - getUserLogin
INFO  2026-04-07 00:54:14.991 i.m.g.m.d.UserLoginDao:getUserLogin [http-nio-8081-exec-3] - size 1
INFO  2026-04-07 00:54:15.404 i.m.g.m.d.UserLoginDao:getUserLogin [http-nio-8081-exec-5] - getUserLogin
INFO  2026-04-07 00:54:15.409 i.m.g.m.d.UserLoginDao:getUserLogin [http-nio-8081-exec-8] - getUserLogin
INFO  2026-04-07 00:54:15.410 i.m.g.m.d.UserLoginDao:getUserLogin [http-nio-8081-exec-5] - size 1
DEBUG 2026-04-07 00:54:15.411 i.m.g.s.JwtTokenFilter:doFilter [http-nio-8081-exec-5] - Token valid for user: developer
INFO  2026-04-07 00:54:15.412 i.m.g.m.d.UserCtxPermissionViewDao:selectByUserLoginId [http-nio-8081-exec-5] - get UserCtxPermissionView by userLoginId
INFO  2026-04-07 00:54:15.413 i.m.g.m.d.UserLoginDao:getUserLogin [http-nio-8081-exec-9] - getUserLogin
INFO  2026-04-07 00:54:15.413 i.m.g.m.d.UserLoginDao:getUserLogin [http-nio-8081-exec-8] - size 1
DEBUG 2026-04-07 00:54:15.414 i.m.g.s.JwtTokenFilter:doFilter [http-nio-8081-exec-8] - Token valid for user: developer
INFO  2026-04-07 00:54:15.415 i.m.g.m.d.UserLoginDao:getUserLogin [http-nio-8081-exec-9] - size 1
DEBUG 2026-04-07 00:54:15.416 i.m.g.s.JwtTokenFilter:doFilter [http-nio-8081-exec-9] - Token valid for user: developer
INFO  2026-04-07 00:54:15.416 i.m.g.m.d.UserLoginDao:getUserLogin [http-nio-8081-exec-8] - getUserLogin
INFO  2026-04-07 00:54:15.417 i.m.g.m.d.SecurityPermissionDao:getPermission [http-nio-8081-exec-9] - getPermission
INFO  2026-04-07 00:54:15.418 i.m.g.m.d.UserCtxPermissionViewDao:selectByUserLoginId [http-nio-8081-exec-5] - size = 4
INFO  2026-04-07 00:54:15.419 i.m.g.m.d.UserLoginDao:getUserLogin [http-nio-8081-exec-7] - getUserLogin
INFO  2026-04-07 00:54:15.421 i.m.g.m.d.UserLoginDao:getUserLogin [http-nio-8081-exec-8] - size 1
INFO  2026-04-07 00:54:15.423 i.m.g.m.d.UserLoginDao:getUserLogin [http-nio-8081-exec-8] - getUserLogin
INFO  2026-04-07 00:54:15.425 i.m.g.m.d.PartyNoteDao:getPartyNote [http-nio-8081-exec-1] - getPartyNote
INFO  2026-04-07 00:54:15.426 i.m.g.m.d.UserLoginDao:getUserLogin [http-nio-8081-exec-7] - size 1
DEBUG 2026-04-07 00:54:15.426 i.m.g.s.JwtTokenFilter:doFilter [http-nio-8081-exec-7] - Token valid for user: developer
INFO  2026-04-07 00:54:15.427 i.m.g.m.d.UserLoginDao:getUserLogin [http-nio-8081-exec-8] - size 1
INFO  2026-04-07 00:54:15.428 i.m.g.m.d.UserPreferenceDaoMB:getUserPreference [http-nio-8081-exec-7] - find userPreference by id
INFO  2026-04-07 00:54:15.430 i.m.g.m.d.UserPreferenceDaoMB:getUserPreference [http-nio-8081-exec-7] - UserPreference = false
INFO  2026-04-07 00:54:15.432 i.m.g.m.d.SecurityPermissionDao:getPermission [http-nio-8081-exec-9] - size = 107
INFO  2026-04-07 00:54:15.432 i.m.g.m.d.PartyNoteDao:getPartyNote [http-nio-8081-exec-1] - size = 0
INFO  2026-04-07 00:54:15.432 i.m.g.m.d.UserPreferenceDaoMB:getUserPreference [http-nio-8081-exec-7] - find userPreference by id
INFO  2026-04-07 00:54:15.433 i.m.g.m.d.UserPreferenceDaoMB:getUserPreference [http-nio-8081-exec-7] - UserPreference = false
INFO  2026-04-07 00:54:15.434 i.m.g.s.MenuService:getMenu [http-nio-8081-exec-9] - mappa2 {TYPESATTACHMENTSOBJECTIVESCTXWE=[ADMIN], REPORTPRINTCTXOR=[ADMIN], UOMTYPE=[ADMIN], REPORTPRINTCTXPA=[ADMIN], ANALYSISCTXBS=[ADMIN], SECURITYGROUPSCTXBA=[ADMIN], ANALYSISTYPECTXEP=[ADMIN], QUERYCONFIGCTXBSU=[ADMIN], APPROVALPATHSCTXBA=[ADMIN], REPORTPRINTCTXGD=[ADMIN], CONSULTINGLOGCTXBA=[ADMIN], QUERYCONFIGCTXGDU=[ADMIN], NOTESOBJECTIVESCTXWE=[ADMIN], WORKEFFORTCTXWE=[ADMIN], QUERYCONFIGCTXBSE=[ADMIN], QUERYCONFIGURATIONCTXWE=[ADMIN], ECONOMICINDICATORSCTXAC=[ADMIN], ANALYSISTYPECTXWE=[ADMIN], ANALYSISCTXRE=[ADMIN], QUERYCONFIGCTXEPU=[ADMIN], QUERYCONFIGCTXGDE=[ADMIN], SUBSYSTEMTYPESCTXBA=[ADMIN], PURPOSECTXAC=[ADMIN], ANALYSISCTXDI=[ADMIN], RELATIONSHIPSOBJECTIVESCTXWE=[ADMIN], EXTRAACCOUNTINGUNITTYPESCTXAC=[ADMIN], ANALYSISTYPECTXOR=[ADMIN], FINANCIALINDICATORSCTXAC=[ADMIN], QUERYCONFIGCTXPAE=[ADMIN], QUERYCONFIGCTXREE=[ADMIN], SUBJECTSOBJECTIVESCTXWE=[ADMIN], QUERYCONFIGCTXCGU=[ADMIN], REPORTPRINTCTXEP=[ADMIN], QUERYCONFIGCTXDIU=[ADMIN], QUERYCONFIGCTXPYU=[ADMIN], QUERYCONFIGCTXCOU=[ADMIN], EXTRACTQUERYCONFIGURATIONCTXWE=[ADMIN], CUSTOM=[ADMIN], QUERYCONFIGCTXACE=[ADMIN], ANALYSISCTXTR=[ADMIN], RESERVEDINDICATORMOVEMENTSCTXAC=[ADMIN], QUERYCONFIGCTXCGE=[ADMIN], QUERYCONFIGCTXDIE=[ADMIN], ANALYSISTYPECTXGD=[ADMIN], QUERYCONFIGCTXPYE=[ADMIN], ANALYSISTYPECTXPR=[ADMIN], QUERYCONFIGCTXCOE=[ADMIN], REPORTPRINTCTXDI=[ADMIN], FINANCIALACCOUNTINGUNITTYPESCTXAC=[ADMIN], ANALYSISCTXCO=[ADMIN], MEASURESOBJECTIVESCTXWE=[ADMIN], ANALYSISTYPECTXPA=[ADMIN], REPORTPRINTCTXTR=[ADMIN], TYPOLOGIESROLESSUBJECTSCTXPY=[ADMIN], SCHEDULERCTXBA=[ADMIN], ANALYSISCTXCG=[ADMIN], OBJECTIVECODESCTXWE=[ADMIN], QUERYCONFIGCTXCAU=[ADMIN], CALCULATIONFORMULASCTXAC=[ADMIN], REPORTPRINTCTXCG=[ADMIN], FINANCIALINDICATORMOVEMENTSCTXAC=[ADMIN], REPORTPRINTCTXCO=[ADMIN], ECONOMICSPOSITIONSCTXPY=[ADMIN], TYPESRELATIONSHIPSBETWEENSUBJECTSCTXPY=[ADMIN], QUERYCONFIGCTXTRU=[ADMIN], ANALYSISCTXEP=[ADMIN], PERIODSCTXAC=[ADMIN], QUERYCONFIGCTXPRU=[ADMIN], REPORTPRINTCTXBS=[ADMIN], ECONPATRACCOUNTINGUNITTYPESCTXAC=[ADMIN], ECONOMICINDICATORMOVEMENTSCTXAC=[ADMIN], REPORTPRINTCTXRE=[ADMIN], QUERYCONFIGCTXTRE=[ADMIN], ANALYSISTYPECTXRE=[ADMIN], QUERYCONFIGCTXPAU=[ADMIN], QUERYCONFIGCTXPRE=[ADMIN], QUERYCONFIGCTXREU=[ADMIN], QUERYCONFIGCTXEPE=[ADMIN], RANGESOFVALUESCTXAC=[ADMIN], QUERYCONFIG=[ADMIN], TIMESHEETCTXPR=[ADMIN], ANALYSISTYPECTXCG=[ADMIN], TIMESHEET=[ADMIN], TYPOLOGYRELATIONSHIPSOBJECTIVESCTXWE=[ADMIN], ANALYSISTYPECTXCO=[ADMIN], ANALYSISTYPECTXBS=[ADMIN], QUERYCONFIGCTXBAE=[ADMIN], SUBSYSTEMCTXBA=[ADMIN], REQUESTFROMINTERESTEDPARTIESCTXGD=[ADMIN], ANALYSISCTXPR=[ADMIN], DETECTIONTYPECTXAC=[ADMIN], INDICATORSCTXAC=[ADMIN], INDICATORMOVEMENTSCTXAC=[ADMIN], ANALYSISTYPECTXDI=[ADMIN], REPORTPRINTCTXPR=[ADMIN], QUERYCONFIGCTXORU=[ADMIN], TIMESHEETCTXOR=[ADMIN], ANALYSISCTXPA=[ADMIN], ATTACHMENTSOBJECTIVESCTXWE=[ADMIN], UOM=[ADMIN], INTERFACCIAMENTODATI=[ADMIN], TIPOLOGIEPERIODICTXAC=[ADMIN], QUERYCONFIGCTXORE=[ADMIN], RESERVEDINDICATORSCTXAC=[ADMIN], NATUREUNITCONTEXTRCTXAC=[ADMIN], ANALYSISTYPECTXTR=[ADMIN], ANALYSISCTXOR=[ADMIN]}
INFO  2026-04-07 00:54:15.435 i.m.g.m.d.ContentAndAttributesDao:getValidMenu [http-nio-8081-exec-9] - getValidMenu
INFO  2026-04-07 00:54:15.518 i.m.g.m.d.ContentAndAttributesDao:getValidMenu [http-nio-8081-exec-9] - size = 102
INFO  2026-04-07 00:54:15.518 i.m.g.m.d.ContentAndAttributesDao:getFolderMenu [http-nio-8081-exec-9] - getFolderMenu
INFO  2026-04-07 00:54:15.546 i.m.g.m.d.ContentAndAttributesDao:getFolderMenu [http-nio-8081-exec-9] - size = 66
INFO  2026-04-07 00:54:15.575 i.m.g.m.d.UserLoginDao:getUserLogin [http-nio-8081-exec-2] - getUserLogin
INFO  2026-04-07 00:54:15.578 i.m.g.m.d.UserLoginDao:getUserLogin [http-nio-8081-exec-2] - size 1
DEBUG 2026-04-07 00:54:15.578 i.m.g.s.JwtTokenFilter:doFilter [http-nio-8081-exec-2] - Token valid for user: developer
INFO  2026-04-07 00:54:15.636 i.m.g.m.d.UserLoginDao:getUserLogin [http-nio-8081-exec-5] - getUserLogin
INFO  2026-04-07 00:54:15.637 i.m.g.m.d.UserLoginDao:getUserLogin [http-nio-8081-exec-7] - getUserLogin
INFO  2026-04-07 00:54:15.638 i.m.g.m.d.UserLoginDao:getUserLogin [http-nio-8081-exec-5] - size 1
INFO  2026-04-07 00:54:15.640 i.m.g.m.d.UserLoginDao:getUserLogin [http-nio-8081-exec-7] - size 1
DEBUG 2026-04-07 00:54:15.641 i.m.g.s.JwtTokenFilter:doFilter [http-nio-8081-exec-5] - Token valid for user: developer
DEBUG 2026-04-07 00:54:15.644 i.m.g.s.JwtTokenFilter:doFilter [http-nio-8081-exec-7] - Token valid for user: developer
INFO  2026-04-07 00:54:15.763 i.m.g.s.NodeService:stream [http-nio-8081-exec-1] - stream default imagePath: /lmm/images/gzoom_logo.jpg
INFO  2026-04-07 00:54:15.764 i.m.g.m.d.PartyContentDao:getPartyContent [http-nio-8081-exec-1] - getPartyContent
INFO  2026-04-07 00:54:15.767 i.m.g.m.d.PartyContentDao:getPartyContent [http-nio-8081-exec-1] - size = 0
INFO  2026-04-07 00:54:15.858 i.m.g.m.d.UserLoginDao:getUserLogin [http-nio-8081-exec-3] - getUserLogin
INFO  2026-04-07 00:54:15.870 i.m.g.m.d.UserLoginDao:getUserLogin [http-nio-8081-exec-3] - size 1
INFO  2026-04-07 00:54:15.873 i.m.g.m.d.UserLoginDao:getUserLogin [http-nio-8081-exec-4] - getUserLogin
DEBUG 2026-04-07 00:54:15.876 i.m.g.s.JwtTokenFilter:doFilter [http-nio-8081-exec-3] - Token valid for user: developer
INFO  2026-04-07 00:54:15.906 i.m.g.u.Manifests:getProductInfo [http-nio-8081-exec-5] - getProductInfo2.5.0rc1
INFO  2026-04-07 00:54:15.908 i.m.g.m.d.UserLoginDao:getUserLogin [http-nio-8081-exec-2] - getUserLogin
INFO  2026-04-07 00:54:15.898 i.m.g.m.d.UserLoginDao:getUserLogin [http-nio-8081-exec-4] - size 1
INFO  2026-04-07 00:54:15.914 i.m.g.m.d.UserLoginDao:getUserLogin [http-nio-8081-exec-9] - getUserLogin
ERROR 2026-04-07 00:54:15.915 i.m.g.u.Manifests:initProductDate [http-nio-8081-exec-5] - Invalid product date format in MANIFEST.MF
INFO  2026-04-07 00:54:15.917 i.m.g.u.Manifests:getProductInfo [http-nio-8081-exec-5] - getProductInfoTue Apr 07 00:54:15 CEST 2026
INFO  2026-04-07 00:54:15.912 i.m.g.m.d.UserPreferenceDaoMB:getUserPreference [http-nio-8081-exec-3] - find userPreference by id
INFO  2026-04-07 00:54:15.921 i.m.g.m.d.UserLoginDao:getUserLogin [http-nio-8081-exec-9] - size 1
DEBUG 2026-04-07 00:54:15.922 i.m.g.s.JwtTokenFilter:doFilter [http-nio-8081-exec-4] - Token valid for user: developer
INFO  2026-04-07 00:54:15.923 i.m.g.m.d.UserLoginDao:getUserLogin [http-nio-8081-exec-2] - size 1
INFO  2026-04-07 00:54:15.923 i.m.g.m.d.UserPreferenceDaoMB:getUserPreference [http-nio-8081-exec-3] - UserPreference = true
DEBUG 2026-04-07 00:54:15.937 i.m.g.s.JwtTokenFilter:doFilter [http-nio-8081-exec-9] - Token valid for user: developer
DEBUG 2026-04-07 00:54:15.939 i.m.g.s.JwtTokenFilter:doFilter [http-nio-8081-exec-2] - Token valid for user: developer
INFO  2026-04-07 00:54:15.939 i.m.g.m.d.UserLoginDao:getUserLogin [http-nio-8081-exec-7] - getUserLogin
INFO  2026-04-07 00:54:15.945 i.m.g.m.d.UserPreferenceDaoMB:getUserPreference [http-nio-8081-exec-3] - find userPreference by id
INFO  2026-04-07 00:54:15.947 i.m.g.m.d.UserLoginDao:getUserLogin [http-nio-8081-exec-2] - getUserLogin
INFO  2026-04-07 00:54:15.950 i.m.g.m.d.UserPreferenceDaoMB:getUserPreference [http-nio-8081-exec-3] - UserPreference = false
INFO  2026-04-07 00:54:15.948 i.m.g.m.d.UserLoginValidPartyRoleDao:getUserLoginValidPartyRoleList [http-nio-8081-exec-9] - getUserLoginValidPartyRoleList
INFO  2026-04-07 00:54:15.956 i.m.g.m.d.UserLoginValidPartyRoleDao:getUserLoginValidPartyRoleList [http-nio-8081-exec-9] - size 0
INFO  2026-04-07 00:54:15.966 i.m.g.m.d.UserLoginDao:getUserLogin [http-nio-8081-exec-2] - size 1
INFO  2026-04-07 00:54:15.975 i.m.g.m.d.UserLoginDao:getUserLogin [http-nio-8081-exec-7] - size 1
DEBUG 2026-04-07 00:54:15.978 i.m.g.s.JwtTokenFilter:doFilter [http-nio-8081-exec-7] - Token valid for user: developer
INFO  2026-04-07 00:54:18.490 i.m.g.m.d.UserLoginDao:getUserLogin [http-nio-8081-exec-10] - getUserLogin
INFO  2026-04-07 00:54:18.494 i.m.g.m.d.UserLoginDao:getUserLogin [http-nio-8081-exec-10] - size 1
DEBUG 2026-04-07 00:54:18.496 i.m.g.s.JwtTokenFilter:doFilter [http-nio-8081-exec-10] - Token valid for user: developer
INFO  2026-04-07 00:54:18.498 i.m.g.m.d.UserLoginSecurityGroupDao:getDefaultPortalPage [http-nio-8081-exec-10] - getDefaultPortalPage
INFO  2026-04-07 00:54:18.501 i.m.g.m.d.UserLoginSecurityGroupDao:getDefaultPortalPage [http-nio-8081-exec-10] - size 0
ERROR 2026-04-07 00:54:28.656 i.m.g.s.c.AuthController:getLoginMethod [http-nio-8081-exec-4] - no oneLoginSSOEnabledPropertyName and keycloakLoginEnabledPropertyName configuration found
INFO  2026-04-07 00:54:28.660 i.m.g.m.d.UserLoginDao:getUserLogin [http-nio-8081-exec-5] - getUserLogin
INFO  2026-04-07 00:54:28.663 i.m.g.m.d.UserLoginDao:getUserLogin [http-nio-8081-exec-5] - size 1
DEBUG 2026-04-07 00:54:28.664 i.m.g.s.JwtTokenFilter:doFilter [http-nio-8081-exec-5] - Token valid for user: developer
INFO  2026-04-07 00:54:28.665 i.m.g.m.d.UserLoginDao:getUserLogin [http-nio-8081-exec-5] - getUserLogin
INFO  2026-04-07 00:54:28.667 i.m.g.m.d.UserLoginDao:getUserLogin [http-nio-8081-exec-5] - size 1
INFO  2026-04-07 00:54:28.667 i.m.g.m.d.UserLoginDao:getUserLogin [http-nio-8081-exec-5] - getUserLogin
INFO  2026-04-07 00:54:28.668 i.m.g.m.d.UserLoginDao:getUserLogin [http-nio-8081-exec-5] - size 1
INFO  2026-04-07 00:54:29.030 i.m.g.m.d.UserLoginDao:getUserLogin [http-nio-8081-exec-1] - getUserLogin
INFO  2026-04-07 00:54:29.032 i.m.g.m.d.UserLoginDao:getUserLogin [http-nio-8081-exec-1] - size 1
DEBUG 2026-04-07 00:54:29.033 i.m.g.s.JwtTokenFilter:doFilter [http-nio-8081-exec-1] - Token valid for user: developer
INFO  2026-04-07 00:54:29.034 i.m.g.m.d.UserCtxPermissionViewDao:selectByUserLoginId [http-nio-8081-exec-1] - get UserCtxPermissionView by userLoginId
INFO  2026-04-07 00:54:29.034 i.m.g.m.d.UserLoginDao:getUserLogin [http-nio-8081-exec-7] - getUserLogin
INFO  2026-04-07 00:54:29.036 i.m.g.m.d.UserLoginDao:getUserLogin [http-nio-8081-exec-8] - getUserLogin
INFO  2026-04-07 00:54:29.037 i.m.g.m.d.UserLoginDao:getUserLogin [http-nio-8081-exec-7] - size 1
INFO  2026-04-07 00:54:29.037 i.m.g.m.d.UserCtxPermissionViewDao:selectByUserLoginId [http-nio-8081-exec-1] - size = 4
DEBUG 2026-04-07 00:54:29.040 i.m.g.s.JwtTokenFilter:doFilter [http-nio-8081-exec-7] - Token valid for user: developer
INFO  2026-04-07 00:54:29.041 i.m.g.m.d.UserLoginDao:getUserLogin [http-nio-8081-exec-8] - size 1
DEBUG 2026-04-07 00:54:29.047 i.m.g.s.JwtTokenFilter:doFilter [http-nio-8081-exec-8] - Token valid for user: developer
INFO  2026-04-07 00:54:29.047 i.m.g.m.d.UserLoginDao:getUserLogin [http-nio-8081-exec-10] - getUserLogin
INFO  2026-04-07 00:54:29.047 i.m.g.m.d.PartyNoteDao:getPartyNote [http-nio-8081-exec-6] - getPartyNote
INFO  2026-04-07 00:54:29.049 i.m.g.m.d.SecurityPermissionDao:getPermission [http-nio-8081-exec-8] - getPermission
INFO  2026-04-07 00:54:29.050 i.m.g.m.d.UserLoginDao:getUserLogin [http-nio-8081-exec-7] - getUserLogin
INFO  2026-04-07 00:54:29.050 i.m.g.m.d.PartyNoteDao:getPartyNote [http-nio-8081-exec-6] - size = 0
INFO  2026-04-07 00:54:29.052 i.m.g.m.d.UserLoginDao:getUserLogin [http-nio-8081-exec-7] - size 1
INFO  2026-04-07 00:54:29.052 i.m.g.m.d.UserLoginDao:getUserLogin [http-nio-8081-exec-7] - getUserLogin
INFO  2026-04-07 00:54:29.053 i.m.g.m.d.UserLoginDao:getUserLogin [http-nio-8081-exec-10] - size 1
DEBUG 2026-04-07 00:54:29.054 i.m.g.s.JwtTokenFilter:doFilter [http-nio-8081-exec-10] - Token valid for user: developer
INFO  2026-04-07 00:54:29.054 i.m.g.m.d.UserLoginDao:getUserLogin [http-nio-8081-exec-7] - size 1
INFO  2026-04-07 00:54:29.062 i.m.g.m.d.UserPreferenceDaoMB:getUserPreference [http-nio-8081-exec-10] - find userPreference by id
INFO  2026-04-07 00:54:29.063 i.m.g.m.d.SecurityPermissionDao:getPermission [http-nio-8081-exec-8] - size = 107
INFO  2026-04-07 00:54:29.064 i.m.g.m.d.UserPreferenceDaoMB:getUserPreference [http-nio-8081-exec-10] - UserPreference = false
INFO  2026-04-07 00:54:29.065 i.m.g.s.MenuService:getMenu [http-nio-8081-exec-8] - mappa2 {TYPESATTACHMENTSOBJECTIVESCTXWE=[ADMIN], REPORTPRINTCTXOR=[ADMIN], UOMTYPE=[ADMIN], REPORTPRINTCTXPA=[ADMIN], ANALYSISCTXBS=[ADMIN], SECURITYGROUPSCTXBA=[ADMIN], ANALYSISTYPECTXEP=[ADMIN], QUERYCONFIGCTXBSU=[ADMIN], APPROVALPATHSCTXBA=[ADMIN], REPORTPRINTCTXGD=[ADMIN], CONSULTINGLOGCTXBA=[ADMIN], QUERYCONFIGCTXGDU=[ADMIN], NOTESOBJECTIVESCTXWE=[ADMIN], WORKEFFORTCTXWE=[ADMIN], QUERYCONFIGCTXBSE=[ADMIN], QUERYCONFIGURATIONCTXWE=[ADMIN], ECONOMICINDICATORSCTXAC=[ADMIN], ANALYSISTYPECTXWE=[ADMIN], ANALYSISCTXRE=[ADMIN], QUERYCONFIGCTXEPU=[ADMIN], QUERYCONFIGCTXGDE=[ADMIN], SUBSYSTEMTYPESCTXBA=[ADMIN], PURPOSECTXAC=[ADMIN], ANALYSISCTXDI=[ADMIN], RELATIONSHIPSOBJECTIVESCTXWE=[ADMIN], EXTRAACCOUNTINGUNITTYPESCTXAC=[ADMIN], ANALYSISTYPECTXOR=[ADMIN], FINANCIALINDICATORSCTXAC=[ADMIN], QUERYCONFIGCTXPAE=[ADMIN], QUERYCONFIGCTXREE=[ADMIN], SUBJECTSOBJECTIVESCTXWE=[ADMIN], QUERYCONFIGCTXCGU=[ADMIN], REPORTPRINTCTXEP=[ADMIN], QUERYCONFIGCTXDIU=[ADMIN], QUERYCONFIGCTXPYU=[ADMIN], QUERYCONFIGCTXCOU=[ADMIN], EXTRACTQUERYCONFIGURATIONCTXWE=[ADMIN], CUSTOM=[ADMIN], QUERYCONFIGCTXACE=[ADMIN], ANALYSISCTXTR=[ADMIN], RESERVEDINDICATORMOVEMENTSCTXAC=[ADMIN], QUERYCONFIGCTXCGE=[ADMIN], QUERYCONFIGCTXDIE=[ADMIN], ANALYSISTYPECTXGD=[ADMIN], QUERYCONFIGCTXPYE=[ADMIN], ANALYSISTYPECTXPR=[ADMIN], QUERYCONFIGCTXCOE=[ADMIN], REPORTPRINTCTXDI=[ADMIN], FINANCIALACCOUNTINGUNITTYPESCTXAC=[ADMIN], ANALYSISCTXCO=[ADMIN], MEASURESOBJECTIVESCTXWE=[ADMIN], ANALYSISTYPECTXPA=[ADMIN], REPORTPRINTCTXTR=[ADMIN], TYPOLOGIESROLESSUBJECTSCTXPY=[ADMIN], SCHEDULERCTXBA=[ADMIN], ANALYSISCTXCG=[ADMIN], OBJECTIVECODESCTXWE=[ADMIN], QUERYCONFIGCTXCAU=[ADMIN], CALCULATIONFORMULASCTXAC=[ADMIN], REPORTPRINTCTXCG=[ADMIN], FINANCIALINDICATORMOVEMENTSCTXAC=[ADMIN], REPORTPRINTCTXCO=[ADMIN], ECONOMICSPOSITIONSCTXPY=[ADMIN], TYPESRELATIONSHIPSBETWEENSUBJECTSCTXPY=[ADMIN], QUERYCONFIGCTXTRU=[ADMIN], ANALYSISCTXEP=[ADMIN], PERIODSCTXAC=[ADMIN], QUERYCONFIGCTXPRU=[ADMIN], REPORTPRINTCTXBS=[ADMIN], ECONPATRACCOUNTINGUNITTYPESCTXAC=[ADMIN], ECONOMICINDICATORMOVEMENTSCTXAC=[ADMIN], REPORTPRINTCTXRE=[ADMIN], QUERYCONFIGCTXTRE=[ADMIN], ANALYSISTYPECTXRE=[ADMIN], QUERYCONFIGCTXPAU=[ADMIN], QUERYCONFIGCTXPRE=[ADMIN], QUERYCONFIGCTXREU=[ADMIN], QUERYCONFIGCTXEPE=[ADMIN], RANGESOFVALUESCTXAC=[ADMIN], QUERYCONFIG=[ADMIN], TIMESHEETCTXPR=[ADMIN], ANALYSISTYPECTXCG=[ADMIN], TIMESHEET=[ADMIN], TYPOLOGYRELATIONSHIPSOBJECTIVESCTXWE=[ADMIN], ANALYSISTYPECTXCO=[ADMIN], ANALYSISTYPECTXBS=[ADMIN], QUERYCONFIGCTXBAE=[ADMIN], SUBSYSTEMCTXBA=[ADMIN], REQUESTFROMINTERESTEDPARTIESCTXGD=[ADMIN], ANALYSISCTXPR=[ADMIN], DETECTIONTYPECTXAC=[ADMIN], INDICATORSCTXAC=[ADMIN], INDICATORMOVEMENTSCTXAC=[ADMIN], ANALYSISTYPECTXDI=[ADMIN], REPORTPRINTCTXPR=[ADMIN], QUERYCONFIGCTXORU=[ADMIN], TIMESHEETCTXOR=[ADMIN], ANALYSISCTXPA=[ADMIN], ATTACHMENTSOBJECTIVESCTXWE=[ADMIN], UOM=[ADMIN], INTERFACCIAMENTODATI=[ADMIN], TIPOLOGIEPERIODICTXAC=[ADMIN], QUERYCONFIGCTXORE=[ADMIN], RESERVEDINDICATORSCTXAC=[ADMIN], NATUREUNITCONTEXTRCTXAC=[ADMIN], ANALYSISTYPECTXTR=[ADMIN], ANALYSISCTXOR=[ADMIN]}
INFO  2026-04-07 00:54:29.066 i.m.g.m.d.ContentAndAttributesDao:getValidMenu [http-nio-8081-exec-8] - getValidMenu
INFO  2026-04-07 00:54:29.068 i.m.g.m.d.UserPreferenceDaoMB:getUserPreference [http-nio-8081-exec-10] - find userPreference by id
INFO  2026-04-07 00:54:29.070 i.m.g.m.d.UserPreferenceDaoMB:getUserPreference [http-nio-8081-exec-10] - UserPreference = false
INFO  2026-04-07 00:54:29.146 i.m.g.m.d.ContentAndAttributesDao:getValidMenu [http-nio-8081-exec-8] - size = 102
INFO  2026-04-07 00:54:29.147 i.m.g.m.d.ContentAndAttributesDao:getFolderMenu [http-nio-8081-exec-8] - getFolderMenu
INFO  2026-04-07 00:54:29.173 i.m.g.m.d.ContentAndAttributesDao:getFolderMenu [http-nio-8081-exec-8] - size = 66
INFO  2026-04-07 00:54:29.207 i.m.g.m.d.UserLoginDao:getUserLogin [http-nio-8081-exec-3] - getUserLogin
INFO  2026-04-07 00:54:29.212 i.m.g.m.d.UserLoginDao:getUserLogin [http-nio-8081-exec-3] - size 1
DEBUG 2026-04-07 00:54:29.213 i.m.g.s.JwtTokenFilter:doFilter [http-nio-8081-exec-3] - Token valid for user: developer
INFO  2026-04-07 00:54:29.248 i.m.g.m.d.UserLoginDao:getUserLogin [http-nio-8081-exec-1] - getUserLogin
INFO  2026-04-07 00:54:29.254 i.m.g.m.d.UserLoginDao:getUserLogin [http-nio-8081-exec-1] - size 1
DEBUG 2026-04-07 00:54:29.257 i.m.g.s.JwtTokenFilter:doFilter [http-nio-8081-exec-1] - Token valid for user: developer
INFO  2026-04-07 00:54:29.262 i.m.g.m.d.UserLoginDao:getUserLogin [http-nio-8081-exec-6] - getUserLogin
INFO  2026-04-07 00:54:29.266 i.m.g.m.d.UserLoginDao:getUserLogin [http-nio-8081-exec-6] - size 1
DEBUG 2026-04-07 00:54:29.272 i.m.g.s.JwtTokenFilter:doFilter [http-nio-8081-exec-6] - Token valid for user: developer
INFO  2026-04-07 00:54:29.282 i.m.g.s.NodeService:stream [http-nio-8081-exec-7] - stream default imagePath: /lmm/images/gzoom_logo.jpg
INFO  2026-04-07 00:54:29.284 i.m.g.m.d.PartyContentDao:getPartyContent [http-nio-8081-exec-7] - getPartyContent
INFO  2026-04-07 00:54:29.292 i.m.g.m.d.PartyContentDao:getPartyContent [http-nio-8081-exec-7] - size = 0
INFO  2026-04-07 00:54:29.468 i.m.g.m.d.UserLoginDao:getUserLogin [http-nio-8081-exec-5] - getUserLogin
INFO  2026-04-07 00:54:29.470 i.m.g.m.d.UserLoginDao:getUserLogin [http-nio-8081-exec-4] - getUserLogin
INFO  2026-04-07 00:54:29.474 i.m.g.m.d.UserLoginDao:getUserLogin [http-nio-8081-exec-5] - size 1
INFO  2026-04-07 00:54:29.476 i.m.g.m.d.UserLoginDao:getUserLogin [http-nio-8081-exec-4] - size 1
DEBUG 2026-04-07 00:54:29.477 i.m.g.s.JwtTokenFilter:doFilter [http-nio-8081-exec-4] - Token valid for user: developer
DEBUG 2026-04-07 00:54:29.479 i.m.g.s.JwtTokenFilter:doFilter [http-nio-8081-exec-5] - Token valid for user: developer
INFO  2026-04-07 00:54:29.493 i.m.g.m.d.UserLoginDao:getUserLogin [http-nio-8081-exec-8] - getUserLogin
INFO  2026-04-07 00:54:29.501 i.m.g.m.d.UserPreferenceDaoMB:getUserPreference [http-nio-8081-exec-5] - find userPreference by id
INFO  2026-04-07 00:54:29.502 i.m.g.u.Manifests:getProductInfo [http-nio-8081-exec-2] - getProductInfo2.5.0rc1
ERROR 2026-04-07 00:54:29.510 i.m.g.u.Manifests:initProductDate [http-nio-8081-exec-2] - Invalid product date format in MANIFEST.MF
INFO  2026-04-07 00:54:29.510 i.m.g.u.Manifests:getProductInfo [http-nio-8081-exec-2] - getProductInfoTue Apr 07 00:54:29 CEST 2026
INFO  2026-04-07 00:54:29.514 i.m.g.m.d.UserPreferenceDaoMB:getUserPreference [http-nio-8081-exec-5] - UserPreference = true
INFO  2026-04-07 00:54:29.514 i.m.g.m.d.UserLoginDao:getUserLogin [http-nio-8081-exec-1] - getUserLogin
INFO  2026-04-07 00:54:29.512 i.m.g.m.d.UserLoginDao:getUserLogin [http-nio-8081-exec-8] - size 1
INFO  2026-04-07 00:54:29.517 i.m.g.m.d.UserLoginDao:getUserLogin [http-nio-8081-exec-3] - getUserLogin
DEBUG 2026-04-07 00:54:29.522 i.m.g.s.JwtTokenFilter:doFilter [http-nio-8081-exec-8] - Token valid for user: developer
INFO  2026-04-07 00:54:29.523 i.m.g.m.d.UserLoginDao:getUserLogin [http-nio-8081-exec-8] - getUserLogin
INFO  2026-04-07 00:54:29.525 i.m.g.m.d.UserLoginDao:getUserLogin [http-nio-8081-exec-1] - size 1
DEBUG 2026-04-07 00:54:29.526 i.m.g.s.JwtTokenFilter:doFilter [http-nio-8081-exec-1] - Token valid for user: developer
INFO  2026-04-07 00:54:29.526 i.m.g.m.d.UserPreferenceDaoMB:getUserPreference [http-nio-8081-exec-5] - find userPreference by id
INFO  2026-04-07 00:54:29.538 i.m.g.m.d.UserPreferenceDaoMB:getUserPreference [http-nio-8081-exec-5] - UserPreference = false
INFO  2026-04-07 00:54:29.540 i.m.g.m.d.UserLoginDao:getUserLogin [http-nio-8081-exec-8] - size 1
INFO  2026-04-07 00:54:29.535 i.m.g.m.d.UserLoginDao:getUserLogin [http-nio-8081-exec-3] - size 1
DEBUG 2026-04-07 00:54:29.572 i.m.g.s.JwtTokenFilter:doFilter [http-nio-8081-exec-3] - Token valid for user: developer
INFO  2026-04-07 00:54:29.575 i.m.g.m.d.UserLoginValidPartyRoleDao:getUserLoginValidPartyRoleList [http-nio-8081-exec-3] - getUserLoginValidPartyRoleList
INFO  2026-04-07 00:54:29.608 i.m.g.m.d.UserLoginValidPartyRoleDao:getUserLoginValidPartyRoleList [http-nio-8081-exec-3] - size 0
ERROR 2026-04-07 00:54:37.670 i.m.g.s.c.AuthController:getLoginMethod [http-nio-8081-exec-6] - no oneLoginSSOEnabledPropertyName and keycloakLoginEnabledPropertyName configuration found
INFO  2026-04-07 00:54:37.679 i.m.g.m.d.UserLoginDao:getUserLogin [http-nio-8081-exec-9] - getUserLogin
INFO  2026-04-07 00:54:37.682 i.m.g.m.d.UserLoginDao:getUserLogin [http-nio-8081-exec-9] - size 1
DEBUG 2026-04-07 00:54:37.682 i.m.g.s.JwtTokenFilter:doFilter [http-nio-8081-exec-9] - Token valid for user: developer
INFO  2026-04-07 00:54:37.684 i.m.g.m.d.UserLoginDao:getUserLogin [http-nio-8081-exec-9] - getUserLogin
INFO  2026-04-07 00:54:37.686 i.m.g.m.d.UserLoginDao:getUserLogin [http-nio-8081-exec-9] - size 1
INFO  2026-04-07 00:54:37.687 i.m.g.m.d.UserLoginDao:getUserLogin [http-nio-8081-exec-9] - getUserLogin
INFO  2026-04-07 00:54:37.690 i.m.g.m.d.UserLoginDao:getUserLogin [http-nio-8081-exec-9] - size 1
INFO  2026-04-07 00:54:38.085 i.m.g.m.d.UserLoginDao:getUserLogin [http-nio-8081-exec-8] - getUserLogin
INFO  2026-04-07 00:54:38.086 i.m.g.m.d.UserLoginDao:getUserLogin [http-nio-8081-exec-4] - getUserLogin
INFO  2026-04-07 00:54:38.089 i.m.g.m.d.UserLoginDao:getUserLogin [http-nio-8081-exec-4] - size 1
DEBUG 2026-04-07 00:54:38.090 i.m.g.s.JwtTokenFilter:doFilter [http-nio-8081-exec-4] - Token valid for user: developer
INFO  2026-04-07 00:54:38.092 i.m.g.m.d.UserLoginDao:getUserLogin [http-nio-8081-exec-8] - size 1
INFO  2026-04-07 00:54:38.094 i.m.g.m.d.UserLoginDao:getUserLogin [http-nio-8081-exec-4] - getUserLogin
DEBUG 2026-04-07 00:54:38.094 i.m.g.s.JwtTokenFilter:doFilter [http-nio-8081-exec-8] - Token valid for user: developer
INFO  2026-04-07 00:54:38.095 i.m.g.m.d.UserCtxPermissionViewDao:selectByUserLoginId [http-nio-8081-exec-8] - get UserCtxPermissionView by userLoginId
INFO  2026-04-07 00:54:38.096 i.m.g.m.d.UserLoginDao:getUserLogin [http-nio-8081-exec-4] - size 1
INFO  2026-04-07 00:54:38.096 i.m.g.m.d.UserLoginDao:getUserLogin [http-nio-8081-exec-7] - getUserLogin
INFO  2026-04-07 00:54:38.099 i.m.g.m.d.UserLoginDao:getUserLogin [http-nio-8081-exec-3] - getUserLogin
INFO  2026-04-07 00:54:38.099 i.m.g.m.d.UserLoginDao:getUserLogin [http-nio-8081-exec-4] - getUserLogin
INFO  2026-04-07 00:54:38.100 i.m.g.m.d.UserLoginDao:getUserLogin [http-nio-8081-exec-3] - size 1
INFO  2026-04-07 00:54:38.098 i.m.g.m.d.PartyNoteDao:getPartyNote [http-nio-8081-exec-10] - getPartyNote
DEBUG 2026-04-07 00:54:38.101 i.m.g.s.JwtTokenFilter:doFilter [http-nio-8081-exec-3] - Token valid for user: developer
INFO  2026-04-07 00:54:38.102 i.m.g.m.d.UserCtxPermissionViewDao:selectByUserLoginId [http-nio-8081-exec-8] - size = 4
INFO  2026-04-07 00:54:38.103 i.m.g.m.d.PartyNoteDao:getPartyNote [http-nio-8081-exec-10] - size = 0
INFO  2026-04-07 00:54:38.104 i.m.g.m.d.UserLoginDao:getUserLogin [http-nio-8081-exec-7] - size 1
INFO  2026-04-07 00:54:38.107 i.m.g.m.d.UserLoginDao:getUserLogin [http-nio-8081-exec-4] - size 1
DEBUG 2026-04-07 00:54:38.108 i.m.g.s.JwtTokenFilter:doFilter [http-nio-8081-exec-7] - Token valid for user: developer
INFO  2026-04-07 00:54:38.110 i.m.g.m.d.UserPreferenceDaoMB:getUserPreference [http-nio-8081-exec-3] - find userPreference by id
INFO  2026-04-07 00:54:38.110 i.m.g.m.d.SecurityPermissionDao:getPermission [http-nio-8081-exec-7] - getPermission
INFO  2026-04-07 00:54:38.116 i.m.g.m.d.UserPreferenceDaoMB:getUserPreference [http-nio-8081-exec-3] - UserPreference = false
INFO  2026-04-07 00:54:38.119 i.m.g.m.d.UserPreferenceDaoMB:getUserPreference [http-nio-8081-exec-3] - find userPreference by id
INFO  2026-04-07 00:54:38.120 i.m.g.m.d.UserPreferenceDaoMB:getUserPreference [http-nio-8081-exec-3] - UserPreference = false
INFO  2026-04-07 00:54:38.129 i.m.g.m.d.SecurityPermissionDao:getPermission [http-nio-8081-exec-7] - size = 107
INFO  2026-04-07 00:54:38.131 i.m.g.s.MenuService:getMenu [http-nio-8081-exec-7] - mappa2 {TYPESATTACHMENTSOBJECTIVESCTXWE=[ADMIN], REPORTPRINTCTXOR=[ADMIN], UOMTYPE=[ADMIN], REPORTPRINTCTXPA=[ADMIN], ANALYSISCTXBS=[ADMIN], SECURITYGROUPSCTXBA=[ADMIN], ANALYSISTYPECTXEP=[ADMIN], QUERYCONFIGCTXBSU=[ADMIN], APPROVALPATHSCTXBA=[ADMIN], REPORTPRINTCTXGD=[ADMIN], CONSULTINGLOGCTXBA=[ADMIN], QUERYCONFIGCTXGDU=[ADMIN], NOTESOBJECTIVESCTXWE=[ADMIN], WORKEFFORTCTXWE=[ADMIN], QUERYCONFIGCTXBSE=[ADMIN], QUERYCONFIGURATIONCTXWE=[ADMIN], ECONOMICINDICATORSCTXAC=[ADMIN], ANALYSISTYPECTXWE=[ADMIN], ANALYSISCTXRE=[ADMIN], QUERYCONFIGCTXEPU=[ADMIN], QUERYCONFIGCTXGDE=[ADMIN], SUBSYSTEMTYPESCTXBA=[ADMIN], PURPOSECTXAC=[ADMIN], ANALYSISCTXDI=[ADMIN], RELATIONSHIPSOBJECTIVESCTXWE=[ADMIN], EXTRAACCOUNTINGUNITTYPESCTXAC=[ADMIN], ANALYSISTYPECTXOR=[ADMIN], FINANCIALINDICATORSCTXAC=[ADMIN], QUERYCONFIGCTXPAE=[ADMIN], QUERYCONFIGCTXREE=[ADMIN], SUBJECTSOBJECTIVESCTXWE=[ADMIN], QUERYCONFIGCTXCGU=[ADMIN], REPORTPRINTCTXEP=[ADMIN], QUERYCONFIGCTXDIU=[ADMIN], QUERYCONFIGCTXPYU=[ADMIN], QUERYCONFIGCTXCOU=[ADMIN], EXTRACTQUERYCONFIGURATIONCTXWE=[ADMIN], CUSTOM=[ADMIN], QUERYCONFIGCTXACE=[ADMIN], ANALYSISCTXTR=[ADMIN], RESERVEDINDICATORMOVEMENTSCTXAC=[ADMIN], QUERYCONFIGCTXCGE=[ADMIN], QUERYCONFIGCTXDIE=[ADMIN], ANALYSISTYPECTXGD=[ADMIN], QUERYCONFIGCTXPYE=[ADMIN], ANALYSISTYPECTXPR=[ADMIN], QUERYCONFIGCTXCOE=[ADMIN], REPORTPRINTCTXDI=[ADMIN], FINANCIALACCOUNTINGUNITTYPESCTXAC=[ADMIN], ANALYSISCTXCO=[ADMIN], MEASURESOBJECTIVESCTXWE=[ADMIN], ANALYSISTYPECTXPA=[ADMIN], REPORTPRINTCTXTR=[ADMIN], TYPOLOGIESROLESSUBJECTSCTXPY=[ADMIN], SCHEDULERCTXBA=[ADMIN], ANALYSISCTXCG=[ADMIN], OBJECTIVECODESCTXWE=[ADMIN], QUERYCONFIGCTXCAU=[ADMIN], CALCULATIONFORMULASCTXAC=[ADMIN], REPORTPRINTCTXCG=[ADMIN], FINANCIALINDICATORMOVEMENTSCTXAC=[ADMIN], REPORTPRINTCTXCO=[ADMIN], ECONOMICSPOSITIONSCTXPY=[ADMIN], TYPESRELATIONSHIPSBETWEENSUBJECTSCTXPY=[ADMIN], QUERYCONFIGCTXTRU=[ADMIN], ANALYSISCTXEP=[ADMIN], PERIODSCTXAC=[ADMIN], QUERYCONFIGCTXPRU=[ADMIN], REPORTPRINTCTXBS=[ADMIN], ECONPATRACCOUNTINGUNITTYPESCTXAC=[ADMIN], ECONOMICINDICATORMOVEMENTSCTXAC=[ADMIN], REPORTPRINTCTXRE=[ADMIN], QUERYCONFIGCTXTRE=[ADMIN], ANALYSISTYPECTXRE=[ADMIN], QUERYCONFIGCTXPAU=[ADMIN], QUERYCONFIGCTXPRE=[ADMIN], QUERYCONFIGCTXREU=[ADMIN], QUERYCONFIGCTXEPE=[ADMIN], RANGESOFVALUESCTXAC=[ADMIN], QUERYCONFIG=[ADMIN], TIMESHEETCTXPR=[ADMIN], ANALYSISTYPECTXCG=[ADMIN], TIMESHEET=[ADMIN], TYPOLOGYRELATIONSHIPSOBJECTIVESCTXWE=[ADMIN], ANALYSISTYPECTXCO=[ADMIN], ANALYSISTYPECTXBS=[ADMIN], QUERYCONFIGCTXBAE=[ADMIN], SUBSYSTEMCTXBA=[ADMIN], REQUESTFROMINTERESTEDPARTIESCTXGD=[ADMIN], ANALYSISCTXPR=[ADMIN], DETECTIONTYPECTXAC=[ADMIN], INDICATORSCTXAC=[ADMIN], INDICATORMOVEMENTSCTXAC=[ADMIN], ANALYSISTYPECTXDI=[ADMIN], REPORTPRINTCTXPR=[ADMIN], QUERYCONFIGCTXORU=[ADMIN], TIMESHEETCTXOR=[ADMIN], ANALYSISCTXPA=[ADMIN], ATTACHMENTSOBJECTIVESCTXWE=[ADMIN], UOM=[ADMIN], INTERFACCIAMENTODATI=[ADMIN], TIPOLOGIEPERIODICTXAC=[ADMIN], QUERYCONFIGCTXORE=[ADMIN], RESERVEDINDICATORSCTXAC=[ADMIN], NATUREUNITCONTEXTRCTXAC=[ADMIN], ANALYSISTYPECTXTR=[ADMIN], ANALYSISCTXOR=[ADMIN]}
INFO  2026-04-07 00:54:38.132 i.m.g.m.d.ContentAndAttributesDao:getValidMenu [http-nio-8081-exec-7] - getValidMenu
INFO  2026-04-07 00:54:38.199 i.m.g.m.d.ContentAndAttributesDao:getValidMenu [http-nio-8081-exec-7] - size = 102
INFO  2026-04-07 00:54:38.200 i.m.g.m.d.ContentAndAttributesDao:getFolderMenu [http-nio-8081-exec-7] - getFolderMenu
INFO  2026-04-07 00:54:38.222 i.m.g.m.d.ContentAndAttributesDao:getFolderMenu [http-nio-8081-exec-7] - size = 66
INFO  2026-04-07 00:54:38.246 i.m.g.m.d.UserLoginDao:getUserLogin [http-nio-8081-exec-1] - getUserLogin
INFO  2026-04-07 00:54:38.248 i.m.g.m.d.UserLoginDao:getUserLogin [http-nio-8081-exec-1] - size 1
DEBUG 2026-04-07 00:54:38.249 i.m.g.s.JwtTokenFilter:doFilter [http-nio-8081-exec-1] - Token valid for user: developer
INFO  2026-04-07 00:54:38.311 i.m.g.m.d.UserLoginDao:getUserLogin [http-nio-8081-exec-8] - getUserLogin
INFO  2026-04-07 00:54:38.312 i.m.g.m.d.UserLoginDao:getUserLogin [http-nio-8081-exec-8] - size 1
INFO  2026-04-07 00:54:38.313 i.m.g.m.d.UserLoginDao:getUserLogin [http-nio-8081-exec-10] - getUserLogin
DEBUG 2026-04-07 00:54:38.313 i.m.g.s.JwtTokenFilter:doFilter [http-nio-8081-exec-8] - Token valid for user: developer
INFO  2026-04-07 00:54:38.316 i.m.g.m.d.UserLoginDao:getUserLogin [http-nio-8081-exec-10] - size 1
DEBUG 2026-04-07 00:54:38.319 i.m.g.s.JwtTokenFilter:doFilter [http-nio-8081-exec-10] - Token valid for user: developer
INFO  2026-04-07 00:54:38.321 i.m.g.s.NodeService:stream [http-nio-8081-exec-3] - stream default imagePath: /lmm/images/gzoom_logo.jpg
INFO  2026-04-07 00:54:38.322 i.m.g.m.d.PartyContentDao:getPartyContent [http-nio-8081-exec-3] - getPartyContent
INFO  2026-04-07 00:54:38.328 i.m.g.m.d.PartyContentDao:getPartyContent [http-nio-8081-exec-3] - size = 0
INFO  2026-04-07 00:54:38.498 i.m.g.m.d.UserLoginDao:getUserLogin [http-nio-8081-exec-6] - getUserLogin
INFO  2026-04-07 00:54:38.509 i.m.g.m.d.UserLoginDao:getUserLogin [http-nio-8081-exec-6] - size 1
INFO  2026-04-07 00:54:38.511 i.m.g.m.d.UserLoginDao:getUserLogin [http-nio-8081-exec-9] - getUserLogin
INFO  2026-04-07 00:54:38.512 i.m.g.m.d.UserLoginDao:getUserLogin [http-nio-8081-exec-2] - getUserLogin
DEBUG 2026-04-07 00:54:38.515 i.m.g.s.JwtTokenFilter:doFilter [http-nio-8081-exec-6] - Token valid for user: developer
INFO  2026-04-07 00:54:38.514 i.m.g.m.d.UserLoginDao:getUserLogin [http-nio-8081-exec-7] - getUserLogin
INFO  2026-04-07 00:54:38.518 i.m.g.m.d.UserLoginDao:getUserLogin [http-nio-8081-exec-9] - size 1
INFO  2026-04-07 00:54:38.523 i.m.g.m.d.UserLoginDao:getUserLogin [http-nio-8081-exec-7] - size 1
DEBUG 2026-04-07 00:54:38.530 i.m.g.s.JwtTokenFilter:doFilter [http-nio-8081-exec-7] - Token valid for user: developer
DEBUG 2026-04-07 00:54:38.524 i.m.g.s.JwtTokenFilter:doFilter [http-nio-8081-exec-9] - Token valid for user: developer
INFO  2026-04-07 00:54:38.533 i.m.g.m.d.UserLoginDao:getUserLogin [http-nio-8081-exec-2] - size 1
INFO  2026-04-07 00:54:38.535 i.m.g.m.d.UserLoginDao:getUserLogin [http-nio-8081-exec-7] - getUserLogin
INFO  2026-04-07 00:54:38.536 i.m.g.m.d.UserPreferenceDaoMB:getUserPreference [http-nio-8081-exec-9] - find userPreference by id
DEBUG 2026-04-07 00:54:38.540 i.m.g.s.JwtTokenFilter:doFilter [http-nio-8081-exec-2] - Token valid for user: developer
INFO  2026-04-07 00:54:38.541 i.m.g.m.d.UserPreferenceDaoMB:getUserPreference [http-nio-8081-exec-9] - UserPreference = true
INFO  2026-04-07 00:54:38.543 i.m.g.m.d.UserLoginDao:getUserLogin [http-nio-8081-exec-7] - size 1
INFO  2026-04-07 00:54:38.548 i.m.g.m.d.UserLoginValidPartyRoleDao:getUserLoginValidPartyRoleList [http-nio-8081-exec-2] - getUserLoginValidPartyRoleList
INFO  2026-04-07 00:54:38.548 i.m.g.u.Manifests:getProductInfo [http-nio-8081-exec-8] - getProductInfo2.5.0rc1
ERROR 2026-04-07 00:54:38.549 i.m.g.u.Manifests:initProductDate [http-nio-8081-exec-8] - Invalid product date format in MANIFEST.MF
INFO  2026-04-07 00:54:38.551 i.m.g.m.d.UserLoginValidPartyRoleDao:getUserLoginValidPartyRoleList [http-nio-8081-exec-2] - size 0
INFO  2026-04-07 00:54:38.549 i.m.g.m.d.UserPreferenceDaoMB:getUserPreference [http-nio-8081-exec-9] - find userPreference by id
INFO  2026-04-07 00:54:38.558 i.m.g.u.Manifests:getProductInfo [http-nio-8081-exec-8] - getProductInfoTue Apr 07 00:54:38 CEST 2026
INFO  2026-04-07 00:54:38.562 i.m.g.m.d.UserLoginDao:getUserLogin [http-nio-8081-exec-7] - getUserLogin
INFO  2026-04-07 00:54:38.570 i.m.g.m.d.UserPreferenceDaoMB:getUserPreference [http-nio-8081-exec-9] - UserPreference = false
INFO  2026-04-07 00:54:38.576 i.m.g.m.d.UserLoginDao:getUserLogin [http-nio-8081-exec-7] - size 1
DEBUG 2026-04-07 00:54:38.583 i.m.g.s.JwtTokenFilter:doFilter [http-nio-8081-exec-7] - Token valid for user: developer
ERROR 2026-04-07 00:57:57.849 i.m.g.s.c.AuthController:getLoginMethod [http-nio-8081-exec-5] - no oneLoginSSOEnabledPropertyName and keycloakLoginEnabledPropertyName configuration found
INFO  2026-04-07 00:57:57.855 i.m.g.m.d.UserLoginDao:getUserLogin [http-nio-8081-exec-6] - getUserLogin
INFO  2026-04-07 00:57:57.858 i.m.g.m.d.UserLoginDao:getUserLogin [http-nio-8081-exec-6] - size 1
DEBUG 2026-04-07 00:57:57.859 i.m.g.s.JwtTokenFilter:doFilter [http-nio-8081-exec-6] - Token valid for user: developer
INFO  2026-04-07 00:57:57.860 i.m.g.m.d.UserLoginDao:getUserLogin [http-nio-8081-exec-6] - getUserLogin
INFO  2026-04-07 00:57:57.862 i.m.g.m.d.UserLoginDao:getUserLogin [http-nio-8081-exec-6] - size 1
INFO  2026-04-07 00:57:57.864 i.m.g.m.d.UserLoginDao:getUserLogin [http-nio-8081-exec-6] - getUserLogin
INFO  2026-04-07 00:57:57.867 i.m.g.m.d.UserLoginDao:getUserLogin [http-nio-8081-exec-6] - size 1
INFO  2026-04-07 00:57:58.292 i.m.g.m.d.UserLoginDao:getUserLogin [http-nio-8081-exec-2] - getUserLogin
INFO  2026-04-07 00:57:58.294 i.m.g.m.d.UserLoginDao:getUserLogin [http-nio-8081-exec-2] - size 1
DEBUG 2026-04-07 00:57:58.295 i.m.g.s.JwtTokenFilter:doFilter [http-nio-8081-exec-2] - Token valid for user: developer
INFO  2026-04-07 00:57:58.296 i.m.g.m.d.UserCtxPermissionViewDao:selectByUserLoginId [http-nio-8081-exec-2] - get UserCtxPermissionView by userLoginId
INFO  2026-04-07 00:57:58.299 i.m.g.m.d.UserCtxPermissionViewDao:selectByUserLoginId [http-nio-8081-exec-2] - size = 4
INFO  2026-04-07 00:57:58.338 i.m.g.m.d.UserLoginDao:getUserLogin [http-nio-8081-exec-7] - getUserLogin
INFO  2026-04-07 00:57:58.341 i.m.g.m.d.UserLoginDao:getUserLogin [http-nio-8081-exec-7] - size 1
DEBUG 2026-04-07 00:57:58.342 i.m.g.s.JwtTokenFilter:doFilter [http-nio-8081-exec-7] - Token valid for user: developer
INFO  2026-04-07 00:57:58.343 i.m.g.m.d.UserCtxPermissionViewDao:selectByUserLoginId [http-nio-8081-exec-7] - get UserCtxPermissionView by userLoginId
INFO  2026-04-07 00:57:58.344 i.m.g.m.d.UserLoginDao:getUserLogin [http-nio-8081-exec-4] - getUserLogin
INFO  2026-04-07 00:57:58.351 i.m.g.m.d.UserLoginDao:getUserLogin [http-nio-8081-exec-4] - size 1
INFO  2026-04-07 00:57:58.353 i.m.g.m.d.UserCtxPermissionViewDao:selectByUserLoginId [http-nio-8081-exec-7] - size = 4
DEBUG 2026-04-07 00:57:58.354 i.m.g.s.JwtTokenFilter:doFilter [http-nio-8081-exec-4] - Token valid for user: developer
INFO  2026-04-07 00:57:58.354 i.m.g.m.d.UserLoginDao:getUserLogin [http-nio-8081-exec-9] - getUserLogin
INFO  2026-04-07 00:57:58.356 i.m.g.m.d.UserLoginDao:getUserLogin [http-nio-8081-exec-4] - getUserLogin
INFO  2026-04-07 00:57:58.356 i.m.g.m.d.UserLoginDao:getUserLogin [http-nio-8081-exec-9] - size 1
DEBUG 2026-04-07 00:57:58.357 i.m.g.s.JwtTokenFilter:doFilter [http-nio-8081-exec-9] - Token valid for user: developer
INFO  2026-04-07 00:57:58.357 i.m.g.m.d.UserLoginDao:getUserLogin [http-nio-8081-exec-4] - size 1
INFO  2026-04-07 00:57:58.357 i.m.g.m.d.SecurityPermissionDao:getPermission [http-nio-8081-exec-9] - getPermission
INFO  2026-04-07 00:57:58.358 i.m.g.m.d.PartyNoteDao:getPartyNote [http-nio-8081-exec-1] - getPartyNote
INFO  2026-04-07 00:57:58.359 i.m.g.m.d.UserLoginDao:getUserLogin [http-nio-8081-exec-4] - getUserLogin
INFO  2026-04-07 00:57:58.363 i.m.g.m.d.PartyNoteDao:getPartyNote [http-nio-8081-exec-1] - size = 0
INFO  2026-04-07 00:57:58.363 i.m.g.m.d.UserLoginDao:getUserLogin [http-nio-8081-exec-4] - size 1
INFO  2026-04-07 00:57:58.364 i.m.g.m.d.UserLoginDao:getUserLogin [http-nio-8081-exec-5] - getUserLogin
INFO  2026-04-07 00:57:58.368 i.m.g.m.d.UserLoginDao:getUserLogin [http-nio-8081-exec-5] - size 1
DEBUG 2026-04-07 00:57:58.370 i.m.g.s.JwtTokenFilter:doFilter [http-nio-8081-exec-5] - Token valid for user: developer
INFO  2026-04-07 00:57:58.372 i.m.g.m.d.SecurityPermissionDao:getPermission [http-nio-8081-exec-9] - size = 107
INFO  2026-04-07 00:57:58.372 i.m.g.m.d.UserPreferenceDaoMB:getUserPreference [http-nio-8081-exec-5] - find userPreference by id
INFO  2026-04-07 00:57:58.374 i.m.g.m.d.UserPreferenceDaoMB:getUserPreference [http-nio-8081-exec-5] - UserPreference = false
INFO  2026-04-07 00:57:58.374 i.m.g.s.MenuService:getMenu [http-nio-8081-exec-9] - mappa2 {TYPESATTACHMENTSOBJECTIVESCTXWE=[ADMIN], REPORTPRINTCTXOR=[ADMIN], UOMTYPE=[ADMIN], REPORTPRINTCTXPA=[ADMIN], ANALYSISCTXBS=[ADMIN], SECURITYGROUPSCTXBA=[ADMIN], ANALYSISTYPECTXEP=[ADMIN], QUERYCONFIGCTXBSU=[ADMIN], APPROVALPATHSCTXBA=[ADMIN], REPORTPRINTCTXGD=[ADMIN], CONSULTINGLOGCTXBA=[ADMIN], QUERYCONFIGCTXGDU=[ADMIN], NOTESOBJECTIVESCTXWE=[ADMIN], WORKEFFORTCTXWE=[ADMIN], QUERYCONFIGCTXBSE=[ADMIN], QUERYCONFIGURATIONCTXWE=[ADMIN], ECONOMICINDICATORSCTXAC=[ADMIN], ANALYSISTYPECTXWE=[ADMIN], ANALYSISCTXRE=[ADMIN], QUERYCONFIGCTXEPU=[ADMIN], QUERYCONFIGCTXGDE=[ADMIN], SUBSYSTEMTYPESCTXBA=[ADMIN], PURPOSECTXAC=[ADMIN], ANALYSISCTXDI=[ADMIN], RELATIONSHIPSOBJECTIVESCTXWE=[ADMIN], EXTRAACCOUNTINGUNITTYPESCTXAC=[ADMIN], ANALYSISTYPECTXOR=[ADMIN], FINANCIALINDICATORSCTXAC=[ADMIN], QUERYCONFIGCTXPAE=[ADMIN], QUERYCONFIGCTXREE=[ADMIN], SUBJECTSOBJECTIVESCTXWE=[ADMIN], QUERYCONFIGCTXCGU=[ADMIN], REPORTPRINTCTXEP=[ADMIN], QUERYCONFIGCTXDIU=[ADMIN], QUERYCONFIGCTXPYU=[ADMIN], QUERYCONFIGCTXCOU=[ADMIN], EXTRACTQUERYCONFIGURATIONCTXWE=[ADMIN], CUSTOM=[ADMIN], QUERYCONFIGCTXACE=[ADMIN], ANALYSISCTXTR=[ADMIN], RESERVEDINDICATORMOVEMENTSCTXAC=[ADMIN], QUERYCONFIGCTXCGE=[ADMIN], QUERYCONFIGCTXDIE=[ADMIN], ANALYSISTYPECTXGD=[ADMIN], QUERYCONFIGCTXPYE=[ADMIN], ANALYSISTYPECTXPR=[ADMIN], QUERYCONFIGCTXCOE=[ADMIN], REPORTPRINTCTXDI=[ADMIN], FINANCIALACCOUNTINGUNITTYPESCTXAC=[ADMIN], ANALYSISCTXCO=[ADMIN], MEASURESOBJECTIVESCTXWE=[ADMIN], ANALYSISTYPECTXPA=[ADMIN], REPORTPRINTCTXTR=[ADMIN], TYPOLOGIESROLESSUBJECTSCTXPY=[ADMIN], SCHEDULERCTXBA=[ADMIN], ANALYSISCTXCG=[ADMIN], OBJECTIVECODESCTXWE=[ADMIN], QUERYCONFIGCTXCAU=[ADMIN], CALCULATIONFORMULASCTXAC=[ADMIN], REPORTPRINTCTXCG=[ADMIN], FINANCIALINDICATORMOVEMENTSCTXAC=[ADMIN], REPORTPRINTCTXCO=[ADMIN], ECONOMICSPOSITIONSCTXPY=[ADMIN], TYPESRELATIONSHIPSBETWEENSUBJECTSCTXPY=[ADMIN], QUERYCONFIGCTXTRU=[ADMIN], ANALYSISCTXEP=[ADMIN], PERIODSCTXAC=[ADMIN], QUERYCONFIGCTXPRU=[ADMIN], REPORTPRINTCTXBS=[ADMIN], ECONPATRACCOUNTINGUNITTYPESCTXAC=[ADMIN], ECONOMICINDICATORMOVEMENTSCTXAC=[ADMIN], REPORTPRINTCTXRE=[ADMIN], QUERYCONFIGCTXTRE=[ADMIN], ANALYSISTYPECTXRE=[ADMIN], QUERYCONFIGCTXPAU=[ADMIN], QUERYCONFIGCTXPRE=[ADMIN], QUERYCONFIGCTXREU=[ADMIN], QUERYCONFIGCTXEPE=[ADMIN], RANGESOFVALUESCTXAC=[ADMIN], QUERYCONFIG=[ADMIN], TIMESHEETCTXPR=[ADMIN], ANALYSISTYPECTXCG=[ADMIN], TIMESHEET=[ADMIN], TYPOLOGYRELATIONSHIPSOBJECTIVESCTXWE=[ADMIN], ANALYSISTYPECTXCO=[ADMIN], ANALYSISTYPECTXBS=[ADMIN], QUERYCONFIGCTXBAE=[ADMIN], SUBSYSTEMCTXBA=[ADMIN], REQUESTFROMINTERESTEDPARTIESCTXGD=[ADMIN], ANALYSISCTXPR=[ADMIN], DETECTIONTYPECTXAC=[ADMIN], INDICATORSCTXAC=[ADMIN], INDICATORMOVEMENTSCTXAC=[ADMIN], ANALYSISTYPECTXDI=[ADMIN], REPORTPRINTCTXPR=[ADMIN], QUERYCONFIGCTXORU=[ADMIN], TIMESHEETCTXOR=[ADMIN], ANALYSISCTXPA=[ADMIN], ATTACHMENTSOBJECTIVESCTXWE=[ADMIN], UOM=[ADMIN], INTERFACCIAMENTODATI=[ADMIN], TIPOLOGIEPERIODICTXAC=[ADMIN], QUERYCONFIGCTXORE=[ADMIN], RESERVEDINDICATORSCTXAC=[ADMIN], NATUREUNITCONTEXTRCTXAC=[ADMIN], ANALYSISTYPECTXTR=[ADMIN], ANALYSISCTXOR=[ADMIN]}
INFO  2026-04-07 00:57:58.374 i.m.g.m.d.UserPreferenceDaoMB:getUserPreference [http-nio-8081-exec-5] - find userPreference by id
INFO  2026-04-07 00:57:58.375 i.m.g.m.d.ContentAndAttributesDao:getValidMenu [http-nio-8081-exec-9] - getValidMenu
INFO  2026-04-07 00:57:58.376 i.m.g.m.d.UserPreferenceDaoMB:getUserPreference [http-nio-8081-exec-5] - UserPreference = false
INFO  2026-04-07 00:57:58.438 i.m.g.m.d.ContentAndAttributesDao:getValidMenu [http-nio-8081-exec-9] - size = 102
INFO  2026-04-07 00:57:58.439 i.m.g.m.d.ContentAndAttributesDao:getFolderMenu [http-nio-8081-exec-9] - getFolderMenu
INFO  2026-04-07 00:57:58.463 i.m.g.m.d.ContentAndAttributesDao:getFolderMenu [http-nio-8081-exec-9] - size = 66
INFO  2026-04-07 00:57:58.503 i.m.g.m.d.UserLoginDao:getUserLogin [http-nio-8081-exec-3] - getUserLogin
INFO  2026-04-07 00:57:58.508 i.m.g.m.d.UserLoginDao:getUserLogin [http-nio-8081-exec-3] - size 1
DEBUG 2026-04-07 00:57:58.509 i.m.g.s.JwtTokenFilter:doFilter [http-nio-8081-exec-3] - Token valid for user: developer
INFO  2026-04-07 00:57:58.540 i.m.g.m.d.UserLoginDao:getUserLogin [http-nio-8081-exec-7] - getUserLogin
INFO  2026-04-07 00:57:58.547 i.m.g.m.d.UserLoginDao:getUserLogin [http-nio-8081-exec-1] - getUserLogin
INFO  2026-04-07 00:57:58.548 i.m.g.m.d.UserLoginDao:getUserLogin [http-nio-8081-exec-5] - getUserLogin
INFO  2026-04-07 00:57:58.549 i.m.g.m.d.UserLoginDao:getUserLogin [http-nio-8081-exec-1] - size 1
INFO  2026-04-07 00:57:58.550 i.m.g.m.d.UserLoginDao:getUserLogin [http-nio-8081-exec-5] - size 1
DEBUG 2026-04-07 00:57:58.551 i.m.g.s.JwtTokenFilter:doFilter [http-nio-8081-exec-5] - Token valid for user: developer
DEBUG 2026-04-07 00:57:58.552 i.m.g.s.JwtTokenFilter:doFilter [http-nio-8081-exec-1] - Token valid for user: developer
INFO  2026-04-07 00:57:58.553 i.m.g.m.d.UserLoginDao:getUserLogin [http-nio-8081-exec-7] - size 1
DEBUG 2026-04-07 00:57:58.555 i.m.g.s.JwtTokenFilter:doFilter [http-nio-8081-exec-7] - Token valid for user: developer
INFO  2026-04-07 00:57:58.556 i.m.g.m.d.UserLoginSecurityGroupDao:getDefaultPortalPage [http-nio-8081-exec-7] - getDefaultPortalPage
INFO  2026-04-07 00:57:58.559 i.m.g.m.d.UserLoginSecurityGroupDao:getDefaultPortalPage [http-nio-8081-exec-7] - size 0
INFO  2026-04-07 00:57:58.571 i.m.g.s.NodeService:stream [http-nio-8081-exec-4] - stream default imagePath: /lmm/images/gzoom_logo.jpg
INFO  2026-04-07 00:57:58.572 i.m.g.m.d.PartyContentDao:getPartyContent [http-nio-8081-exec-4] - getPartyContent
INFO  2026-04-07 00:57:58.580 i.m.g.m.d.PartyContentDao:getPartyContent [http-nio-8081-exec-4] - size = 0
INFO  2026-04-07 00:57:58.725 i.m.g.m.d.UserLoginDao:getUserLogin [http-nio-8081-exec-6] - getUserLogin
INFO  2026-04-07 00:57:58.724 i.m.g.m.d.UserLoginDao:getUserLogin [http-nio-8081-exec-8] - getUserLogin
INFO  2026-04-07 00:57:58.733 i.m.g.m.d.UserLoginDao:getUserLogin [http-nio-8081-exec-6] - size 1
INFO  2026-04-07 00:57:58.741 i.m.g.m.d.UserLoginDao:getUserLogin [http-nio-8081-exec-8] - size 1
DEBUG 2026-04-07 00:57:58.744 i.m.g.s.JwtTokenFilter:doFilter [http-nio-8081-exec-6] - Token valid for user: developer
INFO  2026-04-07 00:57:58.745 i.m.g.m.d.UserPreferenceDaoMB:getUserPreference [http-nio-8081-exec-6] - find userPreference by id
DEBUG 2026-04-07 00:57:58.747 i.m.g.s.JwtTokenFilter:doFilter [http-nio-8081-exec-8] - Token valid for user: developer
INFO  2026-04-07 00:57:58.758 i.m.g.m.d.UserLoginDao:getUserLogin [http-nio-8081-exec-3] - getUserLogin
INFO  2026-04-07 00:57:58.758 i.m.g.m.d.UserPreferenceDaoMB:getUserPreference [http-nio-8081-exec-6] - UserPreference = true
INFO  2026-04-07 00:57:58.761 i.m.g.m.d.UserPreferenceDaoMB:getUserPreference [http-nio-8081-exec-6] - find userPreference by id
INFO  2026-04-07 00:57:58.768 i.m.g.m.d.UserPreferenceDaoMB:getUserPreference [http-nio-8081-exec-6] - UserPreference = false
INFO  2026-04-07 00:57:58.775 i.m.g.m.d.UserLoginDao:getUserLogin [http-nio-8081-exec-7] - getUserLogin
INFO  2026-04-07 00:57:58.776 i.m.g.u.Manifests:getProductInfo [http-nio-8081-exec-1] - getProductInfo2.5.0rc1
ERROR 2026-04-07 00:57:58.778 i.m.g.u.Manifests:initProductDate [http-nio-8081-exec-1] - Invalid product date format in MANIFEST.MF
INFO  2026-04-07 00:57:58.783 i.m.g.u.Manifests:getProductInfo [http-nio-8081-exec-1] - getProductInfoTue Apr 07 00:57:58 CEST 2026
INFO  2026-04-07 00:57:58.775 i.m.g.m.d.UserLoginDao:getUserLogin [http-nio-8081-exec-2] - getUserLogin
INFO  2026-04-07 00:57:58.781 i.m.g.m.d.UserLoginDao:getUserLogin [http-nio-8081-exec-3] - size 1
INFO  2026-04-07 00:57:58.780 i.m.g.m.d.UserLoginDao:getUserLogin [http-nio-8081-exec-7] - size 1
DEBUG 2026-04-07 00:57:58.789 i.m.g.s.JwtTokenFilter:doFilter [http-nio-8081-exec-7] - Token valid for user: developer
INFO  2026-04-07 00:57:58.790 i.m.g.m.d.UserLoginDao:getUserLogin [http-nio-8081-exec-2] - size 1
DEBUG 2026-04-07 00:57:58.791 i.m.g.s.JwtTokenFilter:doFilter [http-nio-8081-exec-3] - Token valid for user: developer
DEBUG 2026-04-07 00:57:58.795 i.m.g.s.JwtTokenFilter:doFilter [http-nio-8081-exec-2] - Token valid for user: developer
INFO  2026-04-07 00:57:58.797 i.m.g.m.d.UserLoginDao:getUserLogin [http-nio-8081-exec-2] - getUserLogin
INFO  2026-04-07 00:57:58.807 i.m.g.m.d.UserLoginDao:getUserLogin [http-nio-8081-exec-2] - size 1
INFO  2026-04-07 00:57:58.819 i.m.g.m.d.UserLoginValidPartyRoleDao:getUserLoginValidPartyRoleList [http-nio-8081-exec-3] - getUserLoginValidPartyRoleList
INFO  2026-04-07 00:57:58.828 i.m.g.m.d.UserLoginValidPartyRoleDao:getUserLoginValidPartyRoleList [http-nio-8081-exec-3] - size 0
ERROR 2026-04-07 00:58:07.052 i.m.g.s.c.AuthController:getLoginMethod [http-nio-8081-exec-8] - no oneLoginSSOEnabledPropertyName and keycloakLoginEnabledPropertyName configuration found
INFO  2026-04-07 00:58:07.052 i.m.g.m.d.UserLoginDao:getUserLogin [http-nio-8081-exec-9] - getUserLogin
INFO  2026-04-07 00:58:07.055 i.m.g.m.d.UserLoginDao:getUserLogin [http-nio-8081-exec-9] - size 1
DEBUG 2026-04-07 00:58:07.056 i.m.g.s.JwtTokenFilter:doFilter [http-nio-8081-exec-9] - Token valid for user: developer
INFO  2026-04-07 00:58:07.058 i.m.g.m.d.UserLoginDao:getUserLogin [http-nio-8081-exec-9] - getUserLogin
INFO  2026-04-07 00:58:07.060 i.m.g.m.d.UserLoginDao:getUserLogin [http-nio-8081-exec-9] - size 1
INFO  2026-04-07 00:58:07.061 i.m.g.m.d.UserLoginDao:getUserLogin [http-nio-8081-exec-9] - getUserLogin
INFO  2026-04-07 00:58:07.064 i.m.g.m.d.UserLoginDao:getUserLogin [http-nio-8081-exec-9] - size 1
INFO  2026-04-07 00:58:07.437 i.m.g.m.d.UserLoginDao:getUserLogin [http-nio-8081-exec-4] - getUserLogin
INFO  2026-04-07 00:58:07.438 i.m.g.m.d.UserLoginDao:getUserLogin [http-nio-8081-exec-4] - size 1
DEBUG 2026-04-07 00:58:07.439 i.m.g.s.JwtTokenFilter:doFilter [http-nio-8081-exec-4] - Token valid for user: developer
INFO  2026-04-07 00:58:07.440 i.m.g.m.d.UserCtxPermissionViewDao:selectByUserLoginId [http-nio-8081-exec-4] - get UserCtxPermissionView by userLoginId
INFO  2026-04-07 00:58:07.443 i.m.g.m.d.UserCtxPermissionViewDao:selectByUserLoginId [http-nio-8081-exec-4] - size = 4
INFO  2026-04-07 00:58:07.485 i.m.g.m.d.UserLoginDao:getUserLogin [http-nio-8081-exec-2] - getUserLogin
INFO  2026-04-07 00:58:07.487 i.m.g.m.d.UserLoginDao:getUserLogin [http-nio-8081-exec-2] - size 1
DEBUG 2026-04-07 00:58:07.490 i.m.g.s.JwtTokenFilter:doFilter [http-nio-8081-exec-2] - Token valid for user: developer
INFO  2026-04-07 00:58:07.491 i.m.g.m.d.UserLoginDao:getUserLogin [http-nio-8081-exec-3] - getUserLogin
INFO  2026-04-07 00:58:07.491 i.m.g.m.d.UserLoginDao:getUserLogin [http-nio-8081-exec-10] - getUserLogin
INFO  2026-04-07 00:58:07.493 i.m.g.m.d.UserCtxPermissionViewDao:selectByUserLoginId [http-nio-8081-exec-2] - get UserCtxPermissionView by userLoginId
INFO  2026-04-07 00:58:07.493 i.m.g.m.d.UserLoginDao:getUserLogin [http-nio-8081-exec-3] - size 1
DEBUG 2026-04-07 00:58:07.494 i.m.g.s.JwtTokenFilter:doFilter [http-nio-8081-exec-3] - Token valid for user: developer
INFO  2026-04-07 00:58:07.494 i.m.g.m.d.UserLoginDao:getUserLogin [http-nio-8081-exec-8] - getUserLogin
INFO  2026-04-07 00:58:07.496 i.m.g.m.d.SecurityPermissionDao:getPermission [http-nio-8081-exec-3] - getPermission
INFO  2026-04-07 00:58:07.496 i.m.g.m.d.UserLoginDao:getUserLogin [http-nio-8081-exec-10] - size 1
DEBUG 2026-04-07 00:58:07.497 i.m.g.s.JwtTokenFilter:doFilter [http-nio-8081-exec-10] - Token valid for user: developer
INFO  2026-04-07 00:58:07.498 i.m.g.m.d.PartyNoteDao:getPartyNote [http-nio-8081-exec-5] - getPartyNote
INFO  2026-04-07 00:58:07.499 i.m.g.m.d.UserLoginDao:getUserLogin [http-nio-8081-exec-10] - getUserLogin
INFO  2026-04-07 00:58:07.500 i.m.g.m.d.UserCtxPermissionViewDao:selectByUserLoginId [http-nio-8081-exec-2] - size = 4
INFO  2026-04-07 00:58:07.501 i.m.g.m.d.UserLoginDao:getUserLogin [http-nio-8081-exec-8] - size 1
INFO  2026-04-07 00:58:07.501 i.m.g.m.d.PartyNoteDao:getPartyNote [http-nio-8081-exec-5] - size = 0
INFO  2026-04-07 00:58:07.501 i.m.g.m.d.UserLoginDao:getUserLogin [http-nio-8081-exec-10] - size 1
INFO  2026-04-07 00:58:07.502 i.m.g.m.d.UserLoginDao:getUserLogin [http-nio-8081-exec-10] - getUserLogin
DEBUG 2026-04-07 00:58:07.504 i.m.g.s.JwtTokenFilter:doFilter [http-nio-8081-exec-8] - Token valid for user: developer
INFO  2026-04-07 00:58:07.508 i.m.g.m.d.UserLoginDao:getUserLogin [http-nio-8081-exec-10] - size 1
INFO  2026-04-07 00:58:07.510 i.m.g.m.d.UserPreferenceDaoMB:getUserPreference [http-nio-8081-exec-8] - find userPreference by id
INFO  2026-04-07 00:58:07.513 i.m.g.m.d.SecurityPermissionDao:getPermission [http-nio-8081-exec-3] - size = 107
INFO  2026-04-07 00:58:07.513 i.m.g.m.d.UserPreferenceDaoMB:getUserPreference [http-nio-8081-exec-8] - UserPreference = false
INFO  2026-04-07 00:58:07.515 i.m.g.s.MenuService:getMenu [http-nio-8081-exec-3] - mappa2 {TYPESATTACHMENTSOBJECTIVESCTXWE=[ADMIN], REPORTPRINTCTXOR=[ADMIN], UOMTYPE=[ADMIN], REPORTPRINTCTXPA=[ADMIN], ANALYSISCTXBS=[ADMIN], SECURITYGROUPSCTXBA=[ADMIN], ANALYSISTYPECTXEP=[ADMIN], QUERYCONFIGCTXBSU=[ADMIN], APPROVALPATHSCTXBA=[ADMIN], REPORTPRINTCTXGD=[ADMIN], CONSULTINGLOGCTXBA=[ADMIN], QUERYCONFIGCTXGDU=[ADMIN], NOTESOBJECTIVESCTXWE=[ADMIN], WORKEFFORTCTXWE=[ADMIN], QUERYCONFIGCTXBSE=[ADMIN], QUERYCONFIGURATIONCTXWE=[ADMIN], ECONOMICINDICATORSCTXAC=[ADMIN], ANALYSISTYPECTXWE=[ADMIN], ANALYSISCTXRE=[ADMIN], QUERYCONFIGCTXEPU=[ADMIN], QUERYCONFIGCTXGDE=[ADMIN], SUBSYSTEMTYPESCTXBA=[ADMIN], PURPOSECTXAC=[ADMIN], ANALYSISCTXDI=[ADMIN], RELATIONSHIPSOBJECTIVESCTXWE=[ADMIN], EXTRAACCOUNTINGUNITTYPESCTXAC=[ADMIN], ANALYSISTYPECTXOR=[ADMIN], FINANCIALINDICATORSCTXAC=[ADMIN], QUERYCONFIGCTXPAE=[ADMIN], QUERYCONFIGCTXREE=[ADMIN], SUBJECTSOBJECTIVESCTXWE=[ADMIN], QUERYCONFIGCTXCGU=[ADMIN], REPORTPRINTCTXEP=[ADMIN], QUERYCONFIGCTXDIU=[ADMIN], QUERYCONFIGCTXPYU=[ADMIN], QUERYCONFIGCTXCOU=[ADMIN], EXTRACTQUERYCONFIGURATIONCTXWE=[ADMIN], CUSTOM=[ADMIN], QUERYCONFIGCTXACE=[ADMIN], ANALYSISCTXTR=[ADMIN], RESERVEDINDICATORMOVEMENTSCTXAC=[ADMIN], QUERYCONFIGCTXCGE=[ADMIN], QUERYCONFIGCTXDIE=[ADMIN], ANALYSISTYPECTXGD=[ADMIN], QUERYCONFIGCTXPYE=[ADMIN], ANALYSISTYPECTXPR=[ADMIN], QUERYCONFIGCTXCOE=[ADMIN], REPORTPRINTCTXDI=[ADMIN], FINANCIALACCOUNTINGUNITTYPESCTXAC=[ADMIN], ANALYSISCTXCO=[ADMIN], MEASURESOBJECTIVESCTXWE=[ADMIN], ANALYSISTYPECTXPA=[ADMIN], REPORTPRINTCTXTR=[ADMIN], TYPOLOGIESROLESSUBJECTSCTXPY=[ADMIN], SCHEDULERCTXBA=[ADMIN], ANALYSISCTXCG=[ADMIN], OBJECTIVECODESCTXWE=[ADMIN], QUERYCONFIGCTXCAU=[ADMIN], CALCULATIONFORMULASCTXAC=[ADMIN], REPORTPRINTCTXCG=[ADMIN], FINANCIALINDICATORMOVEMENTSCTXAC=[ADMIN], REPORTPRINTCTXCO=[ADMIN], ECONOMICSPOSITIONSCTXPY=[ADMIN], TYPESRELATIONSHIPSBETWEENSUBJECTSCTXPY=[ADMIN], QUERYCONFIGCTXTRU=[ADMIN], ANALYSISCTXEP=[ADMIN], PERIODSCTXAC=[ADMIN], QUERYCONFIGCTXPRU=[ADMIN], REPORTPRINTCTXBS=[ADMIN], ECONPATRACCOUNTINGUNITTYPESCTXAC=[ADMIN], ECONOMICINDICATORMOVEMENTSCTXAC=[ADMIN], REPORTPRINTCTXRE=[ADMIN], QUERYCONFIGCTXTRE=[ADMIN], ANALYSISTYPECTXRE=[ADMIN], QUERYCONFIGCTXPAU=[ADMIN], QUERYCONFIGCTXPRE=[ADMIN], QUERYCONFIGCTXREU=[ADMIN], QUERYCONFIGCTXEPE=[ADMIN], RANGESOFVALUESCTXAC=[ADMIN], QUERYCONFIG=[ADMIN], TIMESHEETCTXPR=[ADMIN], ANALYSISTYPECTXCG=[ADMIN], TIMESHEET=[ADMIN], TYPOLOGYRELATIONSHIPSOBJECTIVESCTXWE=[ADMIN], ANALYSISTYPECTXCO=[ADMIN], ANALYSISTYPECTXBS=[ADMIN], QUERYCONFIGCTXBAE=[ADMIN], SUBSYSTEMCTXBA=[ADMIN], REQUESTFROMINTERESTEDPARTIESCTXGD=[ADMIN], ANALYSISCTXPR=[ADMIN], DETECTIONTYPECTXAC=[ADMIN], INDICATORSCTXAC=[ADMIN], INDICATORMOVEMENTSCTXAC=[ADMIN], ANALYSISTYPECTXDI=[ADMIN], REPORTPRINTCTXPR=[ADMIN], QUERYCONFIGCTXORU=[ADMIN], TIMESHEETCTXOR=[ADMIN], ANALYSISCTXPA=[ADMIN], ATTACHMENTSOBJECTIVESCTXWE=[ADMIN], UOM=[ADMIN], INTERFACCIAMENTODATI=[ADMIN], TIPOLOGIEPERIODICTXAC=[ADMIN], QUERYCONFIGCTXORE=[ADMIN], RESERVEDINDICATORSCTXAC=[ADMIN], NATUREUNITCONTEXTRCTXAC=[ADMIN], ANALYSISTYPECTXTR=[ADMIN], ANALYSISCTXOR=[ADMIN]}
INFO  2026-04-07 00:58:07.515 i.m.g.m.d.UserPreferenceDaoMB:getUserPreference [http-nio-8081-exec-8] - find userPreference by id
INFO  2026-04-07 00:58:07.515 i.m.g.m.d.ContentAndAttributesDao:getValidMenu [http-nio-8081-exec-3] - getValidMenu
INFO  2026-04-07 00:58:07.518 i.m.g.m.d.UserPreferenceDaoMB:getUserPreference [http-nio-8081-exec-8] - UserPreference = false
INFO  2026-04-07 00:58:07.577 i.m.g.m.d.ContentAndAttributesDao:getValidMenu [http-nio-8081-exec-3] - size = 102
INFO  2026-04-07 00:58:07.578 i.m.g.m.d.ContentAndAttributesDao:getFolderMenu [http-nio-8081-exec-3] - getFolderMenu
INFO  2026-04-07 00:58:07.601 i.m.g.m.d.ContentAndAttributesDao:getFolderMenu [http-nio-8081-exec-3] - size = 66
INFO  2026-04-07 00:58:07.653 i.m.g.m.d.UserLoginDao:getUserLogin [http-nio-8081-exec-7] - getUserLogin
INFO  2026-04-07 00:58:07.655 i.m.g.m.d.UserLoginDao:getUserLogin [http-nio-8081-exec-7] - size 1
DEBUG 2026-04-07 00:58:07.656 i.m.g.s.JwtTokenFilter:doFilter [http-nio-8081-exec-7] - Token valid for user: developer
INFO  2026-04-07 00:58:07.715 i.m.g.m.d.UserLoginDao:getUserLogin [http-nio-8081-exec-2] - getUserLogin
INFO  2026-04-07 00:58:07.717 i.m.g.m.d.UserLoginDao:getUserLogin [http-nio-8081-exec-2] - size 1
INFO  2026-04-07 00:58:07.718 i.m.g.m.d.UserLoginDao:getUserLogin [http-nio-8081-exec-8] - getUserLogin
DEBUG 2026-04-07 00:58:07.718 i.m.g.s.JwtTokenFilter:doFilter [http-nio-8081-exec-2] - Token valid for user: developer
INFO  2026-04-07 00:58:07.720 i.m.g.m.d.UserLoginSecurityGroupDao:getDefaultPortalPage [http-nio-8081-exec-2] - getDefaultPortalPage
INFO  2026-04-07 00:58:07.721 i.m.g.m.d.UserLoginDao:getUserLogin [http-nio-8081-exec-5] - getUserLogin
INFO  2026-04-07 00:58:07.723 i.m.g.m.d.UserLoginDao:getUserLogin [http-nio-8081-exec-5] - size 1
INFO  2026-04-07 00:58:07.723 i.m.g.m.d.UserLoginSecurityGroupDao:getDefaultPortalPage [http-nio-8081-exec-2] - size 0
DEBUG 2026-04-07 00:58:07.724 i.m.g.s.JwtTokenFilter:doFilter [http-nio-8081-exec-5] - Token valid for user: developer
INFO  2026-04-07 00:58:07.724 i.m.g.s.NodeService:stream [http-nio-8081-exec-10] - stream default imagePath: /lmm/images/gzoom_logo.jpg
INFO  2026-04-07 00:58:07.725 i.m.g.m.d.PartyContentDao:getPartyContent [http-nio-8081-exec-10] - getPartyContent
INFO  2026-04-07 00:58:07.728 i.m.g.m.d.UserLoginDao:getUserLogin [http-nio-8081-exec-8] - size 1
DEBUG 2026-04-07 00:58:07.730 i.m.g.s.JwtTokenFilter:doFilter [http-nio-8081-exec-8] - Token valid for user: developer
INFO  2026-04-07 00:58:07.732 i.m.g.m.d.PartyContentDao:getPartyContent [http-nio-8081-exec-10] - size = 0
INFO  2026-04-07 00:58:07.887 i.m.g.m.d.UserLoginDao:getUserLogin [http-nio-8081-exec-1] - getUserLogin
INFO  2026-04-07 00:58:07.890 i.m.g.m.d.UserLoginDao:getUserLogin [http-nio-8081-exec-1] - size 1
DEBUG 2026-04-07 00:58:07.891 i.m.g.s.JwtTokenFilter:doFilter [http-nio-8081-exec-1] - Token valid for user: developer
INFO  2026-04-07 00:58:07.893 i.m.g.m.d.UserLoginDao:getUserLogin [http-nio-8081-exec-6] - getUserLogin
INFO  2026-04-07 00:58:07.893 i.m.g.m.d.UserPreferenceDaoMB:getUserPreference [http-nio-8081-exec-1] - find userPreference by id
INFO  2026-04-07 00:58:07.901 i.m.g.m.d.UserPreferenceDaoMB:getUserPreference [http-nio-8081-exec-1] - UserPreference = true
INFO  2026-04-07 00:58:07.901 i.m.g.m.d.UserLoginDao:getUserLogin [http-nio-8081-exec-6] - size 1
INFO  2026-04-07 00:58:07.902 i.m.g.m.d.UserPreferenceDaoMB:getUserPreference [http-nio-8081-exec-1] - find userPreference by id
INFO  2026-04-07 00:58:07.896 i.m.g.m.d.UserLoginDao:getUserLogin [http-nio-8081-exec-3] - getUserLogin
INFO  2026-04-07 00:58:07.903 i.m.g.m.d.UserPreferenceDaoMB:getUserPreference [http-nio-8081-exec-1] - UserPreference = false
INFO  2026-04-07 00:58:07.904 i.m.g.m.d.UserLoginDao:getUserLogin [http-nio-8081-exec-7] - getUserLogin
INFO  2026-04-07 00:58:07.905 i.m.g.m.d.UserLoginDao:getUserLogin [http-nio-8081-exec-3] - size 1
INFO  2026-04-07 00:58:07.909 i.m.g.m.d.UserLoginDao:getUserLogin [http-nio-8081-exec-7] - size 1
DEBUG 2026-04-07 00:58:07.906 i.m.g.s.JwtTokenFilter:doFilter [http-nio-8081-exec-6] - Token valid for user: developer
DEBUG 2026-04-07 00:58:07.920 i.m.g.s.JwtTokenFilter:doFilter [http-nio-8081-exec-3] - Token valid for user: developer
INFO  2026-04-07 00:58:07.921 i.m.g.m.d.UserLoginDao:getUserLogin [http-nio-8081-exec-3] - getUserLogin
DEBUG 2026-04-07 00:58:07.914 i.m.g.s.JwtTokenFilter:doFilter [http-nio-8081-exec-7] - Token valid for user: developer
INFO  2026-04-07 00:58:07.933 i.m.g.m.d.UserLoginValidPartyRoleDao:getUserLoginValidPartyRoleList [http-nio-8081-exec-7] - getUserLoginValidPartyRoleList
INFO  2026-04-07 00:58:07.940 i.m.g.m.d.UserLoginValidPartyRoleDao:getUserLoginValidPartyRoleList [http-nio-8081-exec-7] - size 0
INFO  2026-04-07 00:58:07.944 i.m.g.m.d.UserLoginDao:getUserLogin [http-nio-8081-exec-3] - size 1
INFO  2026-04-07 00:58:07.960 i.m.g.u.Manifests:getProductInfo [http-nio-8081-exec-7] - getProductInfo2.5.0rc1
ERROR 2026-04-07 00:58:07.961 i.m.g.u.Manifests:initProductDate [http-nio-8081-exec-7] - Invalid product date format in MANIFEST.MF
INFO  2026-04-07 00:58:07.961 i.m.g.u.Manifests:getProductInfo [http-nio-8081-exec-7] - getProductInfoTue Apr 07 00:58:07 CEST 2026
INFO  2026-04-07 00:58:07.967 i.m.g.m.d.UserLoginDao:getUserLogin [http-nio-8081-exec-5] - getUserLogin
INFO  2026-04-07 00:58:07.972 i.m.g.m.d.UserLoginDao:getUserLogin [http-nio-8081-exec-5] - size 1
DEBUG 2026-04-07 00:58:07.973 i.m.g.s.JwtTokenFilter:doFilter [http-nio-8081-exec-5] - Token valid for user: developer
ERROR 2026-04-07 00:59:56.899 i.m.g.s.c.AuthController:getLoginMethod [http-nio-8081-exec-10] - no oneLoginSSOEnabledPropertyName and keycloakLoginEnabledPropertyName configuration found
INFO  2026-04-07 00:59:56.906 i.m.g.m.d.UserLoginDao:getUserLogin [http-nio-8081-exec-6] - getUserLogin
INFO  2026-04-07 00:59:56.908 i.m.g.m.d.UserLoginDao:getUserLogin [http-nio-8081-exec-6] - size 1
DEBUG 2026-04-07 00:59:56.909 i.m.g.s.JwtTokenFilter:doFilter [http-nio-8081-exec-6] - Token valid for user: developer
INFO  2026-04-07 00:59:56.913 i.m.g.m.d.UserLoginDao:getUserLogin [http-nio-8081-exec-6] - getUserLogin
INFO  2026-04-07 00:59:56.923 i.m.g.m.d.UserLoginDao:getUserLogin [http-nio-8081-exec-6] - size 1
INFO  2026-04-07 00:59:56.924 i.m.g.m.d.UserLoginDao:getUserLogin [http-nio-8081-exec-6] - getUserLogin
INFO  2026-04-07 00:59:56.926 i.m.g.m.d.UserLoginDao:getUserLogin [http-nio-8081-exec-6] - size 1
INFO  2026-04-07 00:59:57.656 i.m.g.m.d.UserLoginDao:getUserLogin [http-nio-8081-exec-2] - getUserLogin
INFO  2026-04-07 00:59:57.659 i.m.g.m.d.UserLoginDao:getUserLogin [http-nio-8081-exec-2] - size 1
DEBUG 2026-04-07 00:59:57.668 i.m.g.s.JwtTokenFilter:doFilter [http-nio-8081-exec-2] - Token valid for user: developer
INFO  2026-04-07 00:59:57.670 i.m.g.m.d.UserCtxPermissionViewDao:selectByUserLoginId [http-nio-8081-exec-2] - get UserCtxPermissionView by userLoginId
INFO  2026-04-07 00:59:57.675 i.m.g.m.d.UserCtxPermissionViewDao:selectByUserLoginId [http-nio-8081-exec-2] - size = 4
INFO  2026-04-07 00:59:57.685 i.m.g.m.d.UserLoginDao:getUserLogin [http-nio-8081-exec-5] - getUserLogin
INFO  2026-04-07 00:59:57.688 i.m.g.m.d.UserLoginDao:getUserLogin [http-nio-8081-exec-5] - size 1
DEBUG 2026-04-07 00:59:57.689 i.m.g.s.JwtTokenFilter:doFilter [http-nio-8081-exec-5] - Token valid for user: developer
INFO  2026-04-07 00:59:57.695 i.m.g.m.d.UserLoginDao:getUserLogin [http-nio-8081-exec-5] - getUserLogin
INFO  2026-04-07 00:59:57.700 i.m.g.m.d.UserLoginDao:getUserLogin [http-nio-8081-exec-5] - size 1
INFO  2026-04-07 00:59:57.705 i.m.g.m.d.PartyNoteDao:getPartyNote [http-nio-8081-exec-1] - getPartyNote
INFO  2026-04-07 00:59:57.705 i.m.g.m.d.UserLoginDao:getUserLogin [http-nio-8081-exec-8] - getUserLogin
INFO  2026-04-07 00:59:57.706 i.m.g.m.d.UserLoginDao:getUserLogin [http-nio-8081-exec-4] - getUserLogin
INFO  2026-04-07 00:59:57.708 i.m.g.m.d.UserLoginDao:getUserLogin [http-nio-8081-exec-8] - size 1
INFO  2026-04-07 00:59:57.706 i.m.g.m.d.UserLoginDao:getUserLogin [http-nio-8081-exec-5] - getUserLogin
INFO  2026-04-07 00:59:57.710 i.m.g.m.d.UserLoginDao:getUserLogin [http-nio-8081-exec-4] - size 1
DEBUG 2026-04-07 00:59:57.710 i.m.g.s.JwtTokenFilter:doFilter [http-nio-8081-exec-8] - Token valid for user: developer
INFO  2026-04-07 00:59:57.709 i.m.g.m.d.PartyNoteDao:getPartyNote [http-nio-8081-exec-1] - size = 0
INFO  2026-04-07 00:59:57.710 i.m.g.m.d.UserLoginDao:getUserLogin [http-nio-8081-exec-5] - size 1
DEBUG 2026-04-07 00:59:57.712 i.m.g.s.JwtTokenFilter:doFilter [http-nio-8081-exec-4] - Token valid for user: developer
INFO  2026-04-07 00:59:57.713 i.m.g.m.d.SecurityPermissionDao:getPermission [http-nio-8081-exec-8] - getPermission
INFO  2026-04-07 00:59:57.717 i.m.g.m.d.UserPreferenceDaoMB:getUserPreference [http-nio-8081-exec-4] - find userPreference by id
INFO  2026-04-07 00:59:57.719 i.m.g.m.d.UserPreferenceDaoMB:getUserPreference [http-nio-8081-exec-4] - UserPreference = false
INFO  2026-04-07 00:59:57.720 i.m.g.m.d.UserPreferenceDaoMB:getUserPreference [http-nio-8081-exec-4] - find userPreference by id
INFO  2026-04-07 00:59:57.721 i.m.g.m.d.UserPreferenceDaoMB:getUserPreference [http-nio-8081-exec-4] - UserPreference = false
INFO  2026-04-07 00:59:57.728 i.m.g.m.d.SecurityPermissionDao:getPermission [http-nio-8081-exec-8] - size = 107
INFO  2026-04-07 00:59:57.730 i.m.g.s.MenuService:getMenu [http-nio-8081-exec-8] - mappa2 {TYPESATTACHMENTSOBJECTIVESCTXWE=[ADMIN], REPORTPRINTCTXOR=[ADMIN], UOMTYPE=[ADMIN], REPORTPRINTCTXPA=[ADMIN], ANALYSISCTXBS=[ADMIN], SECURITYGROUPSCTXBA=[ADMIN], ANALYSISTYPECTXEP=[ADMIN], QUERYCONFIGCTXBSU=[ADMIN], APPROVALPATHSCTXBA=[ADMIN], REPORTPRINTCTXGD=[ADMIN], CONSULTINGLOGCTXBA=[ADMIN], QUERYCONFIGCTXGDU=[ADMIN], NOTESOBJECTIVESCTXWE=[ADMIN], WORKEFFORTCTXWE=[ADMIN], QUERYCONFIGCTXBSE=[ADMIN], QUERYCONFIGURATIONCTXWE=[ADMIN], ECONOMICINDICATORSCTXAC=[ADMIN], ANALYSISTYPECTXWE=[ADMIN], ANALYSISCTXRE=[ADMIN], QUERYCONFIGCTXEPU=[ADMIN], QUERYCONFIGCTXGDE=[ADMIN], SUBSYSTEMTYPESCTXBA=[ADMIN], PURPOSECTXAC=[ADMIN], ANALYSISCTXDI=[ADMIN], RELATIONSHIPSOBJECTIVESCTXWE=[ADMIN], EXTRAACCOUNTINGUNITTYPESCTXAC=[ADMIN], ANALYSISTYPECTXOR=[ADMIN], FINANCIALINDICATORSCTXAC=[ADMIN], QUERYCONFIGCTXPAE=[ADMIN], QUERYCONFIGCTXREE=[ADMIN], SUBJECTSOBJECTIVESCTXWE=[ADMIN], QUERYCONFIGCTXCGU=[ADMIN], REPORTPRINTCTXEP=[ADMIN], QUERYCONFIGCTXDIU=[ADMIN], QUERYCONFIGCTXPYU=[ADMIN], QUERYCONFIGCTXCOU=[ADMIN], EXTRACTQUERYCONFIGURATIONCTXWE=[ADMIN], CUSTOM=[ADMIN], QUERYCONFIGCTXACE=[ADMIN], ANALYSISCTXTR=[ADMIN], RESERVEDINDICATORMOVEMENTSCTXAC=[ADMIN], QUERYCONFIGCTXCGE=[ADMIN], QUERYCONFIGCTXDIE=[ADMIN], ANALYSISTYPECTXGD=[ADMIN], QUERYCONFIGCTXPYE=[ADMIN], ANALYSISTYPECTXPR=[ADMIN], QUERYCONFIGCTXCOE=[ADMIN], REPORTPRINTCTXDI=[ADMIN], FINANCIALACCOUNTINGUNITTYPESCTXAC=[ADMIN], ANALYSISCTXCO=[ADMIN], MEASURESOBJECTIVESCTXWE=[ADMIN], ANALYSISTYPECTXPA=[ADMIN], REPORTPRINTCTXTR=[ADMIN], TYPOLOGIESROLESSUBJECTSCTXPY=[ADMIN], SCHEDULERCTXBA=[ADMIN], ANALYSISCTXCG=[ADMIN], OBJECTIVECODESCTXWE=[ADMIN], QUERYCONFIGCTXCAU=[ADMIN], CALCULATIONFORMULASCTXAC=[ADMIN], REPORTPRINTCTXCG=[ADMIN], FINANCIALINDICATORMOVEMENTSCTXAC=[ADMIN], REPORTPRINTCTXCO=[ADMIN], ECONOMICSPOSITIONSCTXPY=[ADMIN], TYPESRELATIONSHIPSBETWEENSUBJECTSCTXPY=[ADMIN], QUERYCONFIGCTXTRU=[ADMIN], ANALYSISCTXEP=[ADMIN], PERIODSCTXAC=[ADMIN], QUERYCONFIGCTXPRU=[ADMIN], REPORTPRINTCTXBS=[ADMIN], ECONPATRACCOUNTINGUNITTYPESCTXAC=[ADMIN], ECONOMICINDICATORMOVEMENTSCTXAC=[ADMIN], REPORTPRINTCTXRE=[ADMIN], QUERYCONFIGCTXTRE=[ADMIN], ANALYSISTYPECTXRE=[ADMIN], QUERYCONFIGCTXPAU=[ADMIN], QUERYCONFIGCTXPRE=[ADMIN], QUERYCONFIGCTXREU=[ADMIN], QUERYCONFIGCTXEPE=[ADMIN], RANGESOFVALUESCTXAC=[ADMIN], QUERYCONFIG=[ADMIN], TIMESHEETCTXPR=[ADMIN], ANALYSISTYPECTXCG=[ADMIN], TIMESHEET=[ADMIN], TYPOLOGYRELATIONSHIPSOBJECTIVESCTXWE=[ADMIN], ANALYSISTYPECTXCO=[ADMIN], ANALYSISTYPECTXBS=[ADMIN], QUERYCONFIGCTXBAE=[ADMIN], SUBSYSTEMCTXBA=[ADMIN], REQUESTFROMINTERESTEDPARTIESCTXGD=[ADMIN], ANALYSISCTXPR=[ADMIN], DETECTIONTYPECTXAC=[ADMIN], INDICATORSCTXAC=[ADMIN], INDICATORMOVEMENTSCTXAC=[ADMIN], ANALYSISTYPECTXDI=[ADMIN], REPORTPRINTCTXPR=[ADMIN], QUERYCONFIGCTXORU=[ADMIN], TIMESHEETCTXOR=[ADMIN], ANALYSISCTXPA=[ADMIN], ATTACHMENTSOBJECTIVESCTXWE=[ADMIN], UOM=[ADMIN], INTERFACCIAMENTODATI=[ADMIN], TIPOLOGIEPERIODICTXAC=[ADMIN], QUERYCONFIGCTXORE=[ADMIN], RESERVEDINDICATORSCTXAC=[ADMIN], NATUREUNITCONTEXTRCTXAC=[ADMIN], ANALYSISTYPECTXTR=[ADMIN], ANALYSISCTXOR=[ADMIN]}
INFO  2026-04-07 00:59:57.730 i.m.g.m.d.ContentAndAttributesDao:getValidMenu [http-nio-8081-exec-8] - getValidMenu
INFO  2026-04-07 00:59:57.798 i.m.g.m.d.ContentAndAttributesDao:getValidMenu [http-nio-8081-exec-8] - size = 102
INFO  2026-04-07 00:59:57.799 i.m.g.m.d.ContentAndAttributesDao:getFolderMenu [http-nio-8081-exec-8] - getFolderMenu
INFO  2026-04-07 00:59:57.857 i.m.g.m.d.ContentAndAttributesDao:getFolderMenu [http-nio-8081-exec-8] - size = 66
INFO  2026-04-07 00:59:57.906 i.m.g.m.d.UserLoginDao:getUserLogin [http-nio-8081-exec-3] - getUserLogin
INFO  2026-04-07 00:59:57.907 i.m.g.m.d.UserLoginDao:getUserLogin [http-nio-8081-exec-3] - size 1
DEBUG 2026-04-07 00:59:57.908 i.m.g.s.JwtTokenFilter:doFilter [http-nio-8081-exec-3] - Token valid for user: developer
INFO  2026-04-07 00:59:57.946 i.m.g.m.d.UserLoginDao:getUserLogin [http-nio-8081-exec-2] - getUserLogin
INFO  2026-04-07 00:59:57.948 i.m.g.m.d.UserLoginDao:getUserLogin [http-nio-8081-exec-2] - size 1
DEBUG 2026-04-07 00:59:57.949 i.m.g.s.JwtTokenFilter:doFilter [http-nio-8081-exec-2] - Token valid for user: developer
INFO  2026-04-07 00:59:57.951 i.m.g.m.d.UserLoginSecurityGroupDao:getDefaultPortalPage [http-nio-8081-exec-2] - getDefaultPortalPage
INFO  2026-04-07 00:59:57.954 i.m.g.m.d.UserLoginSecurityGroupDao:getDefaultPortalPage [http-nio-8081-exec-2] - size 0
INFO  2026-04-07 00:59:57.962 i.m.g.m.d.UserLoginDao:getUserLogin [http-nio-8081-exec-4] - getUserLogin
INFO  2026-04-07 00:59:57.964 i.m.g.m.d.UserLoginDao:getUserLogin [http-nio-8081-exec-4] - size 1
DEBUG 2026-04-07 00:59:57.965 i.m.g.s.JwtTokenFilter:doFilter [http-nio-8081-exec-4] - Token valid for user: developer
INFO  2026-04-07 00:59:57.968 i.m.g.m.d.UserLoginDao:getUserLogin [http-nio-8081-exec-1] - getUserLogin
INFO  2026-04-07 00:59:57.973 i.m.g.m.d.UserLoginDao:getUserLogin [http-nio-8081-exec-1] - size 1
DEBUG 2026-04-07 00:59:57.974 i.m.g.s.JwtTokenFilter:doFilter [http-nio-8081-exec-1] - Token valid for user: developer
INFO  2026-04-07 00:59:58.088 i.m.g.s.NodeService:stream [http-nio-8081-exec-5] - stream default imagePath: /lmm/images/gzoom_logo.jpg
INFO  2026-04-07 00:59:58.089 i.m.g.m.d.PartyContentDao:getPartyContent [http-nio-8081-exec-5] - getPartyContent
INFO  2026-04-07 00:59:58.099 i.m.g.m.d.PartyContentDao:getPartyContent [http-nio-8081-exec-5] - size = 0
INFO  2026-04-07 00:59:58.170 i.m.g.m.d.UserLoginDao:getUserLogin [http-nio-8081-exec-6] - getUserLogin
INFO  2026-04-07 00:59:58.174 i.m.g.m.d.UserLoginDao:getUserLogin [http-nio-8081-exec-6] - size 1
DEBUG 2026-04-07 00:59:58.181 i.m.g.s.JwtTokenFilter:doFilter [http-nio-8081-exec-6] - Token valid for user: developer
INFO  2026-04-07 00:59:58.185 i.m.g.m.d.UserPreferenceDaoMB:getUserPreference [http-nio-8081-exec-6] - find userPreference by id
INFO  2026-04-07 00:59:58.194 i.m.g.m.d.UserPreferenceDaoMB:getUserPreference [http-nio-8081-exec-6] - UserPreference = true
INFO  2026-04-07 00:59:58.196 i.m.g.m.d.UserPreferenceDaoMB:getUserPreference [http-nio-8081-exec-6] - find userPreference by id
INFO  2026-04-07 00:59:58.198 i.m.g.m.d.UserPreferenceDaoMB:getUserPreference [http-nio-8081-exec-6] - UserPreference = false
INFO  2026-04-07 00:59:58.210 i.m.g.m.d.UserLoginDao:getUserLogin [http-nio-8081-exec-9] - getUserLogin
INFO  2026-04-07 00:59:58.213 i.m.g.m.d.UserLoginDao:getUserLogin [http-nio-8081-exec-9] - size 1
DEBUG 2026-04-07 00:59:58.213 i.m.g.s.JwtTokenFilter:doFilter [http-nio-8081-exec-9] - Token valid for user: developer
INFO  2026-04-07 00:59:58.234 i.m.g.m.d.UserLoginDao:getUserLogin [http-nio-8081-exec-3] - getUserLogin
INFO  2026-04-07 00:59:58.237 i.m.g.m.d.UserLoginDao:getUserLogin [http-nio-8081-exec-7] - getUserLogin
INFO  2026-04-07 00:59:58.242 i.m.g.u.Manifests:getProductInfo [http-nio-8081-exec-4] - getProductInfo2.5.0rc1
ERROR 2026-04-07 00:59:58.255 i.m.g.u.Manifests:initProductDate [http-nio-8081-exec-4] - Invalid product date format in MANIFEST.MF
INFO  2026-04-07 00:59:58.256 i.m.g.m.d.UserLoginDao:getUserLogin [http-nio-8081-exec-7] - size 1
INFO  2026-04-07 00:59:58.256 i.m.g.u.Manifests:getProductInfo [http-nio-8081-exec-4] - getProductInfoTue Apr 07 00:59:58 CEST 2026
INFO  2026-04-07 00:59:58.260 i.m.g.m.d.UserLoginDao:getUserLogin [http-nio-8081-exec-1] - getUserLogin
INFO  2026-04-07 00:59:58.263 i.m.g.m.d.UserLoginDao:getUserLogin [http-nio-8081-exec-1] - size 1
INFO  2026-04-07 00:59:58.257 i.m.g.m.d.UserLoginDao:getUserLogin [http-nio-8081-exec-3] - size 1
DEBUG 2026-04-07 00:59:58.264 i.m.g.s.JwtTokenFilter:doFilter [http-nio-8081-exec-1] - Token valid for user: developer
DEBUG 2026-04-07 00:59:58.268 i.m.g.s.JwtTokenFilter:doFilter [http-nio-8081-exec-7] - Token valid for user: developer
DEBUG 2026-04-07 00:59:58.271 i.m.g.s.JwtTokenFilter:doFilter [http-nio-8081-exec-3] - Token valid for user: developer
INFO  2026-04-07 00:59:58.273 i.m.g.m.d.UserLoginDao:getUserLogin [http-nio-8081-exec-7] - getUserLogin
INFO  2026-04-07 00:59:58.280 i.m.g.m.d.UserLoginDao:getUserLogin [http-nio-8081-exec-7] - size 1
INFO  2026-04-07 00:59:58.281 i.m.g.m.d.UserLoginValidPartyRoleDao:getUserLoginValidPartyRoleList [http-nio-8081-exec-3] - getUserLoginValidPartyRoleList
INFO  2026-04-07 00:59:58.285 i.m.g.m.d.UserLoginValidPartyRoleDao:getUserLoginValidPartyRoleList [http-nio-8081-exec-3] - size 0
INFO  2026-04-07 01:00:01.490 i.m.g.m.d.UserLoginDao:getUserLogin [http-nio-8081-exec-6] - getUserLogin
INFO  2026-04-07 01:00:01.494 i.m.g.m.d.UserLoginDao:getUserLogin [http-nio-8081-exec-6] - size 1
DEBUG 2026-04-07 01:00:01.508 i.m.g.s.JwtTokenFilter:doFilter [http-nio-8081-exec-6] - Token valid for user: developer
INFO  2026-04-07 01:00:01.523 i.m.g.m.d.UserLoginDao:getUserLogin [http-nio-8081-exec-6] - getUserLogin
INFO  2026-04-07 01:00:01.529 i.m.g.m.d.UserLoginDao:getUserLogin [http-nio-8081-exec-6] - size 1
INFO  2026-04-07 01:00:01.530 i.m.g.m.d.UserLoginDao:getUserLogin [http-nio-8081-exec-6] - getUserLogin
INFO  2026-04-07 01:00:01.533 i.m.g.m.d.UserLoginDao:getUserLogin [http-nio-8081-exec-6] - size 1
ERROR 2026-04-07 01:00:01.534 i.m.g.s.c.AuthController:getLoginMethod [http-nio-8081-exec-9] - no oneLoginSSOEnabledPropertyName and keycloakLoginEnabledPropertyName configuration found
INFO  2026-04-07 01:00:02.365 i.m.g.m.d.UserLoginDao:getUserLogin [http-nio-8081-exec-1] - getUserLogin
INFO  2026-04-07 01:00:02.371 i.m.g.m.d.UserLoginDao:getUserLogin [http-nio-8081-exec-1] - size 1
DEBUG 2026-04-07 01:00:02.375 i.m.g.s.JwtTokenFilter:doFilter [http-nio-8081-exec-1] - Token valid for user: developer
INFO  2026-04-07 01:00:02.377 i.m.g.m.d.UserCtxPermissionViewDao:selectByUserLoginId [http-nio-8081-exec-1] - get UserCtxPermissionView by userLoginId
INFO  2026-04-07 01:00:02.390 i.m.g.m.d.UserCtxPermissionViewDao:selectByUserLoginId [http-nio-8081-exec-1] - size = 4
INFO  2026-04-07 01:00:02.395 i.m.g.m.d.UserLoginDao:getUserLogin [http-nio-8081-exec-10] - getUserLogin
INFO  2026-04-07 01:00:02.400 i.m.g.m.d.UserLoginDao:getUserLogin [http-nio-8081-exec-10] - size 1
DEBUG 2026-04-07 01:00:02.401 i.m.g.s.JwtTokenFilter:doFilter [http-nio-8081-exec-10] - Token valid for user: developer
INFO  2026-04-07 01:00:02.403 i.m.g.m.d.UserLoginDao:getUserLogin [http-nio-8081-exec-10] - getUserLogin
INFO  2026-04-07 01:00:02.406 i.m.g.m.d.UserLoginDao:getUserLogin [http-nio-8081-exec-10] - size 1
INFO  2026-04-07 01:00:02.411 i.m.g.m.d.UserLoginDao:getUserLogin [http-nio-8081-exec-10] - getUserLogin
INFO  2026-04-07 01:00:02.413 i.m.g.m.d.UserLoginDao:getUserLogin [http-nio-8081-exec-3] - getUserLogin
INFO  2026-04-07 01:00:02.415 i.m.g.m.d.UserLoginDao:getUserLogin [http-nio-8081-exec-10] - size 1
INFO  2026-04-07 01:00:02.418 i.m.g.m.d.UserLoginDao:getUserLogin [http-nio-8081-exec-3] - size 1
INFO  2026-04-07 01:00:02.423 i.m.g.m.d.PartyNoteDao:getPartyNote [http-nio-8081-exec-2] - getPartyNote
DEBUG 2026-04-07 01:00:02.424 i.m.g.s.JwtTokenFilter:doFilter [http-nio-8081-exec-3] - Token valid for user: developer
INFO  2026-04-07 01:00:02.427 i.m.g.m.d.PartyNoteDao:getPartyNote [http-nio-8081-exec-2] - size = 0
INFO  2026-04-07 01:00:02.427 i.m.g.m.d.UserLoginDao:getUserLogin [http-nio-8081-exec-7] - getUserLogin
INFO  2026-04-07 01:00:02.430 i.m.g.m.d.UserLoginDao:getUserLogin [http-nio-8081-exec-7] - size 1
INFO  2026-04-07 01:00:02.433 i.m.g.m.d.SecurityPermissionDao:getPermission [http-nio-8081-exec-3] - getPermission
DEBUG 2026-04-07 01:00:02.433 i.m.g.s.JwtTokenFilter:doFilter [http-nio-8081-exec-7] - Token valid for user: developer
INFO  2026-04-07 01:00:02.435 i.m.g.m.d.UserPreferenceDaoMB:getUserPreference [http-nio-8081-exec-7] - find userPreference by id
INFO  2026-04-07 01:00:02.436 i.m.g.m.d.UserPreferenceDaoMB:getUserPreference [http-nio-8081-exec-7] - UserPreference = false
INFO  2026-04-07 01:00:02.437 i.m.g.m.d.UserPreferenceDaoMB:getUserPreference [http-nio-8081-exec-7] - find userPreference by id
INFO  2026-04-07 01:00:02.438 i.m.g.m.d.UserPreferenceDaoMB:getUserPreference [http-nio-8081-exec-7] - UserPreference = false
INFO  2026-04-07 01:00:02.466 i.m.g.m.d.SecurityPermissionDao:getPermission [http-nio-8081-exec-3] - size = 107
INFO  2026-04-07 01:00:02.489 i.m.g.s.MenuService:getMenu [http-nio-8081-exec-3] - mappa2 {TYPESATTACHMENTSOBJECTIVESCTXWE=[ADMIN], REPORTPRINTCTXOR=[ADMIN], UOMTYPE=[ADMIN], REPORTPRINTCTXPA=[ADMIN], ANALYSISCTXBS=[ADMIN], SECURITYGROUPSCTXBA=[ADMIN], ANALYSISTYPECTXEP=[ADMIN], QUERYCONFIGCTXBSU=[ADMIN], APPROVALPATHSCTXBA=[ADMIN], REPORTPRINTCTXGD=[ADMIN], CONSULTINGLOGCTXBA=[ADMIN], QUERYCONFIGCTXGDU=[ADMIN], NOTESOBJECTIVESCTXWE=[ADMIN], WORKEFFORTCTXWE=[ADMIN], QUERYCONFIGCTXBSE=[ADMIN], QUERYCONFIGURATIONCTXWE=[ADMIN], ECONOMICINDICATORSCTXAC=[ADMIN], ANALYSISTYPECTXWE=[ADMIN], ANALYSISCTXRE=[ADMIN], QUERYCONFIGCTXEPU=[ADMIN], QUERYCONFIGCTXGDE=[ADMIN], SUBSYSTEMTYPESCTXBA=[ADMIN], PURPOSECTXAC=[ADMIN], ANALYSISCTXDI=[ADMIN], RELATIONSHIPSOBJECTIVESCTXWE=[ADMIN], EXTRAACCOUNTINGUNITTYPESCTXAC=[ADMIN], ANALYSISTYPECTXOR=[ADMIN], FINANCIALINDICATORSCTXAC=[ADMIN], QUERYCONFIGCTXPAE=[ADMIN], QUERYCONFIGCTXREE=[ADMIN], SUBJECTSOBJECTIVESCTXWE=[ADMIN], QUERYCONFIGCTXCGU=[ADMIN], REPORTPRINTCTXEP=[ADMIN], QUERYCONFIGCTXDIU=[ADMIN], QUERYCONFIGCTXPYU=[ADMIN], QUERYCONFIGCTXCOU=[ADMIN], EXTRACTQUERYCONFIGURATIONCTXWE=[ADMIN], CUSTOM=[ADMIN], QUERYCONFIGCTXACE=[ADMIN], ANALYSISCTXTR=[ADMIN], RESERVEDINDICATORMOVEMENTSCTXAC=[ADMIN], QUERYCONFIGCTXCGE=[ADMIN], QUERYCONFIGCTXDIE=[ADMIN], ANALYSISTYPECTXGD=[ADMIN], QUERYCONFIGCTXPYE=[ADMIN], ANALYSISTYPECTXPR=[ADMIN], QUERYCONFIGCTXCOE=[ADMIN], REPORTPRINTCTXDI=[ADMIN], FINANCIALACCOUNTINGUNITTYPESCTXAC=[ADMIN], ANALYSISCTXCO=[ADMIN], MEASURESOBJECTIVESCTXWE=[ADMIN], ANALYSISTYPECTXPA=[ADMIN], REPORTPRINTCTXTR=[ADMIN], TYPOLOGIESROLESSUBJECTSCTXPY=[ADMIN], SCHEDULERCTXBA=[ADMIN], ANALYSISCTXCG=[ADMIN], OBJECTIVECODESCTXWE=[ADMIN], QUERYCONFIGCTXCAU=[ADMIN], CALCULATIONFORMULASCTXAC=[ADMIN], REPORTPRINTCTXCG=[ADMIN], FINANCIALINDICATORMOVEMENTSCTXAC=[ADMIN], REPORTPRINTCTXCO=[ADMIN], ECONOMICSPOSITIONSCTXPY=[ADMIN], TYPESRELATIONSHIPSBETWEENSUBJECTSCTXPY=[ADMIN], QUERYCONFIGCTXTRU=[ADMIN], ANALYSISCTXEP=[ADMIN], PERIODSCTXAC=[ADMIN], QUERYCONFIGCTXPRU=[ADMIN], REPORTPRINTCTXBS=[ADMIN], ECONPATRACCOUNTINGUNITTYPESCTXAC=[ADMIN], ECONOMICINDICATORMOVEMENTSCTXAC=[ADMIN], REPORTPRINTCTXRE=[ADMIN], QUERYCONFIGCTXTRE=[ADMIN], ANALYSISTYPECTXRE=[ADMIN], QUERYCONFIGCTXPAU=[ADMIN], QUERYCONFIGCTXPRE=[ADMIN], QUERYCONFIGCTXREU=[ADMIN], QUERYCONFIGCTXEPE=[ADMIN], RANGESOFVALUESCTXAC=[ADMIN], QUERYCONFIG=[ADMIN], TIMESHEETCTXPR=[ADMIN], ANALYSISTYPECTXCG=[ADMIN], TIMESHEET=[ADMIN], TYPOLOGYRELATIONSHIPSOBJECTIVESCTXWE=[ADMIN], ANALYSISTYPECTXCO=[ADMIN], ANALYSISTYPECTXBS=[ADMIN], QUERYCONFIGCTXBAE=[ADMIN], SUBSYSTEMCTXBA=[ADMIN], REQUESTFROMINTERESTEDPARTIESCTXGD=[ADMIN], ANALYSISCTXPR=[ADMIN], DETECTIONTYPECTXAC=[ADMIN], INDICATORSCTXAC=[ADMIN], INDICATORMOVEMENTSCTXAC=[ADMIN], ANALYSISTYPECTXDI=[ADMIN], REPORTPRINTCTXPR=[ADMIN], QUERYCONFIGCTXORU=[ADMIN], TIMESHEETCTXOR=[ADMIN], ANALYSISCTXPA=[ADMIN], ATTACHMENTSOBJECTIVESCTXWE=[ADMIN], UOM=[ADMIN], INTERFACCIAMENTODATI=[ADMIN], TIPOLOGIEPERIODICTXAC=[ADMIN], QUERYCONFIGCTXORE=[ADMIN], RESERVEDINDICATORSCTXAC=[ADMIN], NATUREUNITCONTEXTRCTXAC=[ADMIN], ANALYSISTYPECTXTR=[ADMIN], ANALYSISCTXOR=[ADMIN]}
INFO  2026-04-07 01:00:02.490 i.m.g.m.d.ContentAndAttributesDao:getValidMenu [http-nio-8081-exec-3] - getValidMenu
INFO  2026-04-07 01:00:02.708 i.m.g.m.d.ContentAndAttributesDao:getValidMenu [http-nio-8081-exec-3] - size = 102
INFO  2026-04-07 01:00:02.711 i.m.g.m.d.ContentAndAttributesDao:getFolderMenu [http-nio-8081-exec-3] - getFolderMenu
INFO  2026-04-07 01:00:02.758 i.m.g.m.d.ContentAndAttributesDao:getFolderMenu [http-nio-8081-exec-3] - size = 66
INFO  2026-04-07 01:00:02.802 i.m.g.m.d.UserLoginDao:getUserLogin [http-nio-8081-exec-8] - getUserLogin
INFO  2026-04-07 01:00:02.807 i.m.g.m.d.UserLoginDao:getUserLogin [http-nio-8081-exec-8] - size 1
DEBUG 2026-04-07 01:00:02.809 i.m.g.s.JwtTokenFilter:doFilter [http-nio-8081-exec-8] - Token valid for user: developer
INFO  2026-04-07 01:00:02.911 i.m.g.m.d.UserLoginDao:getUserLogin [http-nio-8081-exec-1] - getUserLogin
INFO  2026-04-07 01:00:02.918 i.m.g.m.d.UserLoginDao:getUserLogin [http-nio-8081-exec-1] - size 1
DEBUG 2026-04-07 01:00:02.923 i.m.g.s.JwtTokenFilter:doFilter [http-nio-8081-exec-1] - Token valid for user: developer
INFO  2026-04-07 01:00:02.925 i.m.g.m.d.UserLoginSecurityGroupDao:getDefaultPortalPage [http-nio-8081-exec-1] - getDefaultPortalPage
INFO  2026-04-07 01:00:02.928 i.m.g.m.d.UserLoginSecurityGroupDao:getDefaultPortalPage [http-nio-8081-exec-1] - size 0
INFO  2026-04-07 01:00:02.933 i.m.g.m.d.UserLoginDao:getUserLogin [http-nio-8081-exec-7] - getUserLogin
INFO  2026-04-07 01:00:02.935 i.m.g.m.d.UserLoginDao:getUserLogin [http-nio-8081-exec-7] - size 1
DEBUG 2026-04-07 01:00:02.936 i.m.g.s.JwtTokenFilter:doFilter [http-nio-8081-exec-7] - Token valid for user: developer
INFO  2026-04-07 01:00:02.942 i.m.g.m.d.UserLoginDao:getUserLogin [http-nio-8081-exec-2] - getUserLogin
INFO  2026-04-07 01:00:02.946 i.m.g.m.d.UserLoginDao:getUserLogin [http-nio-8081-exec-2] - size 1
DEBUG 2026-04-07 01:00:02.947 i.m.g.s.JwtTokenFilter:doFilter [http-nio-8081-exec-2] - Token valid for user: developer
INFO  2026-04-07 01:00:03.091 i.m.g.s.NodeService:stream [http-nio-8081-exec-10] - stream default imagePath: /lmm/images/gzoom_logo.jpg
INFO  2026-04-07 01:00:03.095 i.m.g.m.d.PartyContentDao:getPartyContent [http-nio-8081-exec-10] - getPartyContent
INFO  2026-04-07 01:00:03.098 i.m.g.m.d.PartyContentDao:getPartyContent [http-nio-8081-exec-10] - size = 0
INFO  2026-04-07 01:00:03.248 i.m.g.m.d.UserLoginDao:getUserLogin [http-nio-8081-exec-4] - getUserLogin
INFO  2026-04-07 01:00:03.268 i.m.g.m.d.UserLoginDao:getUserLogin [http-nio-8081-exec-4] - size 1
DEBUG 2026-04-07 01:00:03.285 i.m.g.s.JwtTokenFilter:doFilter [http-nio-8081-exec-4] - Token valid for user: developer
INFO  2026-04-07 01:00:03.287 i.m.g.m.d.UserLoginDao:getUserLogin [http-nio-8081-exec-5] - getUserLogin
INFO  2026-04-07 01:00:03.288 i.m.g.m.d.UserLoginDao:getUserLogin [http-nio-8081-exec-8] - getUserLogin
INFO  2026-04-07 01:00:03.299 i.m.g.m.d.UserLoginDao:getUserLogin [http-nio-8081-exec-9] - getUserLogin
INFO  2026-04-07 01:00:03.307 i.m.g.u.Manifests:getProductInfo [http-nio-8081-exec-7] - getProductInfo2.5.0rc1
INFO  2026-04-07 01:00:03.308 i.m.g.m.d.UserLoginDao:getUserLogin [http-nio-8081-exec-2] - getUserLogin
INFO  2026-04-07 01:00:03.314 i.m.g.m.d.UserLoginDao:getUserLogin [http-nio-8081-exec-8] - size 1
ERROR 2026-04-07 01:00:03.317 i.m.g.u.Manifests:initProductDate [http-nio-8081-exec-7] - Invalid product date format in MANIFEST.MF
INFO  2026-04-07 01:00:03.318 i.m.g.u.Manifests:getProductInfo [http-nio-8081-exec-7] - getProductInfoTue Apr 07 01:00:03 CEST 2026
INFO  2026-04-07 01:00:03.324 i.m.g.m.d.UserLoginDao:getUserLogin [http-nio-8081-exec-9] - size 1
INFO  2026-04-07 01:00:03.331 i.m.g.m.d.UserLoginDao:getUserLogin [http-nio-8081-exec-5] - size 1
DEBUG 2026-04-07 01:00:03.331 i.m.g.s.JwtTokenFilter:doFilter [http-nio-8081-exec-9] - Token valid for user: developer
INFO  2026-04-07 01:00:03.330 i.m.g.m.d.UserLoginDao:getUserLogin [http-nio-8081-exec-2] - size 1
DEBUG 2026-04-07 01:00:03.335 i.m.g.s.JwtTokenFilter:doFilter [http-nio-8081-exec-5] - Token valid for user: developer
INFO  2026-04-07 01:00:03.337 i.m.g.m.d.UserPreferenceDaoMB:getUserPreference [http-nio-8081-exec-9] - find userPreference by id
DEBUG 2026-04-07 01:00:03.338 i.m.g.s.JwtTokenFilter:doFilter [http-nio-8081-exec-2] - Token valid for user: developer
INFO  2026-04-07 01:00:03.341 i.m.g.m.d.UserLoginDao:getUserLogin [http-nio-8081-exec-5] - getUserLogin
INFO  2026-04-07 01:00:03.346 i.m.g.m.d.UserPreferenceDaoMB:getUserPreference [http-nio-8081-exec-9] - UserPreference = true
INFO  2026-04-07 01:00:03.347 i.m.g.m.d.UserLoginDao:getUserLogin [http-nio-8081-exec-5] - size 1
DEBUG 2026-04-07 01:00:03.347 i.m.g.s.JwtTokenFilter:doFilter [http-nio-8081-exec-8] - Token valid for user: developer
INFO  2026-04-07 01:00:03.348 i.m.g.m.d.UserPreferenceDaoMB:getUserPreference [http-nio-8081-exec-9] - find userPreference by id
INFO  2026-04-07 01:00:03.351 i.m.g.m.d.UserPreferenceDaoMB:getUserPreference [http-nio-8081-exec-9] - UserPreference = false
INFO  2026-04-07 01:00:03.358 i.m.g.m.d.UserLoginValidPartyRoleDao:getUserLoginValidPartyRoleList [http-nio-8081-exec-8] - getUserLoginValidPartyRoleList
INFO  2026-04-07 01:00:03.365 i.m.g.m.d.UserLoginValidPartyRoleDao:getUserLoginValidPartyRoleList [http-nio-8081-exec-8] - size 0
INFO  2026-04-07 01:00:58.290 i.m.g.s.JwtLogoutFilter:doFilter [http-nio-8081-exec-6] - Logged out user: developer
ERROR 2026-04-07 01:00:58.483 i.m.g.s.c.AuthController:getLoginMethod [http-nio-8081-exec-1] - no oneLoginSSOEnabledPropertyName and keycloakLoginEnabledPropertyName configuration found
INFO  2026-04-07 01:00:58.663 i.m.g.m.d.PartyNoteDao:getPartyNote [http-nio-8081-exec-4] - getPartyNote
INFO  2026-04-07 01:00:58.665 i.m.g.m.d.PartyNoteDao:getPartyNote [http-nio-8081-exec-4] - size = 0
INFO  2026-04-07 01:00:58.684 i.m.g.m.d.PartyNoteDao:getPartyNote [http-nio-8081-exec-2] - getPartyNote
INFO  2026-04-07 01:00:58.686 i.m.g.m.d.PartyNoteDao:getPartyNote [http-nio-8081-exec-2] - size = 0
INFO  2026-04-07 01:00:58.804 i.m.g.s.NodeService:stream [http-nio-8081-exec-9] - stream default imagePath: /lmm/images/gzoom_logo_login.jpg
INFO  2026-04-07 01:00:58.806 i.m.g.m.d.PartyContentDao:getPartyContent [http-nio-8081-exec-9] - getPartyContent
INFO  2026-04-07 01:00:58.813 i.m.g.m.d.PartyContentDao:getPartyContent [http-nio-8081-exec-9] - size = 0
INFO  2026-04-07 01:00:58.872 i.m.g.m.d.UserPreferenceDaoMB:getUserPreference [http-nio-8081-exec-10] - find userPreference by id
INFO  2026-04-07 01:00:58.874 i.m.g.m.d.UserPreferenceDaoMB:getUserPreference [http-nio-8081-exec-10] - UserPreference = true
INFO  2026-04-07 01:00:58.896 i.m.g.m.d.NoteDataDao:getNoteDataByPrefValue [http-nio-8081-exec-8] - find note data by prefValue
INFO  2026-04-07 01:00:58.897 i.m.g.m.d.NoteDataDao:getNoteDataByPrefValue [http-nio-8081-exec-8] - size = null
INFO  2026-04-07 01:01:08.242 i.m.g.m.d.UserLoginDao:getUserLogin [http-nio-8081-exec-3] - getUserLogin
INFO  2026-04-07 01:01:08.245 i.m.g.m.d.UserLoginDao:getUserLogin [http-nio-8081-exec-3] - size 1
INFO  2026-04-07 01:01:08.304 i.m.g.m.d.UserLoginDao:getUserLogin [http-nio-8081-exec-6] - getUserLogin
INFO  2026-04-07 01:01:08.307 i.m.g.m.d.UserLoginDao:getUserLogin [http-nio-8081-exec-6] - size 1
INFO  2026-04-07 01:01:08.389 i.m.g.m.d.UserPreferenceDaoMB:getUserPreference [http-nio-8081-exec-6] - find userPreference by id
INFO  2026-04-07 01:01:08.390 i.m.g.m.d.UserPreferenceDaoMB:getUserPreference [http-nio-8081-exec-6] - UserPreference = true
INFO  2026-04-07 01:01:08.391 i.m.g.s.JwtLoginFilter:successfulAuthentication [http-nio-8081-exec-6] - Successfully authenticated user: developer
INFO  2026-04-07 01:01:08.582 i.m.g.m.d.UserLoginDao:getUserLogin [http-nio-8081-exec-1] - getUserLogin
INFO  2026-04-07 01:01:08.583 i.m.g.m.d.UserLoginDao:getUserLogin [http-nio-8081-exec-4] - getUserLogin
INFO  2026-04-07 01:01:08.584 i.m.g.m.d.UserLoginDao:getUserLogin [http-nio-8081-exec-1] - size 1
DEBUG 2026-04-07 01:01:08.584 i.m.g.s.JwtTokenFilter:doFilter [http-nio-8081-exec-1] - Token valid for user: developer
INFO  2026-04-07 01:01:08.585 i.m.g.m.d.UserLoginDao:getUserLogin [http-nio-8081-exec-4] - size 1
INFO  2026-04-07 01:01:08.586 i.m.g.m.d.UserCtxPermissionViewDao:selectByUserLoginId [http-nio-8081-exec-1] - get UserCtxPermissionView by userLoginId
INFO  2026-04-07 01:01:08.587 i.m.g.m.d.UserLoginDao:getUserLogin [http-nio-8081-exec-2] - getUserLogin
DEBUG 2026-04-07 01:01:08.588 i.m.g.s.JwtTokenFilter:doFilter [http-nio-8081-exec-4] - Token valid for user: developer
INFO  2026-04-07 01:01:08.590 i.m.g.m.d.UserLoginDao:getUserLogin [http-nio-8081-exec-4] - getUserLogin
INFO  2026-04-07 01:01:08.592 i.m.g.m.d.UserCtxPermissionViewDao:selectByUserLoginId [http-nio-8081-exec-1] - size = 4
INFO  2026-04-07 01:01:08.593 i.m.g.m.d.UserLoginDao:getUserLogin [http-nio-8081-exec-4] - size 1
INFO  2026-04-07 01:01:08.593 i.m.g.m.d.UserLoginDao:getUserLogin [http-nio-8081-exec-4] - getUserLogin
INFO  2026-04-07 01:01:08.595 i.m.g.m.d.UserLoginDao:getUserLogin [http-nio-8081-exec-4] - size 1
INFO  2026-04-07 01:01:08.596 i.m.g.m.d.UserLoginDao:getUserLogin [http-nio-8081-exec-2] - size 1
DEBUG 2026-04-07 01:01:08.599 i.m.g.s.JwtTokenFilter:doFilter [http-nio-8081-exec-2] - Token valid for user: developer
INFO  2026-04-07 01:01:08.601 i.m.g.m.d.PartyNoteDao:getPartyNote [http-nio-8081-exec-7] - getPartyNote
INFO  2026-04-07 01:01:08.601 i.m.g.m.d.SecurityPermissionDao:getPermission [http-nio-8081-exec-2] - getPermission
INFO  2026-04-07 01:01:08.602 i.m.g.m.d.UserLoginDao:getUserLogin [http-nio-8081-exec-5] - getUserLogin
INFO  2026-04-07 01:01:08.609 i.m.g.m.d.PartyNoteDao:getPartyNote [http-nio-8081-exec-7] - size = 0
INFO  2026-04-07 01:01:08.605 i.m.g.m.d.UserLoginDao:getUserLogin [http-nio-8081-exec-5] - size 1
DEBUG 2026-04-07 01:01:08.611 i.m.g.s.JwtTokenFilter:doFilter [http-nio-8081-exec-5] - Token valid for user: developer
INFO  2026-04-07 01:01:08.614 i.m.g.m.d.UserPreferenceDaoMB:getUserPreference [http-nio-8081-exec-5] - find userPreference by id
INFO  2026-04-07 01:01:08.615 i.m.g.m.d.UserPreferenceDaoMB:getUserPreference [http-nio-8081-exec-5] - UserPreference = false
INFO  2026-04-07 01:01:08.616 i.m.g.m.d.UserPreferenceDaoMB:getUserPreference [http-nio-8081-exec-5] - find userPreference by id
INFO  2026-04-07 01:01:08.617 i.m.g.m.d.UserPreferenceDaoMB:getUserPreference [http-nio-8081-exec-5] - UserPreference = false
INFO  2026-04-07 01:01:08.621 i.m.g.m.d.SecurityPermissionDao:getPermission [http-nio-8081-exec-2] - size = 107
INFO  2026-04-07 01:01:08.628 i.m.g.s.MenuService:getMenu [http-nio-8081-exec-2] - mappa2 {TYPESATTACHMENTSOBJECTIVESCTXWE=[ADMIN], REPORTPRINTCTXOR=[ADMIN], UOMTYPE=[ADMIN], REPORTPRINTCTXPA=[ADMIN], ANALYSISCTXBS=[ADMIN], SECURITYGROUPSCTXBA=[ADMIN], ANALYSISTYPECTXEP=[ADMIN], QUERYCONFIGCTXBSU=[ADMIN], APPROVALPATHSCTXBA=[ADMIN], REPORTPRINTCTXGD=[ADMIN], CONSULTINGLOGCTXBA=[ADMIN], QUERYCONFIGCTXGDU=[ADMIN], NOTESOBJECTIVESCTXWE=[ADMIN], WORKEFFORTCTXWE=[ADMIN], QUERYCONFIGCTXBSE=[ADMIN], QUERYCONFIGURATIONCTXWE=[ADMIN], ECONOMICINDICATORSCTXAC=[ADMIN], ANALYSISTYPECTXWE=[ADMIN], ANALYSISCTXRE=[ADMIN], QUERYCONFIGCTXEPU=[ADMIN], QUERYCONFIGCTXGDE=[ADMIN], SUBSYSTEMTYPESCTXBA=[ADMIN], PURPOSECTXAC=[ADMIN], ANALYSISCTXDI=[ADMIN], RELATIONSHIPSOBJECTIVESCTXWE=[ADMIN], EXTRAACCOUNTINGUNITTYPESCTXAC=[ADMIN], ANALYSISTYPECTXOR=[ADMIN], FINANCIALINDICATORSCTXAC=[ADMIN], QUERYCONFIGCTXPAE=[ADMIN], QUERYCONFIGCTXREE=[ADMIN], SUBJECTSOBJECTIVESCTXWE=[ADMIN], QUERYCONFIGCTXCGU=[ADMIN], REPORTPRINTCTXEP=[ADMIN], QUERYCONFIGCTXDIU=[ADMIN], QUERYCONFIGCTXPYU=[ADMIN], QUERYCONFIGCTXCOU=[ADMIN], EXTRACTQUERYCONFIGURATIONCTXWE=[ADMIN], CUSTOM=[ADMIN], QUERYCONFIGCTXACE=[ADMIN], ANALYSISCTXTR=[ADMIN], RESERVEDINDICATORMOVEMENTSCTXAC=[ADMIN], QUERYCONFIGCTXCGE=[ADMIN], QUERYCONFIGCTXDIE=[ADMIN], ANALYSISTYPECTXGD=[ADMIN], QUERYCONFIGCTXPYE=[ADMIN], ANALYSISTYPECTXPR=[ADMIN], QUERYCONFIGCTXCOE=[ADMIN], REPORTPRINTCTXDI=[ADMIN], FINANCIALACCOUNTINGUNITTYPESCTXAC=[ADMIN], ANALYSISCTXCO=[ADMIN], MEASURESOBJECTIVESCTXWE=[ADMIN], ANALYSISTYPECTXPA=[ADMIN], REPORTPRINTCTXTR=[ADMIN], TYPOLOGIESROLESSUBJECTSCTXPY=[ADMIN], SCHEDULERCTXBA=[ADMIN], ANALYSISCTXCG=[ADMIN], OBJECTIVECODESCTXWE=[ADMIN], QUERYCONFIGCTXCAU=[ADMIN], CALCULATIONFORMULASCTXAC=[ADMIN], REPORTPRINTCTXCG=[ADMIN], FINANCIALINDICATORMOVEMENTSCTXAC=[ADMIN], REPORTPRINTCTXCO=[ADMIN], ECONOMICSPOSITIONSCTXPY=[ADMIN], TYPESRELATIONSHIPSBETWEENSUBJECTSCTXPY=[ADMIN], QUERYCONFIGCTXTRU=[ADMIN], ANALYSISCTXEP=[ADMIN], PERIODSCTXAC=[ADMIN], QUERYCONFIGCTXPRU=[ADMIN], REPORTPRINTCTXBS=[ADMIN], ECONPATRACCOUNTINGUNITTYPESCTXAC=[ADMIN], ECONOMICINDICATORMOVEMENTSCTXAC=[ADMIN], REPORTPRINTCTXRE=[ADMIN], QUERYCONFIGCTXTRE=[ADMIN], ANALYSISTYPECTXRE=[ADMIN], QUERYCONFIGCTXPAU=[ADMIN], QUERYCONFIGCTXPRE=[ADMIN], QUERYCONFIGCTXREU=[ADMIN], QUERYCONFIGCTXEPE=[ADMIN], RANGESOFVALUESCTXAC=[ADMIN], QUERYCONFIG=[ADMIN], TIMESHEETCTXPR=[ADMIN], ANALYSISTYPECTXCG=[ADMIN], TIMESHEET=[ADMIN], TYPOLOGYRELATIONSHIPSOBJECTIVESCTXWE=[ADMIN], ANALYSISTYPECTXCO=[ADMIN], ANALYSISTYPECTXBS=[ADMIN], QUERYCONFIGCTXBAE=[ADMIN], SUBSYSTEMCTXBA=[ADMIN], REQUESTFROMINTERESTEDPARTIESCTXGD=[ADMIN], ANALYSISCTXPR=[ADMIN], DETECTIONTYPECTXAC=[ADMIN], INDICATORSCTXAC=[ADMIN], INDICATORMOVEMENTSCTXAC=[ADMIN], ANALYSISTYPECTXDI=[ADMIN], REPORTPRINTCTXPR=[ADMIN], QUERYCONFIGCTXORU=[ADMIN], TIMESHEETCTXOR=[ADMIN], ANALYSISCTXPA=[ADMIN], ATTACHMENTSOBJECTIVESCTXWE=[ADMIN], UOM=[ADMIN], INTERFACCIAMENTODATI=[ADMIN], TIPOLOGIEPERIODICTXAC=[ADMIN], QUERYCONFIGCTXORE=[ADMIN], RESERVEDINDICATORSCTXAC=[ADMIN], NATUREUNITCONTEXTRCTXAC=[ADMIN], ANALYSISTYPECTXTR=[ADMIN], ANALYSISCTXOR=[ADMIN]}
INFO  2026-04-07 01:01:08.629 i.m.g.m.d.ContentAndAttributesDao:getValidMenu [http-nio-8081-exec-2] - getValidMenu
INFO  2026-04-07 01:01:08.730 i.m.g.m.d.ContentAndAttributesDao:getValidMenu [http-nio-8081-exec-2] - size = 102
INFO  2026-04-07 01:01:08.731 i.m.g.m.d.ContentAndAttributesDao:getFolderMenu [http-nio-8081-exec-2] - getFolderMenu
INFO  2026-04-07 01:01:08.768 i.m.g.m.d.ContentAndAttributesDao:getFolderMenu [http-nio-8081-exec-2] - size = 66
INFO  2026-04-07 01:01:08.847 i.m.g.m.d.UserLoginDao:getUserLogin [http-nio-8081-exec-3] - getUserLogin
INFO  2026-04-07 01:01:08.850 i.m.g.m.d.UserLoginDao:getUserLogin [http-nio-8081-exec-1] - getUserLogin
INFO  2026-04-07 01:01:08.851 i.m.g.m.d.UserLoginDao:getUserLogin [http-nio-8081-exec-3] - size 1
DEBUG 2026-04-07 01:01:08.853 i.m.g.s.JwtTokenFilter:doFilter [http-nio-8081-exec-3] - Token valid for user: developer
INFO  2026-04-07 01:01:08.854 i.m.g.m.d.UserLoginDao:getUserLogin [http-nio-8081-exec-1] - size 1
DEBUG 2026-04-07 01:01:08.857 i.m.g.s.JwtTokenFilter:doFilter [http-nio-8081-exec-1] - Token valid for user: developer
INFO  2026-04-07 01:01:08.859 i.m.g.m.d.UserLoginSecurityGroupDao:getDefaultPortalPage [http-nio-8081-exec-1] - getDefaultPortalPage
INFO  2026-04-07 01:01:08.862 i.m.g.m.d.UserLoginSecurityGroupDao:getDefaultPortalPage [http-nio-8081-exec-1] - size 0
INFO  2026-04-07 01:01:08.866 i.m.g.m.d.UserLoginDao:getUserLogin [http-nio-8081-exec-7] - getUserLogin
INFO  2026-04-07 01:01:08.868 i.m.g.m.d.UserLoginDao:getUserLogin [http-nio-8081-exec-4] - getUserLogin
INFO  2026-04-07 01:01:08.872 i.m.g.m.d.UserLoginDao:getUserLogin [http-nio-8081-exec-7] - size 1
INFO  2026-04-07 01:01:08.872 i.m.g.m.d.UserLoginDao:getUserLogin [http-nio-8081-exec-4] - size 1
DEBUG 2026-04-07 01:01:08.874 i.m.g.s.JwtTokenFilter:doFilter [http-nio-8081-exec-7] - Token valid for user: developer
DEBUG 2026-04-07 01:01:08.875 i.m.g.s.JwtTokenFilter:doFilter [http-nio-8081-exec-4] - Token valid for user: developer
INFO  2026-04-07 01:01:09.117 i.m.g.m.d.UserLoginDao:getUserLogin [http-nio-8081-exec-8] - getUserLogin
INFO  2026-04-07 01:01:09.120 i.m.g.m.d.UserLoginDao:getUserLogin [http-nio-8081-exec-8] - size 1
DEBUG 2026-04-07 01:01:09.121 i.m.g.s.JwtTokenFilter:doFilter [http-nio-8081-exec-8] - Token valid for user: developer
INFO  2026-04-07 01:01:09.123 i.m.g.m.d.UserPreferenceDaoMB:getUserPreference [http-nio-8081-exec-8] - find userPreference by id
INFO  2026-04-07 01:01:09.124 i.m.g.m.d.UserPreferenceDaoMB:getUserPreference [http-nio-8081-exec-8] - UserPreference = true
INFO  2026-04-07 01:01:09.125 i.m.g.m.d.UserPreferenceDaoMB:getUserPreference [http-nio-8081-exec-8] - find userPreference by id
INFO  2026-04-07 01:01:09.126 i.m.g.m.d.UserPreferenceDaoMB:getUserPreference [http-nio-8081-exec-8] - UserPreference = false
INFO  2026-04-07 01:01:09.160 i.m.g.m.d.UserLoginDao:getUserLogin [http-nio-8081-exec-6] - getUserLogin
INFO  2026-04-07 01:01:09.163 i.m.g.m.d.UserLoginDao:getUserLogin [http-nio-8081-exec-6] - size 1
DEBUG 2026-04-07 01:01:09.164 i.m.g.s.JwtTokenFilter:doFilter [http-nio-8081-exec-6] - Token valid for user: developer
INFO  2026-04-07 01:01:09.167 i.m.g.m.d.UserLoginValidPartyRoleDao:getUserLoginValidPartyRoleList [http-nio-8081-exec-6] - getUserLoginValidPartyRoleList
INFO  2026-04-07 01:01:09.169 i.m.g.m.d.UserLoginValidPartyRoleDao:getUserLoginValidPartyRoleList [http-nio-8081-exec-6] - size 0
INFO  2026-04-07 01:01:09.178 i.m.g.m.d.UserLoginDao:getUserLogin [http-nio-8081-exec-3] - getUserLogin
INFO  2026-04-07 01:01:09.180 i.m.g.m.d.UserLoginDao:getUserLogin [http-nio-8081-exec-3] - size 1
INFO  2026-04-07 01:01:09.179 i.m.g.u.Manifests:getProductInfo [http-nio-8081-exec-7] - getProductInfo2.5.0rc1
DEBUG 2026-04-07 01:01:09.183 i.m.g.s.JwtTokenFilter:doFilter [http-nio-8081-exec-3] - Token valid for user: developer
ERROR 2026-04-07 01:01:09.184 i.m.g.u.Manifests:initProductDate [http-nio-8081-exec-7] - Invalid product date format in MANIFEST.MF
INFO  2026-04-07 01:01:09.183 i.m.g.m.d.UserLoginDao:getUserLogin [http-nio-8081-exec-4] - getUserLogin
INFO  2026-04-07 01:01:09.184 i.m.g.u.Manifests:getProductInfo [http-nio-8081-exec-7] - getProductInfoTue Apr 07 01:01:09 CEST 2026
INFO  2026-04-07 01:01:09.188 i.m.g.m.d.UserLoginDao:getUserLogin [http-nio-8081-exec-4] - size 1
DEBUG 2026-04-07 01:01:09.190 i.m.g.s.JwtTokenFilter:doFilter [http-nio-8081-exec-4] - Token valid for user: developer
INFO  2026-04-07 01:01:09.194 i.m.g.m.d.UserLoginDao:getUserLogin [http-nio-8081-exec-4] - getUserLogin
INFO  2026-04-07 01:01:09.197 i.m.g.m.d.UserLoginDao:getUserLogin [http-nio-8081-exec-4] - size 1
INFO  2026-04-07 01:01:09.230 i.m.g.m.d.UserLoginDao:getUserLogin [http-nio-8081-exec-5] - getUserLogin
INFO  2026-04-07 01:01:09.231 i.m.g.m.d.UserLoginDao:getUserLogin [http-nio-8081-exec-5] - size 1
DEBUG 2026-04-07 01:01:09.232 i.m.g.s.JwtTokenFilter:doFilter [http-nio-8081-exec-5] - Token valid for user: developer
ERROR 2026-04-07 01:02:49.876 i.m.g.s.JwtService:validateImpl [http-nio-8081-exec-9] - Invalid authentication token: {}
org.jose4j.jwt.consumer.InvalidJwtException: JWT processing failed. Additional details: [[17] Unable to process JOSE object (cause: org.jose4j.lang.JoseException: Invalid JOSE Compact Serialization. Expecting either 3 or 5 parts for JWS or JWE respectively but was 1.): <TOKEN>]
	at org.jose4j.jwt.consumer.JwtConsumer.process(JwtConsumer.java:406)
	at org.jose4j.jwt.consumer.JwtConsumer.processToClaims(JwtConsumer.java:171)
	at it.mapsgroup.gzoom.security.JwtService.validateImpl(JwtService.java:144)
	at it.mapsgroup.gzoom.security.JwtService.validate(JwtService.java:122)
	at it.mapsgroup.gzoom.security.JwtTokenAuthenticationProvider.authenticate(JwtTokenAuthenticationProvider.java:80)
	at org.springframework.security.authentication.ProviderManager.authenticate(ProviderManager.java:182)
	at it.mapsgroup.gzoom.security.JwtTokenFilter.doFilter(JwtTokenFilter.java:80)
	at it.mapsgroup.gzoom.DelegateRequestMatchingFilter.doFilter(DelegateRequestMatchingFilter.java:31)
	at org.springframework.security.web.ObservationFilterChainDecorator$ObservationFilter.wrapFilter(ObservationFilterChainDecorator.java:240)
	at org.springframework.security.web.ObservationFilterChainDecorator$ObservationFilter.doFilter(ObservationFilterChainDecorator.java:227)
	at org.springframework.security.web.ObservationFilterChainDecorator$VirtualFilterChain.doFilter(ObservationFilterChainDecorator.java:137)
	at it.mapsgroup.gzoom.security.JwtChangePasswordFilter.doFilter(JwtChangePasswordFilter.java:248)
	at org.springframework.security.web.ObservationFilterChainDecorator$ObservationFilter.wrapFilter(ObservationFilterChainDecorator.java:240)
	at org.springframework.security.web.ObservationFilterChainDecorator$ObservationFilter.doFilter(ObservationFilterChainDecorator.java:227)
	at org.springframework.security.web.ObservationFilterChainDecorator$VirtualFilterChain.doFilter(ObservationFilterChainDecorator.java:137)
	at it.mapsgroup.gzoom.security.JwtLogoutFilter.doFilter(JwtLogoutFilter.java:127)
	at org.springframework.security.web.ObservationFilterChainDecorator$ObservationFilter.wrapFilter(ObservationFilterChainDecorator.java:240)
	at org.springframework.security.web.ObservationFilterChainDecorator$ObservationFilter.doFilter(ObservationFilterChainDecorator.java:227)
	at org.springframework.security.web.ObservationFilterChainDecorator$VirtualFilterChain.doFilter(ObservationFilterChainDecorator.java:137)
	at org.springframework.security.web.header.HeaderWriterFilter.doHeadersAfter(HeaderWriterFilter.java:90)
	at org.springframework.security.web.header.HeaderWriterFilter.doFilterInternal(HeaderWriterFilter.java:75)
	at org.springframework.web.filter.OncePerRequestFilter.doFilter(OncePerRequestFilter.java:116)
	at org.springframework.security.web.ObservationFilterChainDecorator$ObservationFilter.wrapFilter(ObservationFilterChainDecorator.java:240)
	at org.springframework.security.web.ObservationFilterChainDecorator$ObservationFilter.doFilter(ObservationFilterChainDecorator.java:227)
	at org.springframework.security.web.ObservationFilterChainDecorator$VirtualFilterChain.doFilter(ObservationFilterChainDecorator.java:137)
	at org.springframework.security.web.context.SecurityContextHolderFilter.doFilter(SecurityContextHolderFilter.java:82)
	at org.springframework.security.web.context.SecurityContextHolderFilter.doFilter(SecurityContextHolderFilter.java:69)
	at org.springframework.security.web.ObservationFilterChainDecorator$ObservationFilter.wrapFilter(ObservationFilterChainDecorator.java:240)
	at org.springframework.security.web.ObservationFilterChainDecorator$ObservationFilter.doFilter(ObservationFilterChainDecorator.java:227)
	at org.springframework.security.web.ObservationFilterChainDecorator$VirtualFilterChain.doFilter(ObservationFilterChainDecorator.java:137)
	at org.springframework.security.web.context.request.async.WebAsyncManagerIntegrationFilter.doFilterInternal(WebAsyncManagerIntegrationFilter.java:62)
	at org.springframework.web.filter.OncePerRequestFilter.doFilter(OncePerRequestFilter.java:116)
	at org.springframework.security.web.ObservationFilterChainDecorator$ObservationFilter.wrapFilter(ObservationFilterChainDecorator.java:240)
	at org.springframework.security.web.ObservationFilterChainDecorator$ObservationFilter.doFilter(ObservationFilterChainDecorator.java:227)
	at org.springframework.security.web.ObservationFilterChainDecorator$VirtualFilterChain.doFilter(ObservationFilterChainDecorator.java:137)
	at org.springframework.security.web.session.DisableEncodeUrlFilter.doFilterInternal(DisableEncodeUrlFilter.java:42)
	at org.springframework.web.filter.OncePerRequestFilter.doFilter(OncePerRequestFilter.java:116)
	at org.springframework.security.web.ObservationFilterChainDecorator$ObservationFilter.wrapFilter(ObservationFilterChainDecorator.java:240)
	at org.springframework.security.web.ObservationFilterChainDecorator$AroundFilterObservation$SimpleAroundFilterObservation.lambda$wrap$0(ObservationFilterChainDecorator.java:323)
	at org.springframework.security.web.ObservationFilterChainDecorator$ObservationFilter.doFilter(ObservationFilterChainDecorator.java:224)
	at org.springframework.security.web.ObservationFilterChainDecorator$VirtualFilterChain.doFilter(ObservationFilterChainDecorator.java:137)
	at org.springframework.security.web.FilterChainProxy.doFilterInternal(FilterChainProxy.java:233)
	at org.springframework.security.web.FilterChainProxy.doFilter(FilterChainProxy.java:191)
	at org.springframework.web.filter.CompositeFilter$VirtualFilterChain.doFilter(CompositeFilter.java:113)
	at org.springframework.web.filter.ServletRequestPathFilter.doFilter(ServletRequestPathFilter.java:52)
	at org.springframework.web.filter.CompositeFilter$VirtualFilterChain.doFilter(CompositeFilter.java:113)
	at org.springframework.web.filter.CompositeFilter.doFilter(CompositeFilter.java:74)
	at org.springframework.security.config.annotation.web.configuration.WebSecurityConfiguration$CompositeFilterChainProxy.doFilter(WebSecurityConfiguration.java:319)
	at org.springframework.web.filter.CompositeFilter$VirtualFilterChain.doFilter(CompositeFilter.java:113)
	at org.springframework.web.servlet.handler.HandlerMappingIntrospector.lambda$createCacheFilter$4(HandlerMappingIntrospector.java:267)
	at org.springframework.web.filter.CompositeFilter$VirtualFilterChain.doFilter(CompositeFilter.java:113)
	at org.springframework.web.filter.CompositeFilter.doFilter(CompositeFilter.java:74)
	at org.springframework.security.config.annotation.web.configuration.WebMvcSecurityConfiguration$CompositeFilterChainProxy.doFilter(WebMvcSecurityConfiguration.java:240)
	at org.apache.catalina.core.ApplicationFilterChain.internalDoFilter(ApplicationFilterChain.java:164)
	at org.apache.catalina.core.ApplicationFilterChain.doFilter(ApplicationFilterChain.java:140)
	at org.springframework.web.filter.ServerHttpObservationFilter.doFilterInternal(ServerHttpObservationFilter.java:114)
	at org.springframework.web.filter.OncePerRequestFilter.doFilter(OncePerRequestFilter.java:116)
	at org.apache.catalina.core.ApplicationFilterChain.internalDoFilter(ApplicationFilterChain.java:164)
	at org.apache.catalina.core.ApplicationFilterChain.doFilter(ApplicationFilterChain.java:140)
	at org.springframework.web.filter.CharacterEncodingFilter.doFilterInternal(CharacterEncodingFilter.java:201)
	at org.springframework.web.filter.OncePerRequestFilter.doFilter(OncePerRequestFilter.java:116)
	at org.apache.catalina.core.ApplicationFilterChain.internalDoFilter(ApplicationFilterChain.java:164)
	at org.apache.catalina.core.ApplicationFilterChain.doFilter(ApplicationFilterChain.java:140)
	at org.apache.catalina.core.StandardWrapperValve.invoke(StandardWrapperValve.java:167)
	at org.apache.catalina.core.StandardContextValve.invoke(StandardContextValve.java:90)
	at org.apache.catalina.authenticator.AuthenticatorBase.invoke(AuthenticatorBase.java:483)
	at org.apache.catalina.core.StandardHostValve.invoke(StandardHostValve.java:116)
	at org.apache.catalina.valves.ErrorReportValve.invoke(ErrorReportValve.java:93)
	at org.apache.catalina.core.StandardEngineValve.invoke(StandardEngineValve.java:74)
	at org.apache.catalina.connector.CoyoteAdapter.service(CoyoteAdapter.java:344)
	at org.apache.coyote.http11.Http11Processor.service(Http11Processor.java:398)
	at org.apache.coyote.AbstractProcessorLight.process(AbstractProcessorLight.java:63)
	at org.apache.coyote.AbstractProtocol$ConnectionHandler.process(AbstractProtocol.java:903)
	at org.apache.tomcat.util.net.NioEndpoint$SocketProcessor.doRun(NioEndpoint.java:1769)
	at org.apache.tomcat.util.net.SocketProcessorBase.run(SocketProcessorBase.java:52)
	at org.apache.tomcat.util.threads.ThreadPoolExecutor.runWorker(ThreadPoolExecutor.java:1189)
	at org.apache.tomcat.util.threads.ThreadPoolExecutor$Worker.run(ThreadPoolExecutor.java:658)
	at org.apache.tomcat.util.threads.TaskThread$WrappingRunnable.run(TaskThread.java:63)
	at java.base/java.lang.Thread.run(Thread.java:1583)
Caused by: org.jose4j.lang.JoseException: Invalid JOSE Compact Serialization. Expecting either 3 or 5 parts for JWS or JWE respectively but was 1.
	at org.jose4j.jwx.JsonWebStructure.fromCompactSerialization(JsonWebStructure.java:90)
	at org.jose4j.jwt.consumer.JwtConsumer.process(JwtConsumer.java:320)
	... 78 common frames omitted
ERROR 2026-04-07 01:02:49.879 i.m.g.s.JwtTokenAuthenticationProvider:authenticate [http-nio-8081-exec-9] - Authentication failed: Invalid authentication token
ERROR 2026-04-07 01:04:00.443 i.m.g.s.JwtService:validateImpl [http-nio-8081-exec-8] - Invalid authentication token: {}
org.jose4j.jwt.consumer.InvalidJwtException: JWT processing failed. Additional details: [[17] Unable to process JOSE object (cause: org.jose4j.lang.JoseException: Parsing error: org.jose4j.json.internal.json_simple.parser.ParseException: Unexpected character (Ț) at position 0.): yJraWQiOiJrMSIsImFsZyI6IlJTMjU2In0.eyJpc3MiOiJsbW0iLCJhdWQiOiJlbmQtdXNlciIsImV4cCI6MTc3NTUyMDA2OCwianRpIjoiUm9pck5nR29Sc1BnRUxPZThvMi14USIsImlhdCI6MTc3NTUxNjQ2OCwic3ViIjoiZGV2ZWxvcGVyIiwiZmlyc3ROYW1lIjoiQWRtaW4iLCJsYXN0TmFtZSI6IlVzZXIiLCJleHRlcm5hbExvZ2luS2V5IjoiRUwxNjU5MjQxODg1MzMiLCJwZXJtaXNzaW9ucyI6MSwiaWQiOiJkZXZlbG9wZXIiLCJ1c2VybmFtZSI6ImRldmVsb3BlciJ9.dkB-yrt6RGeX0h_zxl81KhxnR-5Uf5pKGvZXvSFJY_8BG9RvUZ09Um-yW82GsN2ZPbvdKT6nXsJwnjzjnVmpiMRRhFEntikiT5UQbLc7ksiDA-L7MPj4kjTouX5Xe5owm2qgSiGSA6tkxuCcm-TZJAWmD6ZzI4P6EZ92BdaTpmzi2U-Ds3ShhCgQeiubPuq5rvxYIdS_3q8gSfv8fOBU36vyGdXZTWJS5l4v54qcnooXBr2z2wRCM_7yv15Wy4ABYxda1KiB1Ynm21Wlhb0CRvVPPr2zuM-i-KyinnysurmRixwcaO0E3YEdIOXjLKT3zdEvOrPUUQTPnRFJ69c0Lg]
	at org.jose4j.jwt.consumer.JwtConsumer.process(JwtConsumer.java:406)
	at org.jose4j.jwt.consumer.JwtConsumer.processToClaims(JwtConsumer.java:171)
	at it.mapsgroup.gzoom.security.JwtService.validateImpl(JwtService.java:144)
	at it.mapsgroup.gzoom.security.JwtService.validate(JwtService.java:122)
	at it.mapsgroup.gzoom.security.JwtTokenAuthenticationProvider.authenticate(JwtTokenAuthenticationProvider.java:80)
	at org.springframework.security.authentication.ProviderManager.authenticate(ProviderManager.java:182)
	at it.mapsgroup.gzoom.security.JwtTokenFilter.doFilter(JwtTokenFilter.java:80)
	at it.mapsgroup.gzoom.DelegateRequestMatchingFilter.doFilter(DelegateRequestMatchingFilter.java:31)
	at org.springframework.security.web.ObservationFilterChainDecorator$ObservationFilter.wrapFilter(ObservationFilterChainDecorator.java:240)
	at org.springframework.security.web.ObservationFilterChainDecorator$ObservationFilter.doFilter(ObservationFilterChainDecorator.java:227)
	at org.springframework.security.web.ObservationFilterChainDecorator$VirtualFilterChain.doFilter(ObservationFilterChainDecorator.java:137)
	at it.mapsgroup.gzoom.security.JwtChangePasswordFilter.doFilter(JwtChangePasswordFilter.java:248)
	at org.springframework.security.web.ObservationFilterChainDecorator$ObservationFilter.wrapFilter(ObservationFilterChainDecorator.java:240)
	at org.springframework.security.web.ObservationFilterChainDecorator$ObservationFilter.doFilter(ObservationFilterChainDecorator.java:227)
	at org.springframework.security.web.ObservationFilterChainDecorator$VirtualFilterChain.doFilter(ObservationFilterChainDecorator.java:137)
	at it.mapsgroup.gzoom.security.JwtLogoutFilter.doFilter(JwtLogoutFilter.java:127)
	at org.springframework.security.web.ObservationFilterChainDecorator$ObservationFilter.wrapFilter(ObservationFilterChainDecorator.java:240)
	at org.springframework.security.web.ObservationFilterChainDecorator$ObservationFilter.doFilter(ObservationFilterChainDecorator.java:227)
	at org.springframework.security.web.ObservationFilterChainDecorator$VirtualFilterChain.doFilter(ObservationFilterChainDecorator.java:137)
	at org.springframework.security.web.header.HeaderWriterFilter.doHeadersAfter(HeaderWriterFilter.java:90)
	at org.springframework.security.web.header.HeaderWriterFilter.doFilterInternal(HeaderWriterFilter.java:75)
	at org.springframework.web.filter.OncePerRequestFilter.doFilter(OncePerRequestFilter.java:116)
	at org.springframework.security.web.ObservationFilterChainDecorator$ObservationFilter.wrapFilter(ObservationFilterChainDecorator.java:240)
	at org.springframework.security.web.ObservationFilterChainDecorator$ObservationFilter.doFilter(ObservationFilterChainDecorator.java:227)
	at org.springframework.security.web.ObservationFilterChainDecorator$VirtualFilterChain.doFilter(ObservationFilterChainDecorator.java:137)
	at org.springframework.security.web.context.SecurityContextHolderFilter.doFilter(SecurityContextHolderFilter.java:82)
	at org.springframework.security.web.context.SecurityContextHolderFilter.doFilter(SecurityContextHolderFilter.java:69)
	at org.springframework.security.web.ObservationFilterChainDecorator$ObservationFilter.wrapFilter(ObservationFilterChainDecorator.java:240)
	at org.springframework.security.web.ObservationFilterChainDecorator$ObservationFilter.doFilter(ObservationFilterChainDecorator.java:227)
	at org.springframework.security.web.ObservationFilterChainDecorator$VirtualFilterChain.doFilter(ObservationFilterChainDecorator.java:137)
	at org.springframework.security.web.context.request.async.WebAsyncManagerIntegrationFilter.doFilterInternal(WebAsyncManagerIntegrationFilter.java:62)
	at org.springframework.web.filter.OncePerRequestFilter.doFilter(OncePerRequestFilter.java:116)
	at org.springframework.security.web.ObservationFilterChainDecorator$ObservationFilter.wrapFilter(ObservationFilterChainDecorator.java:240)
	at org.springframework.security.web.ObservationFilterChainDecorator$ObservationFilter.doFilter(ObservationFilterChainDecorator.java:227)
	at org.springframework.security.web.ObservationFilterChainDecorator$VirtualFilterChain.doFilter(ObservationFilterChainDecorator.java:137)
	at org.springframework.security.web.session.DisableEncodeUrlFilter.doFilterInternal(DisableEncodeUrlFilter.java:42)
	at org.springframework.web.filter.OncePerRequestFilter.doFilter(OncePerRequestFilter.java:116)
	at org.springframework.security.web.ObservationFilterChainDecorator$ObservationFilter.wrapFilter(ObservationFilterChainDecorator.java:240)
	at org.springframework.security.web.ObservationFilterChainDecorator$AroundFilterObservation$SimpleAroundFilterObservation.lambda$wrap$0(ObservationFilterChainDecorator.java:323)
	at org.springframework.security.web.ObservationFilterChainDecorator$ObservationFilter.doFilter(ObservationFilterChainDecorator.java:224)
	at org.springframework.security.web.ObservationFilterChainDecorator$VirtualFilterChain.doFilter(ObservationFilterChainDecorator.java:137)
	at org.springframework.security.web.FilterChainProxy.doFilterInternal(FilterChainProxy.java:233)
	at org.springframework.security.web.FilterChainProxy.doFilter(FilterChainProxy.java:191)
	at org.springframework.web.filter.CompositeFilter$VirtualFilterChain.doFilter(CompositeFilter.java:113)
	at org.springframework.web.filter.ServletRequestPathFilter.doFilter(ServletRequestPathFilter.java:52)
	at org.springframework.web.filter.CompositeFilter$VirtualFilterChain.doFilter(CompositeFilter.java:113)
	at org.springframework.web.filter.CompositeFilter.doFilter(CompositeFilter.java:74)
	at org.springframework.security.config.annotation.web.configuration.WebSecurityConfiguration$CompositeFilterChainProxy.doFilter(WebSecurityConfiguration.java:319)
	at org.springframework.web.filter.CompositeFilter$VirtualFilterChain.doFilter(CompositeFilter.java:113)
	at org.springframework.web.servlet.handler.HandlerMappingIntrospector.lambda$createCacheFilter$4(HandlerMappingIntrospector.java:267)
	at org.springframework.web.filter.CompositeFilter$VirtualFilterChain.doFilter(CompositeFilter.java:113)
	at org.springframework.web.filter.CompositeFilter.doFilter(CompositeFilter.java:74)
	at org.springframework.security.config.annotation.web.configuration.WebMvcSecurityConfiguration$CompositeFilterChainProxy.doFilter(WebMvcSecurityConfiguration.java:240)
	at org.apache.catalina.core.ApplicationFilterChain.internalDoFilter(ApplicationFilterChain.java:164)
	at org.apache.catalina.core.ApplicationFilterChain.doFilter(ApplicationFilterChain.java:140)
	at org.springframework.web.filter.ServerHttpObservationFilter.doFilterInternal(ServerHttpObservationFilter.java:114)
	at org.springframework.web.filter.OncePerRequestFilter.doFilter(OncePerRequestFilter.java:116)
	at org.apache.catalina.core.ApplicationFilterChain.internalDoFilter(ApplicationFilterChain.java:164)
	at org.apache.catalina.core.ApplicationFilterChain.doFilter(ApplicationFilterChain.java:140)
	at org.springframework.web.filter.CharacterEncodingFilter.doFilterInternal(CharacterEncodingFilter.java:201)
	at org.springframework.web.filter.OncePerRequestFilter.doFilter(OncePerRequestFilter.java:116)
	at org.apache.catalina.core.ApplicationFilterChain.internalDoFilter(ApplicationFilterChain.java:164)
	at org.apache.catalina.core.ApplicationFilterChain.doFilter(ApplicationFilterChain.java:140)
	at org.apache.catalina.core.StandardWrapperValve.invoke(StandardWrapperValve.java:167)
	at org.apache.catalina.core.StandardContextValve.invoke(StandardContextValve.java:90)
	at org.apache.catalina.authenticator.AuthenticatorBase.invoke(AuthenticatorBase.java:483)
	at org.apache.catalina.core.StandardHostValve.invoke(StandardHostValve.java:116)
	at org.apache.catalina.valves.ErrorReportValve.invoke(ErrorReportValve.java:93)
	at org.apache.catalina.core.StandardEngineValve.invoke(StandardEngineValve.java:74)
	at org.apache.catalina.connector.CoyoteAdapter.service(CoyoteAdapter.java:344)
	at org.apache.coyote.http11.Http11Processor.service(Http11Processor.java:398)
	at org.apache.coyote.AbstractProcessorLight.process(AbstractProcessorLight.java:63)
	at org.apache.coyote.AbstractProtocol$ConnectionHandler.process(AbstractProtocol.java:903)
	at org.apache.tomcat.util.net.NioEndpoint$SocketProcessor.doRun(NioEndpoint.java:1769)
	at org.apache.tomcat.util.net.SocketProcessorBase.run(SocketProcessorBase.java:52)
	at org.apache.tomcat.util.threads.ThreadPoolExecutor.runWorker(ThreadPoolExecutor.java:1189)
	at org.apache.tomcat.util.threads.ThreadPoolExecutor$Worker.run(ThreadPoolExecutor.java:658)
	at org.apache.tomcat.util.threads.TaskThread$WrappingRunnable.run(TaskThread.java:63)
	at java.base/java.lang.Thread.run(Thread.java:1583)
Caused by: org.jose4j.lang.JoseException: Parsing error: org.jose4j.json.internal.json_simple.parser.ParseException: Unexpected character (Ț) at position 0.
	at org.jose4j.json.JsonUtil.parseJson(JsonUtil.java:71)
	at org.jose4j.jwx.Headers.setEncodedHeader(Headers.java:128)
	at org.jose4j.jwx.JsonWebStructure.setEncodedHeader(JsonWebStructure.java:130)
	at org.jose4j.jws.JsonWebSignature.setCompactSerializationParts(JsonWebSignature.java:115)
	at org.jose4j.jwx.JsonWebStructure.fromCompactSerialization(JsonWebStructure.java:96)
	at org.jose4j.jwt.consumer.JwtConsumer.process(JwtConsumer.java:320)
	... 78 common frames omitted
Caused by: org.jose4j.json.internal.json_simple.parser.ParseException: Unexpected character (Ț) at position 0.
	at org.jose4j.json.internal.json_simple.parser.Yylex.yylex(Yylex.java:612)
	at org.jose4j.json.internal.json_simple.parser.JSONParser.nextToken(JSONParser.java:267)
	at org.jose4j.json.internal.json_simple.parser.JSONParser.parse(JSONParser.java:116)
	at org.jose4j.json.internal.json_simple.parser.JSONParser.parse(JSONParser.java:79)
	at org.jose4j.json.JsonUtil.parseJson(JsonUtil.java:62)
	... 83 common frames omitted
ERROR 2026-04-07 01:04:00.445 i.m.g.s.JwtTokenAuthenticationProvider:authenticate [http-nio-8081-exec-8] - Authentication failed: Invalid authentication token
INFO  2026-04-07 01:04:33.851 i.m.g.m.d.UserLoginDao:getUserLogin [http-nio-8081-exec-2] - getUserLogin
INFO  2026-04-07 01:04:33.854 i.m.g.m.d.UserLoginDao:getUserLogin [http-nio-8081-exec-2] - size 1
DEBUG 2026-04-07 01:04:33.854 i.m.g.s.JwtTokenFilter:doFilter [http-nio-8081-exec-2] - Token valid for user: developer
WARN  2026-04-07 01:04:33.857 o.s.w.s.DispatcherServlet:noHandlerFound [http-nio-8081-exec-2] - No mapping for GET /rest/profile/user-ctx-permissions
WARN  2026-04-07 01:04:33.863 o.s.w.s.m.s.DefaultHandlerExceptionResolver:handleNoHandlerFoundException [http-nio-8081-exec-2] - No endpoint GET /rest/profile/user-ctx-permissions.
ERROR 2026-04-07 01:06:44.640 i.m.g.s.c.AuthController:getLoginMethod [http-nio-8081-exec-7] - no oneLoginSSOEnabledPropertyName and keycloakLoginEnabledPropertyName configuration found
INFO  2026-04-07 01:06:44.645 i.m.g.m.d.UserLoginDao:getUserLogin [http-nio-8081-exec-3] - getUserLogin
INFO  2026-04-07 01:06:44.648 i.m.g.m.d.UserLoginDao:getUserLogin [http-nio-8081-exec-3] - size 1
DEBUG 2026-04-07 01:06:44.649 i.m.g.s.JwtTokenFilter:doFilter [http-nio-8081-exec-3] - Token valid for user: developer
INFO  2026-04-07 01:06:44.651 i.m.g.m.d.UserLoginDao:getUserLogin [http-nio-8081-exec-3] - getUserLogin
INFO  2026-04-07 01:06:44.653 i.m.g.m.d.UserLoginDao:getUserLogin [http-nio-8081-exec-3] - size 1
INFO  2026-04-07 01:06:44.655 i.m.g.m.d.UserLoginDao:getUserLogin [http-nio-8081-exec-3] - getUserLogin
INFO  2026-04-07 01:06:44.657 i.m.g.m.d.UserLoginDao:getUserLogin [http-nio-8081-exec-3] - size 1
INFO  2026-04-07 01:06:45.489 i.m.g.m.d.UserLoginDao:getUserLogin [http-nio-8081-exec-9] - getUserLogin
INFO  2026-04-07 01:06:45.490 i.m.g.m.d.UserLoginDao:getUserLogin [http-nio-8081-exec-9] - size 1
DEBUG 2026-04-07 01:06:45.491 i.m.g.s.JwtTokenFilter:doFilter [http-nio-8081-exec-9] - Token valid for user: developer
INFO  2026-04-07 01:06:45.492 i.m.g.m.d.UserCtxPermissionViewDao:selectByUserLoginId [http-nio-8081-exec-9] - get UserCtxPermissionView by userLoginId
INFO  2026-04-07 01:06:45.495 i.m.g.m.d.UserLoginDao:getUserLogin [http-nio-8081-exec-10] - getUserLogin
INFO  2026-04-07 01:06:45.496 i.m.g.m.d.UserCtxPermissionViewDao:selectByUserLoginId [http-nio-8081-exec-9] - size = 4
INFO  2026-04-07 01:06:45.497 i.m.g.m.d.UserLoginDao:getUserLogin [http-nio-8081-exec-10] - size 1
DEBUG 2026-04-07 01:06:45.497 i.m.g.s.JwtTokenFilter:doFilter [http-nio-8081-exec-10] - Token valid for user: developer
INFO  2026-04-07 01:06:45.499 i.m.g.m.d.UserLoginDao:getUserLogin [http-nio-8081-exec-10] - getUserLogin
INFO  2026-04-07 01:06:45.501 i.m.g.m.d.UserLoginDao:getUserLogin [http-nio-8081-exec-10] - size 1
INFO  2026-04-07 01:06:45.501 i.m.g.m.d.PartyNoteDao:getPartyNote [http-nio-8081-exec-9] - getPartyNote
INFO  2026-04-07 01:06:45.502 i.m.g.m.d.UserLoginDao:getUserLogin [http-nio-8081-exec-10] - getUserLogin
INFO  2026-04-07 01:06:45.503 i.m.g.m.d.PartyNoteDao:getPartyNote [http-nio-8081-exec-9] - size = 0
INFO  2026-04-07 01:06:45.505 i.m.g.m.d.UserLoginDao:getUserLogin [http-nio-8081-exec-10] - size 1
INFO  2026-04-07 01:06:45.506 i.m.g.m.d.UserLoginDao:getUserLogin [http-nio-8081-exec-8] - getUserLogin
INFO  2026-04-07 01:06:45.515 i.m.g.m.d.UserLoginDao:getUserLogin [http-nio-8081-exec-8] - size 1
DEBUG 2026-04-07 01:06:45.526 i.m.g.s.JwtTokenFilter:doFilter [http-nio-8081-exec-8] - Token valid for user: developer
INFO  2026-04-07 01:06:45.531 i.m.g.m.d.SecurityPermissionDao:getPermission [http-nio-8081-exec-8] - getPermission
INFO  2026-04-07 01:06:45.551 i.m.g.m.d.UserLoginDao:getUserLogin [http-nio-8081-exec-6] - getUserLogin
INFO  2026-04-07 01:06:45.548 i.m.g.m.d.SecurityPermissionDao:getPermission [http-nio-8081-exec-8] - size = 107
INFO  2026-04-07 01:06:45.558 i.m.g.s.MenuService:getMenu [http-nio-8081-exec-8] - mappa2 {TYPESATTACHMENTSOBJECTIVESCTXWE=[ADMIN], REPORTPRINTCTXOR=[ADMIN], UOMTYPE=[ADMIN], REPORTPRINTCTXPA=[ADMIN], ANALYSISCTXBS=[ADMIN], SECURITYGROUPSCTXBA=[ADMIN], ANALYSISTYPECTXEP=[ADMIN], QUERYCONFIGCTXBSU=[ADMIN], APPROVALPATHSCTXBA=[ADMIN], REPORTPRINTCTXGD=[ADMIN], CONSULTINGLOGCTXBA=[ADMIN], QUERYCONFIGCTXGDU=[ADMIN], NOTESOBJECTIVESCTXWE=[ADMIN], WORKEFFORTCTXWE=[ADMIN], QUERYCONFIGCTXBSE=[ADMIN], QUERYCONFIGURATIONCTXWE=[ADMIN], ECONOMICINDICATORSCTXAC=[ADMIN], ANALYSISTYPECTXWE=[ADMIN], ANALYSISCTXRE=[ADMIN], QUERYCONFIGCTXEPU=[ADMIN], QUERYCONFIGCTXGDE=[ADMIN], SUBSYSTEMTYPESCTXBA=[ADMIN], PURPOSECTXAC=[ADMIN], ANALYSISCTXDI=[ADMIN], RELATIONSHIPSOBJECTIVESCTXWE=[ADMIN], EXTRAACCOUNTINGUNITTYPESCTXAC=[ADMIN], ANALYSISTYPECTXOR=[ADMIN], FINANCIALINDICATORSCTXAC=[ADMIN], QUERYCONFIGCTXPAE=[ADMIN], QUERYCONFIGCTXREE=[ADMIN], SUBJECTSOBJECTIVESCTXWE=[ADMIN], QUERYCONFIGCTXCGU=[ADMIN], REPORTPRINTCTXEP=[ADMIN], QUERYCONFIGCTXDIU=[ADMIN], QUERYCONFIGCTXPYU=[ADMIN], QUERYCONFIGCTXCOU=[ADMIN], EXTRACTQUERYCONFIGURATIONCTXWE=[ADMIN], CUSTOM=[ADMIN], QUERYCONFIGCTXACE=[ADMIN], ANALYSISCTXTR=[ADMIN], RESERVEDINDICATORMOVEMENTSCTXAC=[ADMIN], QUERYCONFIGCTXCGE=[ADMIN], QUERYCONFIGCTXDIE=[ADMIN], ANALYSISTYPECTXGD=[ADMIN], QUERYCONFIGCTXPYE=[ADMIN], ANALYSISTYPECTXPR=[ADMIN], QUERYCONFIGCTXCOE=[ADMIN], REPORTPRINTCTXDI=[ADMIN], FINANCIALACCOUNTINGUNITTYPESCTXAC=[ADMIN], ANALYSISCTXCO=[ADMIN], MEASURESOBJECTIVESCTXWE=[ADMIN], ANALYSISTYPECTXPA=[ADMIN], REPORTPRINTCTXTR=[ADMIN], TYPOLOGIESROLESSUBJECTSCTXPY=[ADMIN], SCHEDULERCTXBA=[ADMIN], ANALYSISCTXCG=[ADMIN], OBJECTIVECODESCTXWE=[ADMIN], QUERYCONFIGCTXCAU=[ADMIN], CALCULATIONFORMULASCTXAC=[ADMIN], REPORTPRINTCTXCG=[ADMIN], FINANCIALINDICATORMOVEMENTSCTXAC=[ADMIN], REPORTPRINTCTXCO=[ADMIN], ECONOMICSPOSITIONSCTXPY=[ADMIN], TYPESRELATIONSHIPSBETWEENSUBJECTSCTXPY=[ADMIN], QUERYCONFIGCTXTRU=[ADMIN], ANALYSISCTXEP=[ADMIN], PERIODSCTXAC=[ADMIN], QUERYCONFIGCTXPRU=[ADMIN], REPORTPRINTCTXBS=[ADMIN], ECONPATRACCOUNTINGUNITTYPESCTXAC=[ADMIN], ECONOMICINDICATORMOVEMENTSCTXAC=[ADMIN], REPORTPRINTCTXRE=[ADMIN], QUERYCONFIGCTXTRE=[ADMIN], ANALYSISTYPECTXRE=[ADMIN], QUERYCONFIGCTXPAU=[ADMIN], QUERYCONFIGCTXPRE=[ADMIN], QUERYCONFIGCTXREU=[ADMIN], QUERYCONFIGCTXEPE=[ADMIN], RANGESOFVALUESCTXAC=[ADMIN], QUERYCONFIG=[ADMIN], TIMESHEETCTXPR=[ADMIN], ANALYSISTYPECTXCG=[ADMIN], TIMESHEET=[ADMIN], TYPOLOGYRELATIONSHIPSOBJECTIVESCTXWE=[ADMIN], ANALYSISTYPECTXCO=[ADMIN], ANALYSISTYPECTXBS=[ADMIN], QUERYCONFIGCTXBAE=[ADMIN], SUBSYSTEMCTXBA=[ADMIN], REQUESTFROMINTERESTEDPARTIESCTXGD=[ADMIN], ANALYSISCTXPR=[ADMIN], DETECTIONTYPECTXAC=[ADMIN], INDICATORSCTXAC=[ADMIN], INDICATORMOVEMENTSCTXAC=[ADMIN], ANALYSISTYPECTXDI=[ADMIN], REPORTPRINTCTXPR=[ADMIN], QUERYCONFIGCTXORU=[ADMIN], TIMESHEETCTXOR=[ADMIN], ANALYSISCTXPA=[ADMIN], ATTACHMENTSOBJECTIVESCTXWE=[ADMIN], UOM=[ADMIN], INTERFACCIAMENTODATI=[ADMIN], TIPOLOGIEPERIODICTXAC=[ADMIN], QUERYCONFIGCTXORE=[ADMIN], RESERVEDINDICATORSCTXAC=[ADMIN], NATUREUNITCONTEXTRCTXAC=[ADMIN], ANALYSISTYPECTXTR=[ADMIN], ANALYSISCTXOR=[ADMIN]}
INFO  2026-04-07 01:06:45.559 i.m.g.m.d.ContentAndAttributesDao:getValidMenu [http-nio-8081-exec-8] - getValidMenu
INFO  2026-04-07 01:06:45.564 i.m.g.m.d.UserLoginDao:getUserLogin [http-nio-8081-exec-6] - size 1
DEBUG 2026-04-07 01:06:45.575 i.m.g.s.JwtTokenFilter:doFilter [http-nio-8081-exec-6] - Token valid for user: developer
INFO  2026-04-07 01:06:45.581 i.m.g.m.d.UserPreferenceDaoMB:getUserPreference [http-nio-8081-exec-6] - find userPreference by id
INFO  2026-04-07 01:06:45.582 i.m.g.m.d.UserPreferenceDaoMB:getUserPreference [http-nio-8081-exec-6] - UserPreference = false
INFO  2026-04-07 01:06:45.583 i.m.g.m.d.UserPreferenceDaoMB:getUserPreference [http-nio-8081-exec-6] - find userPreference by id
INFO  2026-04-07 01:06:45.593 i.m.g.m.d.UserPreferenceDaoMB:getUserPreference [http-nio-8081-exec-6] - UserPreference = false
INFO  2026-04-07 01:06:45.654 i.m.g.m.d.ContentAndAttributesDao:getValidMenu [http-nio-8081-exec-8] - size = 102
INFO  2026-04-07 01:06:45.656 i.m.g.m.d.ContentAndAttributesDao:getFolderMenu [http-nio-8081-exec-8] - getFolderMenu
INFO  2026-04-07 01:06:45.740 i.m.g.m.d.ContentAndAttributesDao:getFolderMenu [http-nio-8081-exec-8] - size = 66
INFO  2026-04-07 01:06:45.845 i.m.g.m.d.UserLoginDao:getUserLogin [http-nio-8081-exec-1] - getUserLogin
INFO  2026-04-07 01:06:45.854 i.m.g.m.d.UserLoginDao:getUserLogin [http-nio-8081-exec-1] - size 1
DEBUG 2026-04-07 01:06:45.857 i.m.g.s.JwtTokenFilter:doFilter [http-nio-8081-exec-1] - Token valid for user: developer
INFO  2026-04-07 01:06:45.858 i.m.g.m.d.UserLoginDao:getUserLogin [http-nio-8081-exec-5] - getUserLogin
INFO  2026-04-07 01:06:45.864 i.m.g.m.d.UserLoginDao:getUserLogin [http-nio-8081-exec-9] - getUserLogin
INFO  2026-04-07 01:06:45.864 i.m.g.m.d.UserLoginDao:getUserLogin [http-nio-8081-exec-10] - getUserLogin
INFO  2026-04-07 01:06:45.866 i.m.g.m.d.UserLoginDao:getUserLogin [http-nio-8081-exec-5] - size 1
INFO  2026-04-07 01:06:45.868 i.m.g.m.d.UserLoginDao:getUserLogin [http-nio-8081-exec-9] - size 1
DEBUG 2026-04-07 01:06:45.872 i.m.g.s.JwtTokenFilter:doFilter [http-nio-8081-exec-9] - Token valid for user: developer
DEBUG 2026-04-07 01:06:45.873 i.m.g.s.JwtTokenFilter:doFilter [http-nio-8081-exec-5] - Token valid for user: developer
INFO  2026-04-07 01:06:45.878 i.m.g.m.d.UserLoginSecurityGroupDao:getDefaultPortalPage [http-nio-8081-exec-5] - getDefaultPortalPage
INFO  2026-04-07 01:06:45.880 i.m.g.m.d.UserLoginDao:getUserLogin [http-nio-8081-exec-10] - size 1
INFO  2026-04-07 01:06:45.886 i.m.g.m.d.UserLoginSecurityGroupDao:getDefaultPortalPage [http-nio-8081-exec-5] - size 0
DEBUG 2026-04-07 01:06:45.886 i.m.g.s.JwtTokenFilter:doFilter [http-nio-8081-exec-10] - Token valid for user: developer
INFO  2026-04-07 01:06:46.009 i.m.g.s.NodeService:stream [http-nio-8081-exec-6] - stream default imagePath: /lmm/images/gzoom_logo.jpg
INFO  2026-04-07 01:06:46.010 i.m.g.m.d.PartyContentDao:getPartyContent [http-nio-8081-exec-6] - getPartyContent
INFO  2026-04-07 01:06:46.013 i.m.g.m.d.PartyContentDao:getPartyContent [http-nio-8081-exec-6] - size = 0
INFO  2026-04-07 01:06:46.152 i.m.g.m.d.UserLoginDao:getUserLogin [http-nio-8081-exec-7] - getUserLogin
INFO  2026-04-07 01:06:46.154 i.m.g.m.d.UserLoginDao:getUserLogin [http-nio-8081-exec-7] - size 1
DEBUG 2026-04-07 01:06:46.155 i.m.g.s.JwtTokenFilter:doFilter [http-nio-8081-exec-7] - Token valid for user: developer
INFO  2026-04-07 01:06:46.157 i.m.g.m.d.UserPreferenceDaoMB:getUserPreference [http-nio-8081-exec-7] - find userPreference by id
INFO  2026-04-07 01:06:46.158 i.m.g.m.d.UserPreferenceDaoMB:getUserPreference [http-nio-8081-exec-7] - UserPreference = true
INFO  2026-04-07 01:06:46.161 i.m.g.m.d.UserPreferenceDaoMB:getUserPreference [http-nio-8081-exec-7] - find userPreference by id
INFO  2026-04-07 01:06:46.176 i.m.g.m.d.UserLoginDao:getUserLogin [http-nio-8081-exec-2] - getUserLogin
INFO  2026-04-07 01:06:46.178 i.m.g.m.d.UserLoginDao:getUserLogin [http-nio-8081-exec-2] - size 1
DEBUG 2026-04-07 01:06:46.179 i.m.g.s.JwtTokenFilter:doFilter [http-nio-8081-exec-2] - Token valid for user: developer
INFO  2026-04-07 01:06:46.180 i.m.g.m.d.UserLoginDao:getUserLogin [http-nio-8081-exec-2] - getUserLogin
INFO  2026-04-07 01:06:46.182 i.m.g.m.d.UserLoginDao:getUserLogin [http-nio-8081-exec-2] - size 1
INFO  2026-04-07 01:06:46.187 i.m.g.m.d.UserLoginDao:getUserLogin [http-nio-8081-exec-1] - getUserLogin
INFO  2026-04-07 01:06:46.186 i.m.g.m.d.UserLoginDao:getUserLogin [http-nio-8081-exec-4] - getUserLogin
INFO  2026-04-07 01:06:46.189 i.m.g.m.d.UserPreferenceDaoMB:getUserPreference [http-nio-8081-exec-7] - UserPreference = false
INFO  2026-04-07 01:06:46.197 i.m.g.m.d.UserLoginDao:getUserLogin [http-nio-8081-exec-1] - size 1
INFO  2026-04-07 01:06:46.201 i.m.g.m.d.UserLoginDao:getUserLogin [http-nio-8081-exec-4] - size 1
DEBUG 2026-04-07 01:06:46.208 i.m.g.s.JwtTokenFilter:doFilter [http-nio-8081-exec-1] - Token valid for user: developer
DEBUG 2026-04-07 01:06:46.214 i.m.g.s.JwtTokenFilter:doFilter [http-nio-8081-exec-4] - Token valid for user: developer
INFO  2026-04-07 01:06:46.215 i.m.g.m.d.UserLoginDao:getUserLogin [http-nio-8081-exec-10] - getUserLogin
INFO  2026-04-07 01:06:46.217 i.m.g.u.Manifests:getProductInfo [http-nio-8081-exec-5] - getProductInfo2.5.0rc1
INFO  2026-04-07 01:06:46.217 i.m.g.m.d.UserLoginDao:getUserLogin [http-nio-8081-exec-10] - size 1
DEBUG 2026-04-07 01:06:46.219 i.m.g.s.JwtTokenFilter:doFilter [http-nio-8081-exec-10] - Token valid for user: developer
INFO  2026-04-07 01:06:46.216 i.m.g.m.d.UserLoginValidPartyRoleDao:getUserLoginValidPartyRoleList [http-nio-8081-exec-1] - getUserLoginValidPartyRoleList
ERROR 2026-04-07 01:06:46.224 i.m.g.u.Manifests:initProductDate [http-nio-8081-exec-5] - Invalid product date format in MANIFEST.MF
INFO  2026-04-07 01:06:46.224 i.m.g.u.Manifests:getProductInfo [http-nio-8081-exec-5] - getProductInfoTue Apr 07 01:06:46 CEST 2026
INFO  2026-04-07 01:06:46.228 i.m.g.m.d.UserLoginValidPartyRoleDao:getUserLoginValidPartyRoleList [http-nio-8081-exec-1] - size 0
INFO  2026-04-07 01:07:18.330 i.m.g.m.d.UserLoginDao:getUserLogin [http-nio-8081-exec-8] - getUserLogin
INFO  2026-04-07 01:07:18.332 i.m.g.m.d.UserLoginDao:getUserLogin [http-nio-8081-exec-8] - size 1
DEBUG 2026-04-07 01:07:18.332 i.m.g.s.JwtTokenFilter:doFilter [http-nio-8081-exec-8] - Token valid for user: developer
INFO  2026-04-07 01:07:18.334 i.m.g.m.d.UserLoginDao:getUserLogin [http-nio-8081-exec-8] - getUserLogin
INFO  2026-04-07 01:07:18.335 i.m.g.m.d.UserLoginDao:getUserLogin [http-nio-8081-exec-8] - size 1
INFO  2026-04-07 01:07:20.344 i.m.g.s.JwtLogoutFilter:doFilter [http-nio-8081-exec-7] - Logged out user: developer
ERROR 2026-04-07 01:07:20.513 i.m.g.s.c.AuthController:getLoginMethod [http-nio-8081-exec-2] - no oneLoginSSOEnabledPropertyName and keycloakLoginEnabledPropertyName configuration found
INFO  2026-04-07 01:07:20.692 i.m.g.m.d.PartyNoteDao:getPartyNote [http-nio-8081-exec-6] - getPartyNote
INFO  2026-04-07 01:07:20.694 i.m.g.m.d.PartyNoteDao:getPartyNote [http-nio-8081-exec-6] - size = 0
INFO  2026-04-07 01:07:20.714 i.m.g.m.d.PartyNoteDao:getPartyNote [http-nio-8081-exec-10] - getPartyNote
INFO  2026-04-07 01:07:20.715 i.m.g.m.d.PartyNoteDao:getPartyNote [http-nio-8081-exec-10] - size = 0
INFO  2026-04-07 01:07:20.806 i.m.g.s.NodeService:stream [http-nio-8081-exec-1] - stream default imagePath: /lmm/images/gzoom_logo_login.jpg
INFO  2026-04-07 01:07:20.807 i.m.g.m.d.PartyContentDao:getPartyContent [http-nio-8081-exec-1] - getPartyContent
INFO  2026-04-07 01:07:20.819 i.m.g.m.d.PartyContentDao:getPartyContent [http-nio-8081-exec-1] - size = 0
INFO  2026-04-07 01:07:20.892 i.m.g.m.d.UserPreferenceDaoMB:getUserPreference [http-nio-8081-exec-3] - find userPreference by id
INFO  2026-04-07 01:07:20.894 i.m.g.m.d.UserPreferenceDaoMB:getUserPreference [http-nio-8081-exec-3] - UserPreference = true
INFO  2026-04-07 01:07:21.051 i.m.g.m.d.NoteDataDao:getNoteDataByPrefValue [http-nio-8081-exec-9] - find note data by prefValue
INFO  2026-04-07 01:07:21.053 i.m.g.m.d.NoteDataDao:getNoteDataByPrefValue [http-nio-8081-exec-9] - size = null
ERROR 2026-04-07 01:07:24.437 i.m.g.s.c.AuthController:getLoginMethod [http-nio-8081-exec-7] - no oneLoginSSOEnabledPropertyName and keycloakLoginEnabledPropertyName configuration found
INFO  2026-04-07 01:07:25.032 i.m.g.m.d.PartyNoteDao:getPartyNote [http-nio-8081-exec-5] - getPartyNote
INFO  2026-04-07 01:07:25.036 i.m.g.m.d.PartyNoteDao:getPartyNote [http-nio-8081-exec-5] - size = 0
INFO  2026-04-07 01:07:25.071 i.m.g.m.d.PartyNoteDao:getPartyNote [http-nio-8081-exec-4] - getPartyNote
INFO  2026-04-07 01:07:25.072 i.m.g.m.d.PartyNoteDao:getPartyNote [http-nio-8081-exec-4] - size = 0
INFO  2026-04-07 01:07:25.188 i.m.g.s.NodeService:stream [http-nio-8081-exec-9] - stream default imagePath: /lmm/images/gzoom_logo_login.jpg
INFO  2026-04-07 01:07:25.191 i.m.g.m.d.UserPreferenceDaoMB:getUserPreference [http-nio-8081-exec-7] - find userPreference by id
INFO  2026-04-07 01:07:25.192 i.m.g.m.d.UserPreferenceDaoMB:getUserPreference [http-nio-8081-exec-7] - UserPreference = true
INFO  2026-04-07 01:07:25.192 i.m.g.m.d.PartyContentDao:getPartyContent [http-nio-8081-exec-9] - getPartyContent
INFO  2026-04-07 01:07:25.194 i.m.g.m.d.PartyContentDao:getPartyContent [http-nio-8081-exec-9] - size = 0
INFO  2026-04-07 01:07:25.269 i.m.g.m.d.NoteDataDao:getNoteDataByPrefValue [http-nio-8081-exec-8] - find note data by prefValue
INFO  2026-04-07 01:07:25.276 i.m.g.m.d.NoteDataDao:getNoteDataByPrefValue [http-nio-8081-exec-8] - size = null
ERROR 2026-04-07 01:07:43.432 i.m.g.s.c.AuthController:getLoginMethod [http-nio-8081-exec-2] - no oneLoginSSOEnabledPropertyName and keycloakLoginEnabledPropertyName configuration found
INFO  2026-04-07 01:07:44.375 i.m.g.m.d.PartyNoteDao:getPartyNote [http-nio-8081-exec-1] - getPartyNote
INFO  2026-04-07 01:07:44.376 i.m.g.m.d.PartyNoteDao:getPartyNote [http-nio-8081-exec-1] - size = 0
INFO  2026-04-07 01:07:44.404 i.m.g.m.d.PartyNoteDao:getPartyNote [http-nio-8081-exec-3] - getPartyNote
INFO  2026-04-07 01:07:44.405 i.m.g.m.d.PartyNoteDao:getPartyNote [http-nio-8081-exec-3] - size = 0
INFO  2026-04-07 01:07:44.562 i.m.g.s.NodeService:stream [http-nio-8081-exec-8] - stream default imagePath: /lmm/images/gzoom_logo_login.jpg
INFO  2026-04-07 01:07:44.563 i.m.g.m.d.PartyContentDao:getPartyContent [http-nio-8081-exec-8] - getPartyContent
INFO  2026-04-07 01:07:44.574 i.m.g.m.d.UserPreferenceDaoMB:getUserPreference [http-nio-8081-exec-6] - find userPreference by id
INFO  2026-04-07 01:07:44.575 i.m.g.m.d.UserPreferenceDaoMB:getUserPreference [http-nio-8081-exec-6] - UserPreference = true
INFO  2026-04-07 01:07:44.575 i.m.g.m.d.PartyContentDao:getPartyContent [http-nio-8081-exec-8] - size = 0
INFO  2026-04-07 01:07:44.715 i.m.g.m.d.NoteDataDao:getNoteDataByPrefValue [http-nio-8081-exec-2] - find note data by prefValue
INFO  2026-04-07 01:07:44.717 i.m.g.m.d.NoteDataDao:getNoteDataByPrefValue [http-nio-8081-exec-2] - size = null
INFO  2026-04-07 01:07:51.173 i.m.g.m.d.UserLoginDao:getUserLogin [http-nio-8081-exec-10] - getUserLogin
INFO  2026-04-07 01:07:51.179 i.m.g.m.d.UserLoginDao:getUserLogin [http-nio-8081-exec-10] - size 1
INFO  2026-04-07 01:07:51.224 i.m.g.m.d.UserLoginDao:getUserLogin [http-nio-8081-exec-5] - getUserLogin
INFO  2026-04-07 01:07:51.225 i.m.g.m.d.UserLoginDao:getUserLogin [http-nio-8081-exec-5] - size 1
INFO  2026-04-07 01:07:51.301 i.m.g.m.d.UserPreferenceDaoMB:getUserPreference [http-nio-8081-exec-5] - find userPreference by id
INFO  2026-04-07 01:07:51.303 i.m.g.m.d.UserPreferenceDaoMB:getUserPreference [http-nio-8081-exec-5] - UserPreference = true
INFO  2026-04-07 01:07:51.304 i.m.g.s.JwtLoginFilter:successfulAuthentication [http-nio-8081-exec-5] - Successfully authenticated user: developer
INFO  2026-04-07 01:07:51.518 i.m.g.m.d.UserLoginDao:getUserLogin [http-nio-8081-exec-4] - getUserLogin
INFO  2026-04-07 01:07:51.520 i.m.g.m.d.UserLoginDao:getUserLogin [http-nio-8081-exec-4] - size 1
DEBUG 2026-04-07 01:07:51.521 i.m.g.s.JwtTokenFilter:doFilter [http-nio-8081-exec-4] - Token valid for user: developer
INFO  2026-04-07 01:07:51.522 i.m.g.m.d.UserCtxPermissionViewDao:selectByUserLoginId [http-nio-8081-exec-4] - get UserCtxPermissionView by userLoginId
INFO  2026-04-07 01:07:51.525 i.m.g.m.d.UserCtxPermissionViewDao:selectByUserLoginId [http-nio-8081-exec-4] - size = 4
INFO  2026-04-07 01:07:51.561 i.m.g.m.d.UserLoginDao:getUserLogin [http-nio-8081-exec-1] - getUserLogin
INFO  2026-04-07 01:07:51.562 i.m.g.m.d.UserLoginDao:getUserLogin [http-nio-8081-exec-3] - getUserLogin
INFO  2026-04-07 01:07:51.563 i.m.g.m.d.UserLoginDao:getUserLogin [http-nio-8081-exec-1] - size 1
DEBUG 2026-04-07 01:07:51.564 i.m.g.s.JwtTokenFilter:doFilter [http-nio-8081-exec-1] - Token valid for user: developer
INFO  2026-04-07 01:07:51.565 i.m.g.m.d.UserLoginDao:getUserLogin [http-nio-8081-exec-3] - size 1
DEBUG 2026-04-07 01:07:51.566 i.m.g.s.JwtTokenFilter:doFilter [http-nio-8081-exec-3] - Token valid for user: developer
INFO  2026-04-07 01:07:51.566 i.m.g.m.d.UserLoginDao:getUserLogin [http-nio-8081-exec-1] - getUserLogin
INFO  2026-04-07 01:07:51.567 i.m.g.m.d.SecurityPermissionDao:getPermission [http-nio-8081-exec-3] - getPermission
INFO  2026-04-07 01:07:51.569 i.m.g.m.d.UserLoginDao:getUserLogin [http-nio-8081-exec-1] - size 1
INFO  2026-04-07 01:07:51.571 i.m.g.m.d.UserLoginDao:getUserLogin [http-nio-8081-exec-1] - getUserLogin
INFO  2026-04-07 01:07:51.571 i.m.g.m.d.PartyNoteDao:getPartyNote [http-nio-8081-exec-9] - getPartyNote
INFO  2026-04-07 01:07:51.573 i.m.g.m.d.UserLoginDao:getUserLogin [http-nio-8081-exec-7] - getUserLogin
INFO  2026-04-07 01:07:51.573 i.m.g.m.d.UserLoginDao:getUserLogin [http-nio-8081-exec-1] - size 1
INFO  2026-04-07 01:07:51.575 i.m.g.m.d.UserLoginDao:getUserLogin [http-nio-8081-exec-7] - size 1
INFO  2026-04-07 01:07:51.574 i.m.g.m.d.PartyNoteDao:getPartyNote [http-nio-8081-exec-9] - size = 0
DEBUG 2026-04-07 01:07:51.576 i.m.g.s.JwtTokenFilter:doFilter [http-nio-8081-exec-7] - Token valid for user: developer
INFO  2026-04-07 01:07:51.578 i.m.g.m.d.UserPreferenceDaoMB:getUserPreference [http-nio-8081-exec-7] - find userPreference by id
INFO  2026-04-07 01:07:51.579 i.m.g.m.d.SecurityPermissionDao:getPermission [http-nio-8081-exec-3] - size = 107
INFO  2026-04-07 01:07:51.579 i.m.g.m.d.UserPreferenceDaoMB:getUserPreference [http-nio-8081-exec-7] - UserPreference = false
INFO  2026-04-07 01:07:51.580 i.m.g.m.d.UserPreferenceDaoMB:getUserPreference [http-nio-8081-exec-7] - find userPreference by id
INFO  2026-04-07 01:07:51.581 i.m.g.s.MenuService:getMenu [http-nio-8081-exec-3] - mappa2 {TYPESATTACHMENTSOBJECTIVESCTXWE=[ADMIN], REPORTPRINTCTXOR=[ADMIN], UOMTYPE=[ADMIN], REPORTPRINTCTXPA=[ADMIN], ANALYSISCTXBS=[ADMIN], SECURITYGROUPSCTXBA=[ADMIN], ANALYSISTYPECTXEP=[ADMIN], QUERYCONFIGCTXBSU=[ADMIN], APPROVALPATHSCTXBA=[ADMIN], REPORTPRINTCTXGD=[ADMIN], CONSULTINGLOGCTXBA=[ADMIN], QUERYCONFIGCTXGDU=[ADMIN], NOTESOBJECTIVESCTXWE=[ADMIN], WORKEFFORTCTXWE=[ADMIN], QUERYCONFIGCTXBSE=[ADMIN], QUERYCONFIGURATIONCTXWE=[ADMIN], ECONOMICINDICATORSCTXAC=[ADMIN], ANALYSISTYPECTXWE=[ADMIN], ANALYSISCTXRE=[ADMIN], QUERYCONFIGCTXEPU=[ADMIN], QUERYCONFIGCTXGDE=[ADMIN], SUBSYSTEMTYPESCTXBA=[ADMIN], PURPOSECTXAC=[ADMIN], ANALYSISCTXDI=[ADMIN], RELATIONSHIPSOBJECTIVESCTXWE=[ADMIN], EXTRAACCOUNTINGUNITTYPESCTXAC=[ADMIN], ANALYSISTYPECTXOR=[ADMIN], FINANCIALINDICATORSCTXAC=[ADMIN], QUERYCONFIGCTXPAE=[ADMIN], QUERYCONFIGCTXREE=[ADMIN], SUBJECTSOBJECTIVESCTXWE=[ADMIN], QUERYCONFIGCTXCGU=[ADMIN], REPORTPRINTCTXEP=[ADMIN], QUERYCONFIGCTXDIU=[ADMIN], QUERYCONFIGCTXPYU=[ADMIN], QUERYCONFIGCTXCOU=[ADMIN], EXTRACTQUERYCONFIGURATIONCTXWE=[ADMIN], CUSTOM=[ADMIN], QUERYCONFIGCTXACE=[ADMIN], ANALYSISCTXTR=[ADMIN], RESERVEDINDICATORMOVEMENTSCTXAC=[ADMIN], QUERYCONFIGCTXCGE=[ADMIN], QUERYCONFIGCTXDIE=[ADMIN], ANALYSISTYPECTXGD=[ADMIN], QUERYCONFIGCTXPYE=[ADMIN], ANALYSISTYPECTXPR=[ADMIN], QUERYCONFIGCTXCOE=[ADMIN], REPORTPRINTCTXDI=[ADMIN], FINANCIALACCOUNTINGUNITTYPESCTXAC=[ADMIN], ANALYSISCTXCO=[ADMIN], MEASURESOBJECTIVESCTXWE=[ADMIN], ANALYSISTYPECTXPA=[ADMIN], REPORTPRINTCTXTR=[ADMIN], TYPOLOGIESROLESSUBJECTSCTXPY=[ADMIN], SCHEDULERCTXBA=[ADMIN], ANALYSISCTXCG=[ADMIN], OBJECTIVECODESCTXWE=[ADMIN], QUERYCONFIGCTXCAU=[ADMIN], CALCULATIONFORMULASCTXAC=[ADMIN], REPORTPRINTCTXCG=[ADMIN], FINANCIALINDICATORMOVEMENTSCTXAC=[ADMIN], REPORTPRINTCTXCO=[ADMIN], ECONOMICSPOSITIONSCTXPY=[ADMIN], TYPESRELATIONSHIPSBETWEENSUBJECTSCTXPY=[ADMIN], QUERYCONFIGCTXTRU=[ADMIN], ANALYSISCTXEP=[ADMIN], PERIODSCTXAC=[ADMIN], QUERYCONFIGCTXPRU=[ADMIN], REPORTPRINTCTXBS=[ADMIN], ECONPATRACCOUNTINGUNITTYPESCTXAC=[ADMIN], ECONOMICINDICATORMOVEMENTSCTXAC=[ADMIN], REPORTPRINTCTXRE=[ADMIN], QUERYCONFIGCTXTRE=[ADMIN], ANALYSISTYPECTXRE=[ADMIN], QUERYCONFIGCTXPAU=[ADMIN], QUERYCONFIGCTXPRE=[ADMIN], QUERYCONFIGCTXREU=[ADMIN], QUERYCONFIGCTXEPE=[ADMIN], RANGESOFVALUESCTXAC=[ADMIN], QUERYCONFIG=[ADMIN], TIMESHEETCTXPR=[ADMIN], ANALYSISTYPECTXCG=[ADMIN], TIMESHEET=[ADMIN], TYPOLOGYRELATIONSHIPSOBJECTIVESCTXWE=[ADMIN], ANALYSISTYPECTXCO=[ADMIN], ANALYSISTYPECTXBS=[ADMIN], QUERYCONFIGCTXBAE=[ADMIN], SUBSYSTEMCTXBA=[ADMIN], REQUESTFROMINTERESTEDPARTIESCTXGD=[ADMIN], ANALYSISCTXPR=[ADMIN], DETECTIONTYPECTXAC=[ADMIN], INDICATORSCTXAC=[ADMIN], INDICATORMOVEMENTSCTXAC=[ADMIN], ANALYSISTYPECTXDI=[ADMIN], REPORTPRINTCTXPR=[ADMIN], QUERYCONFIGCTXORU=[ADMIN], TIMESHEETCTXOR=[ADMIN], ANALYSISCTXPA=[ADMIN], ATTACHMENTSOBJECTIVESCTXWE=[ADMIN], UOM=[ADMIN], INTERFACCIAMENTODATI=[ADMIN], TIPOLOGIEPERIODICTXAC=[ADMIN], QUERYCONFIGCTXORE=[ADMIN], RESERVEDINDICATORSCTXAC=[ADMIN], NATUREUNITCONTEXTRCTXAC=[ADMIN], ANALYSISTYPECTXTR=[ADMIN], ANALYSISCTXOR=[ADMIN]}
INFO  2026-04-07 01:07:51.581 i.m.g.m.d.UserPreferenceDaoMB:getUserPreference [http-nio-8081-exec-7] - UserPreference = false
INFO  2026-04-07 01:07:51.581 i.m.g.m.d.ContentAndAttributesDao:getValidMenu [http-nio-8081-exec-3] - getValidMenu
INFO  2026-04-07 01:07:51.662 i.m.g.m.d.ContentAndAttributesDao:getValidMenu [http-nio-8081-exec-3] - size = 102
INFO  2026-04-07 01:07:51.662 i.m.g.m.d.ContentAndAttributesDao:getFolderMenu [http-nio-8081-exec-3] - getFolderMenu
INFO  2026-04-07 01:07:51.693 i.m.g.m.d.ContentAndAttributesDao:getFolderMenu [http-nio-8081-exec-3] - size = 66
INFO  2026-04-07 01:07:51.769 i.m.g.m.d.UserLoginDao:getUserLogin [http-nio-8081-exec-10] - getUserLogin
INFO  2026-04-07 01:07:51.771 i.m.g.m.d.UserLoginDao:getUserLogin [http-nio-8081-exec-10] - size 1
DEBUG 2026-04-07 01:07:51.773 i.m.g.s.JwtTokenFilter:doFilter [http-nio-8081-exec-10] - Token valid for user: developer
INFO  2026-04-07 01:07:51.837 i.m.g.m.d.UserLoginDao:getUserLogin [http-nio-8081-exec-9] - getUserLogin
INFO  2026-04-07 01:07:51.839 i.m.g.m.d.UserLoginDao:getUserLogin [http-nio-8081-exec-9] - size 1
INFO  2026-04-07 01:07:51.837 i.m.g.m.d.UserLoginDao:getUserLogin [http-nio-8081-exec-4] - getUserLogin
INFO  2026-04-07 01:07:51.839 i.m.g.m.d.UserLoginDao:getUserLogin [http-nio-8081-exec-7] - getUserLogin
DEBUG 2026-04-07 01:07:51.840 i.m.g.s.JwtTokenFilter:doFilter [http-nio-8081-exec-9] - Token valid for user: developer
INFO  2026-04-07 01:07:51.842 i.m.g.m.d.UserLoginDao:getUserLogin [http-nio-8081-exec-7] - size 1
INFO  2026-04-07 01:07:51.846 i.m.g.m.d.UserLoginDao:getUserLogin [http-nio-8081-exec-4] - size 1
DEBUG 2026-04-07 01:07:51.847 i.m.g.s.JwtTokenFilter:doFilter [http-nio-8081-exec-7] - Token valid for user: developer
DEBUG 2026-04-07 01:07:51.849 i.m.g.s.JwtTokenFilter:doFilter [http-nio-8081-exec-4] - Token valid for user: developer
INFO  2026-04-07 01:07:51.851 i.m.g.m.d.UserLoginSecurityGroupDao:getDefaultPortalPage [http-nio-8081-exec-4] - getDefaultPortalPage
INFO  2026-04-07 01:07:51.854 i.m.g.m.d.UserLoginSecurityGroupDao:getDefaultPortalPage [http-nio-8081-exec-4] - size 0
INFO  2026-04-07 01:07:51.974 i.m.g.s.NodeService:stream [http-nio-8081-exec-1] - stream default imagePath: /lmm/images/gzoom_logo.jpg
INFO  2026-04-07 01:07:51.975 i.m.g.m.d.PartyContentDao:getPartyContent [http-nio-8081-exec-1] - getPartyContent
INFO  2026-04-07 01:07:51.980 i.m.g.m.d.PartyContentDao:getPartyContent [http-nio-8081-exec-1] - size = 0
INFO  2026-04-07 01:07:52.202 i.m.g.m.d.UserLoginDao:getUserLogin [http-nio-8081-exec-6] - getUserLogin
INFO  2026-04-07 01:07:52.205 i.m.g.m.d.UserLoginDao:getUserLogin [http-nio-8081-exec-6] - size 1
DEBUG 2026-04-07 01:07:52.206 i.m.g.s.JwtTokenFilter:doFilter [http-nio-8081-exec-6] - Token valid for user: developer
INFO  2026-04-07 01:07:52.208 i.m.g.m.d.UserPreferenceDaoMB:getUserPreference [http-nio-8081-exec-6] - find userPreference by id
INFO  2026-04-07 01:07:52.210 i.m.g.m.d.UserPreferenceDaoMB:getUserPreference [http-nio-8081-exec-6] - UserPreference = true
INFO  2026-04-07 01:07:52.212 i.m.g.m.d.UserPreferenceDaoMB:getUserPreference [http-nio-8081-exec-6] - find userPreference by id
INFO  2026-04-07 01:07:52.214 i.m.g.m.d.UserPreferenceDaoMB:getUserPreference [http-nio-8081-exec-6] - UserPreference = false
INFO  2026-04-07 01:07:52.218 i.m.g.m.d.UserLoginDao:getUserLogin [http-nio-8081-exec-2] - getUserLogin
INFO  2026-04-07 01:07:52.225 i.m.g.m.d.UserLoginDao:getUserLogin [http-nio-8081-exec-2] - size 1
INFO  2026-04-07 01:07:52.230 i.m.g.m.d.UserLoginDao:getUserLogin [http-nio-8081-exec-10] - getUserLogin
DEBUG 2026-04-07 01:07:52.245 i.m.g.s.JwtTokenFilter:doFilter [http-nio-8081-exec-2] - Token valid for user: developer
INFO  2026-04-07 01:07:52.254 i.m.g.m.d.UserLoginDao:getUserLogin [http-nio-8081-exec-10] - size 1
DEBUG 2026-04-07 01:07:52.263 i.m.g.s.JwtTokenFilter:doFilter [http-nio-8081-exec-10] - Token valid for user: developer
INFO  2026-04-07 01:07:52.267 i.m.g.m.d.UserLoginDao:getUserLogin [http-nio-8081-exec-5] - getUserLogin
INFO  2026-04-07 01:07:52.266 i.m.g.m.d.UserLoginValidPartyRoleDao:getUserLoginValidPartyRoleList [http-nio-8081-exec-10] - getUserLoginValidPartyRoleList
INFO  2026-04-07 01:07:52.273 i.m.g.m.d.UserLoginDao:getUserLogin [http-nio-8081-exec-5] - size 1
INFO  2026-04-07 01:07:52.275 i.m.g.m.d.UserLoginValidPartyRoleDao:getUserLoginValidPartyRoleList [http-nio-8081-exec-10] - size 0
DEBUG 2026-04-07 01:07:52.288 i.m.g.s.JwtTokenFilter:doFilter [http-nio-8081-exec-5] - Token valid for user: developer
INFO  2026-04-07 01:07:52.289 i.m.g.m.d.UserLoginDao:getUserLogin [http-nio-8081-exec-5] - getUserLogin
INFO  2026-04-07 01:07:52.295 i.m.g.m.d.UserLoginDao:getUserLogin [http-nio-8081-exec-5] - size 1
INFO  2026-04-07 01:07:52.356 i.m.g.m.d.UserLoginDao:getUserLogin [http-nio-8081-exec-7] - getUserLogin
INFO  2026-04-07 01:07:52.336 i.m.g.u.Manifests:getProductInfo [http-nio-8081-exec-4] - getProductInfo2.5.0rc1
ERROR 2026-04-07 01:07:52.358 i.m.g.u.Manifests:initProductDate [http-nio-8081-exec-4] - Invalid product date format in MANIFEST.MF
INFO  2026-04-07 01:07:52.358 i.m.g.u.Manifests:getProductInfo [http-nio-8081-exec-4] - getProductInfoTue Apr 07 01:07:52 CEST 2026
INFO  2026-04-07 01:07:52.382 i.m.g.m.d.UserLoginDao:getUserLogin [http-nio-8081-exec-7] - size 1
DEBUG 2026-04-07 01:07:52.392 i.m.g.s.JwtTokenFilter:doFilter [http-nio-8081-exec-7] - Token valid for user: developer
INFO  2026-04-07 01:11:09.630 i.m.g.m.d.UserLoginDao:getUserLogin [http-nio-8081-exec-6] - getUserLogin
INFO  2026-04-07 01:11:09.634 i.m.g.m.d.UserLoginDao:getUserLogin [http-nio-8081-exec-6] - size 1
DEBUG 2026-04-07 01:11:09.636 i.m.g.s.JwtTokenFilter:doFilter [http-nio-8081-exec-6] - Token valid for user: developer
INFO  2026-04-07 01:11:09.637 i.m.g.m.d.UserCtxPermissionViewDao:selectByUserLoginId [http-nio-8081-exec-6] - get UserCtxPermissionView by userLoginId
INFO  2026-04-07 01:11:09.644 i.m.g.m.d.UserCtxPermissionViewDao:selectByUserLoginId [http-nio-8081-exec-6] - size = 4
INFO  2026-04-07 01:12:09.581 i.m.g.m.d.UserLoginDao:getUserLogin [http-nio-8081-exec-2] - getUserLogin
ERROR 2026-04-07 01:12:09.582 i.m.g.s.c.AuthController:getLoginMethod [http-nio-8081-exec-10] - no oneLoginSSOEnabledPropertyName and keycloakLoginEnabledPropertyName configuration found
INFO  2026-04-07 01:12:09.591 i.m.g.m.d.UserLoginDao:getUserLogin [http-nio-8081-exec-2] - size 1
DEBUG 2026-04-07 01:12:09.592 i.m.g.s.JwtTokenFilter:doFilter [http-nio-8081-exec-2] - Token valid for user: developer
INFO  2026-04-07 01:12:09.594 i.m.g.m.d.UserLoginDao:getUserLogin [http-nio-8081-exec-2] - getUserLogin
INFO  2026-04-07 01:12:09.603 i.m.g.m.d.UserLoginDao:getUserLogin [http-nio-8081-exec-2] - size 1
INFO  2026-04-07 01:12:09.604 i.m.g.m.d.UserLoginDao:getUserLogin [http-nio-8081-exec-2] - getUserLogin
INFO  2026-04-07 01:12:09.608 i.m.g.m.d.UserLoginDao:getUserLogin [http-nio-8081-exec-2] - size 1
INFO  2026-04-07 01:12:10.222 i.m.g.m.d.UserLoginDao:getUserLogin [http-nio-8081-exec-9] - getUserLogin
INFO  2026-04-07 01:12:10.224 i.m.g.m.d.UserLoginDao:getUserLogin [http-nio-8081-exec-7] - getUserLogin
INFO  2026-04-07 01:12:10.227 i.m.g.m.d.UserLoginDao:getUserLogin [http-nio-8081-exec-9] - size 1
DEBUG 2026-04-07 01:12:10.227 i.m.g.s.JwtTokenFilter:doFilter [http-nio-8081-exec-9] - Token valid for user: developer
INFO  2026-04-07 01:12:10.233 i.m.g.m.d.SecurityPermissionDao:getPermission [http-nio-8081-exec-9] - getPermission
INFO  2026-04-07 01:12:10.234 i.m.g.m.d.UserLoginDao:getUserLogin [http-nio-8081-exec-7] - size 1
INFO  2026-04-07 01:12:10.224 i.m.g.m.d.UserLoginDao:getUserLogin [http-nio-8081-exec-8] - getUserLogin
INFO  2026-04-07 01:12:10.240 i.m.g.m.d.UserLoginDao:getUserLogin [http-nio-8081-exec-8] - size 1
DEBUG 2026-04-07 01:12:10.241 i.m.g.s.JwtTokenFilter:doFilter [http-nio-8081-exec-8] - Token valid for user: developer
INFO  2026-04-07 01:12:10.245 i.m.g.m.d.UserCtxPermissionViewDao:selectByUserLoginId [http-nio-8081-exec-8] - get UserCtxPermissionView by userLoginId
DEBUG 2026-04-07 01:12:10.248 i.m.g.s.JwtTokenFilter:doFilter [http-nio-8081-exec-7] - Token valid for user: developer
INFO  2026-04-07 01:12:10.249 i.m.g.m.d.UserLoginDao:getUserLogin [http-nio-8081-exec-7] - getUserLogin
INFO  2026-04-07 01:12:10.250 i.m.g.m.d.PartyNoteDao:getPartyNote [http-nio-8081-exec-6] - getPartyNote
INFO  2026-04-07 01:12:10.255 i.m.g.m.d.PartyNoteDao:getPartyNote [http-nio-8081-exec-6] - size = 0
INFO  2026-04-07 01:12:10.261 i.m.g.m.d.SecurityPermissionDao:getPermission [http-nio-8081-exec-9] - size = 107
INFO  2026-04-07 01:12:10.269 i.m.g.m.d.UserCtxPermissionViewDao:selectByUserLoginId [http-nio-8081-exec-8] - size = 4
INFO  2026-04-07 01:12:10.270 i.m.g.m.d.UserLoginDao:getUserLogin [http-nio-8081-exec-3] - getUserLogin
INFO  2026-04-07 01:12:10.269 i.m.g.m.d.UserLoginDao:getUserLogin [http-nio-8081-exec-7] - size 1
INFO  2026-04-07 01:12:10.271 i.m.g.m.d.UserLoginDao:getUserLogin [http-nio-8081-exec-7] - getUserLogin
INFO  2026-04-07 01:12:10.272 i.m.g.s.MenuService:getMenu [http-nio-8081-exec-9] - mappa2 {TYPESATTACHMENTSOBJECTIVESCTXWE=[ADMIN], REPORTPRINTCTXOR=[ADMIN], UOMTYPE=[ADMIN], REPORTPRINTCTXPA=[ADMIN], ANALYSISCTXBS=[ADMIN], SECURITYGROUPSCTXBA=[ADMIN], ANALYSISTYPECTXEP=[ADMIN], QUERYCONFIGCTXBSU=[ADMIN], APPROVALPATHSCTXBA=[ADMIN], REPORTPRINTCTXGD=[ADMIN], CONSULTINGLOGCTXBA=[ADMIN], QUERYCONFIGCTXGDU=[ADMIN], NOTESOBJECTIVESCTXWE=[ADMIN], WORKEFFORTCTXWE=[ADMIN], QUERYCONFIGCTXBSE=[ADMIN], QUERYCONFIGURATIONCTXWE=[ADMIN], ECONOMICINDICATORSCTXAC=[ADMIN], ANALYSISTYPECTXWE=[ADMIN], ANALYSISCTXRE=[ADMIN], QUERYCONFIGCTXEPU=[ADMIN], QUERYCONFIGCTXGDE=[ADMIN], SUBSYSTEMTYPESCTXBA=[ADMIN], PURPOSECTXAC=[ADMIN], ANALYSISCTXDI=[ADMIN], RELATIONSHIPSOBJECTIVESCTXWE=[ADMIN], EXTRAACCOUNTINGUNITTYPESCTXAC=[ADMIN], ANALYSISTYPECTXOR=[ADMIN], FINANCIALINDICATORSCTXAC=[ADMIN], QUERYCONFIGCTXPAE=[ADMIN], QUERYCONFIGCTXREE=[ADMIN], SUBJECTSOBJECTIVESCTXWE=[ADMIN], QUERYCONFIGCTXCGU=[ADMIN], REPORTPRINTCTXEP=[ADMIN], QUERYCONFIGCTXDIU=[ADMIN], QUERYCONFIGCTXPYU=[ADMIN], QUERYCONFIGCTXCOU=[ADMIN], EXTRACTQUERYCONFIGURATIONCTXWE=[ADMIN], CUSTOM=[ADMIN], QUERYCONFIGCTXACE=[ADMIN], ANALYSISCTXTR=[ADMIN], RESERVEDINDICATORMOVEMENTSCTXAC=[ADMIN], QUERYCONFIGCTXCGE=[ADMIN], QUERYCONFIGCTXDIE=[ADMIN], ANALYSISTYPECTXGD=[ADMIN], QUERYCONFIGCTXPYE=[ADMIN], ANALYSISTYPECTXPR=[ADMIN], QUERYCONFIGCTXCOE=[ADMIN], REPORTPRINTCTXDI=[ADMIN], FINANCIALACCOUNTINGUNITTYPESCTXAC=[ADMIN], ANALYSISCTXCO=[ADMIN], MEASURESOBJECTIVESCTXWE=[ADMIN], ANALYSISTYPECTXPA=[ADMIN], REPORTPRINTCTXTR=[ADMIN], TYPOLOGIESROLESSUBJECTSCTXPY=[ADMIN], SCHEDULERCTXBA=[ADMIN], ANALYSISCTXCG=[ADMIN], OBJECTIVECODESCTXWE=[ADMIN], QUERYCONFIGCTXCAU=[ADMIN], CALCULATIONFORMULASCTXAC=[ADMIN], REPORTPRINTCTXCG=[ADMIN], FINANCIALINDICATORMOVEMENTSCTXAC=[ADMIN], REPORTPRINTCTXCO=[ADMIN], ECONOMICSPOSITIONSCTXPY=[ADMIN], TYPESRELATIONSHIPSBETWEENSUBJECTSCTXPY=[ADMIN], QUERYCONFIGCTXTRU=[ADMIN], ANALYSISCTXEP=[ADMIN], PERIODSCTXAC=[ADMIN], QUERYCONFIGCTXPRU=[ADMIN], REPORTPRINTCTXBS=[ADMIN], ECONPATRACCOUNTINGUNITTYPESCTXAC=[ADMIN], ECONOMICINDICATORMOVEMENTSCTXAC=[ADMIN], REPORTPRINTCTXRE=[ADMIN], QUERYCONFIGCTXTRE=[ADMIN], ANALYSISTYPECTXRE=[ADMIN], QUERYCONFIGCTXPAU=[ADMIN], QUERYCONFIGCTXPRE=[ADMIN], QUERYCONFIGCTXREU=[ADMIN], QUERYCONFIGCTXEPE=[ADMIN], RANGESOFVALUESCTXAC=[ADMIN], QUERYCONFIG=[ADMIN], TIMESHEETCTXPR=[ADMIN], ANALYSISTYPECTXCG=[ADMIN], TIMESHEET=[ADMIN], TYPOLOGYRELATIONSHIPSOBJECTIVESCTXWE=[ADMIN], ANALYSISTYPECTXCO=[ADMIN], ANALYSISTYPECTXBS=[ADMIN], QUERYCONFIGCTXBAE=[ADMIN], SUBSYSTEMCTXBA=[ADMIN], REQUESTFROMINTERESTEDPARTIESCTXGD=[ADMIN], ANALYSISCTXPR=[ADMIN], DETECTIONTYPECTXAC=[ADMIN], INDICATORSCTXAC=[ADMIN], INDICATORMOVEMENTSCTXAC=[ADMIN], ANALYSISTYPECTXDI=[ADMIN], REPORTPRINTCTXPR=[ADMIN], QUERYCONFIGCTXORU=[ADMIN], TIMESHEETCTXOR=[ADMIN], ANALYSISCTXPA=[ADMIN], ATTACHMENTSOBJECTIVESCTXWE=[ADMIN], UOM=[ADMIN], INTERFACCIAMENTODATI=[ADMIN], TIPOLOGIEPERIODICTXAC=[ADMIN], QUERYCONFIGCTXORE=[ADMIN], RESERVEDINDICATORSCTXAC=[ADMIN], NATUREUNITCONTEXTRCTXAC=[ADMIN], ANALYSISTYPECTXTR=[ADMIN], ANALYSISCTXOR=[ADMIN]}
INFO  2026-04-07 01:12:10.274 i.m.g.m.d.UserLoginDao:getUserLogin [http-nio-8081-exec-7] - size 1
INFO  2026-04-07 01:12:10.275 i.m.g.m.d.UserLoginDao:getUserLogin [http-nio-8081-exec-3] - size 1
INFO  2026-04-07 01:12:10.277 i.m.g.m.d.ContentAndAttributesDao:getValidMenu [http-nio-8081-exec-9] - getValidMenu
DEBUG 2026-04-07 01:12:10.278 i.m.g.s.JwtTokenFilter:doFilter [http-nio-8081-exec-3] - Token valid for user: developer
INFO  2026-04-07 01:12:10.282 i.m.g.m.d.UserPreferenceDaoMB:getUserPreference [http-nio-8081-exec-3] - find userPreference by id
INFO  2026-04-07 01:12:10.283 i.m.g.m.d.UserPreferenceDaoMB:getUserPreference [http-nio-8081-exec-3] - UserPreference = false
INFO  2026-04-07 01:12:10.285 i.m.g.m.d.UserPreferenceDaoMB:getUserPreference [http-nio-8081-exec-3] - find userPreference by id
INFO  2026-04-07 01:12:10.286 i.m.g.m.d.UserPreferenceDaoMB:getUserPreference [http-nio-8081-exec-3] - UserPreference = false
INFO  2026-04-07 01:12:10.353 i.m.g.m.d.ContentAndAttributesDao:getValidMenu [http-nio-8081-exec-9] - size = 102
INFO  2026-04-07 01:12:10.355 i.m.g.m.d.ContentAndAttributesDao:getFolderMenu [http-nio-8081-exec-9] - getFolderMenu
INFO  2026-04-07 01:12:10.388 i.m.g.m.d.ContentAndAttributesDao:getFolderMenu [http-nio-8081-exec-9] - size = 66
INFO  2026-04-07 01:12:10.466 i.m.g.m.d.UserLoginDao:getUserLogin [http-nio-8081-exec-5] - getUserLogin
INFO  2026-04-07 01:12:10.469 i.m.g.m.d.UserLoginDao:getUserLogin [http-nio-8081-exec-5] - size 1
DEBUG 2026-04-07 01:12:10.470 i.m.g.s.JwtTokenFilter:doFilter [http-nio-8081-exec-5] - Token valid for user: developer
INFO  2026-04-07 01:12:10.550 i.m.g.m.d.UserLoginDao:getUserLogin [http-nio-8081-exec-6] - getUserLogin
INFO  2026-04-07 01:12:10.559 i.m.g.m.d.UserLoginDao:getUserLogin [http-nio-8081-exec-6] - size 1
INFO  2026-04-07 01:12:10.561 i.m.g.m.d.UserLoginDao:getUserLogin [http-nio-8081-exec-3] - getUserLogin
INFO  2026-04-07 01:12:10.561 i.m.g.m.d.UserLoginDao:getUserLogin [http-nio-8081-exec-8] - getUserLogin
INFO  2026-04-07 01:12:10.563 i.m.g.m.d.UserLoginDao:getUserLogin [http-nio-8081-exec-3] - size 1
DEBUG 2026-04-07 01:12:10.563 i.m.g.s.JwtTokenFilter:doFilter [http-nio-8081-exec-6] - Token valid for user: developer
DEBUG 2026-04-07 01:12:10.564 i.m.g.s.JwtTokenFilter:doFilter [http-nio-8081-exec-3] - Token valid for user: developer
INFO  2026-04-07 01:12:10.565 i.m.g.m.d.UserLoginSecurityGroupDao:getDefaultPortalPage [http-nio-8081-exec-6] - getDefaultPortalPage
INFO  2026-04-07 01:12:10.572 i.m.g.m.d.UserLoginSecurityGroupDao:getDefaultPortalPage [http-nio-8081-exec-6] - size 0
INFO  2026-04-07 01:12:10.596 i.m.g.m.d.UserLoginDao:getUserLogin [http-nio-8081-exec-8] - size 1
DEBUG 2026-04-07 01:12:10.597 i.m.g.s.JwtTokenFilter:doFilter [http-nio-8081-exec-8] - Token valid for user: developer
INFO  2026-04-07 01:12:10.761 i.m.g.s.NodeService:stream [http-nio-8081-exec-7] - stream default imagePath: /lmm/images/gzoom_logo.jpg
INFO  2026-04-07 01:12:10.762 i.m.g.m.d.PartyContentDao:getPartyContent [http-nio-8081-exec-7] - getPartyContent
INFO  2026-04-07 01:12:10.765 i.m.g.m.d.PartyContentDao:getPartyContent [http-nio-8081-exec-7] - size = 0
INFO  2026-04-07 01:12:10.927 i.m.g.m.d.UserLoginDao:getUserLogin [http-nio-8081-exec-10] - getUserLogin
INFO  2026-04-07 01:12:10.930 i.m.g.m.d.UserLoginDao:getUserLogin [http-nio-8081-exec-10] - size 1
INFO  2026-04-07 01:12:10.932 i.m.g.m.d.UserLoginDao:getUserLogin [http-nio-8081-exec-2] - getUserLogin
DEBUG 2026-04-07 01:12:10.932 i.m.g.s.JwtTokenFilter:doFilter [http-nio-8081-exec-10] - Token valid for user: developer
INFO  2026-04-07 01:12:10.934 i.m.g.m.d.UserPreferenceDaoMB:getUserPreference [http-nio-8081-exec-10] - find userPreference by id
INFO  2026-04-07 01:12:10.935 i.m.g.m.d.UserPreferenceDaoMB:getUserPreference [http-nio-8081-exec-10] - UserPreference = true
INFO  2026-04-07 01:12:10.937 i.m.g.m.d.UserPreferenceDaoMB:getUserPreference [http-nio-8081-exec-10] - find userPreference by id
INFO  2026-04-07 01:12:10.938 i.m.g.m.d.UserLoginDao:getUserLogin [http-nio-8081-exec-2] - size 1
INFO  2026-04-07 01:12:10.939 i.m.g.m.d.UserPreferenceDaoMB:getUserPreference [http-nio-8081-exec-10] - UserPreference = false
DEBUG 2026-04-07 01:12:10.939 i.m.g.s.JwtTokenFilter:doFilter [http-nio-8081-exec-2] - Token valid for user: developer
INFO  2026-04-07 01:12:10.948 i.m.g.m.d.UserLoginDao:getUserLogin [http-nio-8081-exec-5] - getUserLogin
INFO  2026-04-07 01:12:10.950 i.m.g.m.d.UserLoginDao:getUserLogin [http-nio-8081-exec-5] - size 1
DEBUG 2026-04-07 01:12:10.951 i.m.g.s.JwtTokenFilter:doFilter [http-nio-8081-exec-5] - Token valid for user: developer
INFO  2026-04-07 01:12:10.957 i.m.g.m.d.UserLoginValidPartyRoleDao:getUserLoginValidPartyRoleList [http-nio-8081-exec-5] - getUserLoginValidPartyRoleList
INFO  2026-04-07 01:12:10.959 i.m.g.m.d.UserLoginDao:getUserLogin [http-nio-8081-exec-4] - getUserLogin
INFO  2026-04-07 01:12:10.971 i.m.g.m.d.UserLoginValidPartyRoleDao:getUserLoginValidPartyRoleList [http-nio-8081-exec-5] - size 0
INFO  2026-04-07 01:12:10.973 i.m.g.m.d.UserLoginDao:getUserLogin [http-nio-8081-exec-4] - size 1
INFO  2026-04-07 01:12:10.973 i.m.g.m.d.UserLoginDao:getUserLogin [http-nio-8081-exec-8] - getUserLogin
INFO  2026-04-07 01:12:10.974 i.m.g.u.Manifests:getProductInfo [http-nio-8081-exec-6] - getProductInfo2.5.0rc1
INFO  2026-04-07 01:12:10.980 i.m.g.m.d.UserLoginDao:getUserLogin [http-nio-8081-exec-8] - size 1
DEBUG 2026-04-07 01:12:10.980 i.m.g.s.JwtTokenFilter:doFilter [http-nio-8081-exec-8] - Token valid for user: developer
DEBUG 2026-04-07 01:12:10.981 i.m.g.s.JwtTokenFilter:doFilter [http-nio-8081-exec-4] - Token valid for user: developer
ERROR 2026-04-07 01:12:10.989 i.m.g.u.Manifests:initProductDate [http-nio-8081-exec-6] - Invalid product date format in MANIFEST.MF
INFO  2026-04-07 01:12:10.989 i.m.g.u.Manifests:getProductInfo [http-nio-8081-exec-6] - getProductInfoTue Apr 07 01:12:10 CEST 2026
INFO  2026-04-07 01:12:10.992 i.m.g.m.d.UserLoginDao:getUserLogin [http-nio-8081-exec-4] - getUserLogin
INFO  2026-04-07 01:12:10.997 i.m.g.m.d.UserLoginDao:getUserLogin [http-nio-8081-exec-4] - size 1
INFO  2026-04-07 01:12:12.277 i.m.g.s.JwtLogoutFilter:doFilter [http-nio-8081-exec-9] - Logged out user: developer
ERROR 2026-04-07 01:12:12.367 i.m.g.s.c.AuthController:getLoginMethod [http-nio-8081-exec-2] - no oneLoginSSOEnabledPropertyName and keycloakLoginEnabledPropertyName configuration found
INFO  2026-04-07 01:12:12.605 i.m.g.m.d.PartyNoteDao:getPartyNote [http-nio-8081-exec-10] - getPartyNote
INFO  2026-04-07 01:12:12.606 i.m.g.m.d.PartyNoteDao:getPartyNote [http-nio-8081-exec-10] - size = 0
INFO  2026-04-07 01:12:12.684 i.m.g.m.d.PartyNoteDao:getPartyNote [http-nio-8081-exec-7] - getPartyNote
INFO  2026-04-07 01:12:12.686 i.m.g.m.d.PartyNoteDao:getPartyNote [http-nio-8081-exec-7] - size = 0
INFO  2026-04-07 01:12:12.905 i.m.g.s.NodeService:stream [http-nio-8081-exec-8] - stream default imagePath: /lmm/images/gzoom_logo_login.jpg
INFO  2026-04-07 01:12:12.906 i.m.g.m.d.PartyContentDao:getPartyContent [http-nio-8081-exec-8] - getPartyContent
INFO  2026-04-07 01:12:12.908 i.m.g.m.d.PartyContentDao:getPartyContent [http-nio-8081-exec-8] - size = 0
INFO  2026-04-07 01:12:12.950 i.m.g.m.d.UserPreferenceDaoMB:getUserPreference [http-nio-8081-exec-6] - find userPreference by id
INFO  2026-04-07 01:12:12.951 i.m.g.m.d.UserPreferenceDaoMB:getUserPreference [http-nio-8081-exec-6] - UserPreference = true
INFO  2026-04-07 01:12:12.976 i.m.g.m.d.NoteDataDao:getNoteDataByPrefValue [http-nio-8081-exec-4] - find note data by prefValue
INFO  2026-04-07 01:12:12.978 i.m.g.m.d.NoteDataDao:getNoteDataByPrefValue [http-nio-8081-exec-4] - size = null
ERROR 2026-04-07 01:12:15.568 i.m.g.s.c.AuthController:getLoginMethod [http-nio-8081-exec-9] - no oneLoginSSOEnabledPropertyName and keycloakLoginEnabledPropertyName configuration found
INFO  2026-04-07 01:12:16.091 i.m.g.m.d.PartyNoteDao:getPartyNote [http-nio-8081-exec-5] - getPartyNote
INFO  2026-04-07 01:12:16.093 i.m.g.m.d.PartyNoteDao:getPartyNote [http-nio-8081-exec-5] - size = 0
INFO  2026-04-07 01:12:16.113 i.m.g.m.d.PartyNoteDao:getPartyNote [http-nio-8081-exec-1] - getPartyNote
INFO  2026-04-07 01:12:16.115 i.m.g.m.d.PartyNoteDao:getPartyNote [http-nio-8081-exec-1] - size = 0
INFO  2026-04-07 01:12:16.290 i.m.g.s.NodeService:stream [http-nio-8081-exec-9] - stream default imagePath: /lmm/images/gzoom_logo_login.jpg
INFO  2026-04-07 01:12:16.291 i.m.g.m.d.UserPreferenceDaoMB:getUserPreference [http-nio-8081-exec-4] - find userPreference by id
INFO  2026-04-07 01:12:16.293 i.m.g.m.d.PartyContentDao:getPartyContent [http-nio-8081-exec-9] - getPartyContent
INFO  2026-04-07 01:12:16.295 i.m.g.m.d.UserPreferenceDaoMB:getUserPreference [http-nio-8081-exec-4] - UserPreference = true
INFO  2026-04-07 01:12:16.310 i.m.g.m.d.PartyContentDao:getPartyContent [http-nio-8081-exec-9] - size = 0
INFO  2026-04-07 01:12:16.346 i.m.g.m.d.NoteDataDao:getNoteDataByPrefValue [http-nio-8081-exec-3] - find note data by prefValue
INFO  2026-04-07 01:12:16.347 i.m.g.m.d.NoteDataDao:getNoteDataByPrefValue [http-nio-8081-exec-3] - size = null
INFO  2026-04-07 01:12:24.130 i.m.g.m.d.UserLoginDao:getUserLogin [http-nio-8081-exec-10] - getUserLogin
INFO  2026-04-07 01:12:24.135 i.m.g.m.d.UserLoginDao:getUserLogin [http-nio-8081-exec-10] - size 1
INFO  2026-04-07 01:12:24.157 i.m.g.m.d.UserLoginDao:getUserLogin [http-nio-8081-exec-2] - getUserLogin
INFO  2026-04-07 01:12:24.159 i.m.g.m.d.UserLoginDao:getUserLogin [http-nio-8081-exec-2] - size 1
INFO  2026-04-07 01:12:24.262 i.m.g.m.d.UserPreferenceDaoMB:getUserPreference [http-nio-8081-exec-2] - find userPreference by id
INFO  2026-04-07 01:12:24.264 i.m.g.m.d.UserPreferenceDaoMB:getUserPreference [http-nio-8081-exec-2] - UserPreference = true
INFO  2026-04-07 01:12:24.267 i.m.g.s.JwtLoginFilter:successfulAuthentication [http-nio-8081-exec-2] - Successfully authenticated user: developer
INFO  2026-04-07 01:12:24.536 i.m.g.m.d.UserLoginDao:getUserLogin [http-nio-8081-exec-7] - getUserLogin
INFO  2026-04-07 01:12:24.538 i.m.g.m.d.UserLoginDao:getUserLogin [http-nio-8081-exec-7] - size 1
DEBUG 2026-04-07 01:12:24.540 i.m.g.s.JwtTokenFilter:doFilter [http-nio-8081-exec-7] - Token valid for user: developer
INFO  2026-04-07 01:12:24.543 i.m.g.m.d.UserCtxPermissionViewDao:selectByUserLoginId [http-nio-8081-exec-7] - get UserCtxPermissionView by userLoginId
INFO  2026-04-07 01:12:24.548 i.m.g.m.d.UserLoginDao:getUserLogin [http-nio-8081-exec-5] - getUserLogin
INFO  2026-04-07 01:12:24.548 i.m.g.m.d.UserLoginDao:getUserLogin [http-nio-8081-exec-1] - getUserLogin
INFO  2026-04-07 01:12:24.548 i.m.g.m.d.UserCtxPermissionViewDao:selectByUserLoginId [http-nio-8081-exec-7] - size = 4
INFO  2026-04-07 01:12:24.550 i.m.g.m.d.UserLoginDao:getUserLogin [http-nio-8081-exec-5] - size 1
DEBUG 2026-04-07 01:12:24.551 i.m.g.s.JwtTokenFilter:doFilter [http-nio-8081-exec-5] - Token valid for user: developer
INFO  2026-04-07 01:12:24.553 i.m.g.m.d.UserLoginDao:getUserLogin [http-nio-8081-exec-5] - getUserLogin
INFO  2026-04-07 01:12:24.555 i.m.g.m.d.UserLoginDao:getUserLogin [http-nio-8081-exec-1] - size 1
INFO  2026-04-07 01:12:24.555 i.m.g.m.d.UserLoginDao:getUserLogin [http-nio-8081-exec-5] - size 1
INFO  2026-04-07 01:12:24.556 i.m.g.m.d.UserLoginDao:getUserLogin [http-nio-8081-exec-5] - getUserLogin
INFO  2026-04-07 01:12:24.557 i.m.g.m.d.UserLoginDao:getUserLogin [http-nio-8081-exec-6] - getUserLogin
INFO  2026-04-07 01:12:24.558 i.m.g.m.d.UserLoginDao:getUserLogin [http-nio-8081-exec-5] - size 1
INFO  2026-04-07 01:12:24.560 i.m.g.m.d.UserLoginDao:getUserLogin [http-nio-8081-exec-6] - size 1
DEBUG 2026-04-07 01:12:24.561 i.m.g.s.JwtTokenFilter:doFilter [http-nio-8081-exec-6] - Token valid for user: developer
INFO  2026-04-07 01:12:24.563 i.m.g.m.d.UserPreferenceDaoMB:getUserPreference [http-nio-8081-exec-6] - find userPreference by id
INFO  2026-04-07 01:12:24.565 i.m.g.m.d.UserPreferenceDaoMB:getUserPreference [http-nio-8081-exec-6] - UserPreference = false
INFO  2026-04-07 01:12:24.566 i.m.g.m.d.UserPreferenceDaoMB:getUserPreference [http-nio-8081-exec-6] - find userPreference by id
INFO  2026-04-07 01:12:24.567 i.m.g.m.d.UserPreferenceDaoMB:getUserPreference [http-nio-8081-exec-6] - UserPreference = false
INFO  2026-04-07 01:12:24.570 i.m.g.m.d.PartyNoteDao:getPartyNote [http-nio-8081-exec-8] - getPartyNote
INFO  2026-04-07 01:12:24.572 i.m.g.m.d.PartyNoteDao:getPartyNote [http-nio-8081-exec-8] - size = 0
DEBUG 2026-04-07 01:12:24.572 i.m.g.s.JwtTokenFilter:doFilter [http-nio-8081-exec-1] - Token valid for user: developer
INFO  2026-04-07 01:12:24.573 i.m.g.m.d.SecurityPermissionDao:getPermission [http-nio-8081-exec-1] - getPermission
INFO  2026-04-07 01:12:24.580 i.m.g.m.d.SecurityPermissionDao:getPermission [http-nio-8081-exec-1] - size = 107
INFO  2026-04-07 01:12:24.583 i.m.g.s.MenuService:getMenu [http-nio-8081-exec-1] - mappa2 {TYPESATTACHMENTSOBJECTIVESCTXWE=[ADMIN], REPORTPRINTCTXOR=[ADMIN], UOMTYPE=[ADMIN], REPORTPRINTCTXPA=[ADMIN], ANALYSISCTXBS=[ADMIN], SECURITYGROUPSCTXBA=[ADMIN], ANALYSISTYPECTXEP=[ADMIN], QUERYCONFIGCTXBSU=[ADMIN], APPROVALPATHSCTXBA=[ADMIN], REPORTPRINTCTXGD=[ADMIN], CONSULTINGLOGCTXBA=[ADMIN], QUERYCONFIGCTXGDU=[ADMIN], NOTESOBJECTIVESCTXWE=[ADMIN], WORKEFFORTCTXWE=[ADMIN], QUERYCONFIGCTXBSE=[ADMIN], QUERYCONFIGURATIONCTXWE=[ADMIN], ECONOMICINDICATORSCTXAC=[ADMIN], ANALYSISTYPECTXWE=[ADMIN], ANALYSISCTXRE=[ADMIN], QUERYCONFIGCTXEPU=[ADMIN], QUERYCONFIGCTXGDE=[ADMIN], SUBSYSTEMTYPESCTXBA=[ADMIN], PURPOSECTXAC=[ADMIN], ANALYSISCTXDI=[ADMIN], RELATIONSHIPSOBJECTIVESCTXWE=[ADMIN], EXTRAACCOUNTINGUNITTYPESCTXAC=[ADMIN], ANALYSISTYPECTXOR=[ADMIN], FINANCIALINDICATORSCTXAC=[ADMIN], QUERYCONFIGCTXPAE=[ADMIN], QUERYCONFIGCTXREE=[ADMIN], SUBJECTSOBJECTIVESCTXWE=[ADMIN], QUERYCONFIGCTXCGU=[ADMIN], REPORTPRINTCTXEP=[ADMIN], QUERYCONFIGCTXDIU=[ADMIN], QUERYCONFIGCTXPYU=[ADMIN], QUERYCONFIGCTXCOU=[ADMIN], EXTRACTQUERYCONFIGURATIONCTXWE=[ADMIN], CUSTOM=[ADMIN], QUERYCONFIGCTXACE=[ADMIN], ANALYSISCTXTR=[ADMIN], RESERVEDINDICATORMOVEMENTSCTXAC=[ADMIN], QUERYCONFIGCTXCGE=[ADMIN], QUERYCONFIGCTXDIE=[ADMIN], ANALYSISTYPECTXGD=[ADMIN], QUERYCONFIGCTXPYE=[ADMIN], ANALYSISTYPECTXPR=[ADMIN], QUERYCONFIGCTXCOE=[ADMIN], REPORTPRINTCTXDI=[ADMIN], FINANCIALACCOUNTINGUNITTYPESCTXAC=[ADMIN], ANALYSISCTXCO=[ADMIN], MEASURESOBJECTIVESCTXWE=[ADMIN], ANALYSISTYPECTXPA=[ADMIN], REPORTPRINTCTXTR=[ADMIN], TYPOLOGIESROLESSUBJECTSCTXPY=[ADMIN], SCHEDULERCTXBA=[ADMIN], ANALYSISCTXCG=[ADMIN], OBJECTIVECODESCTXWE=[ADMIN], QUERYCONFIGCTXCAU=[ADMIN], CALCULATIONFORMULASCTXAC=[ADMIN], REPORTPRINTCTXCG=[ADMIN], FINANCIALINDICATORMOVEMENTSCTXAC=[ADMIN], REPORTPRINTCTXCO=[ADMIN], ECONOMICSPOSITIONSCTXPY=[ADMIN], TYPESRELATIONSHIPSBETWEENSUBJECTSCTXPY=[ADMIN], QUERYCONFIGCTXTRU=[ADMIN], ANALYSISCTXEP=[ADMIN], PERIODSCTXAC=[ADMIN], QUERYCONFIGCTXPRU=[ADMIN], REPORTPRINTCTXBS=[ADMIN], ECONPATRACCOUNTINGUNITTYPESCTXAC=[ADMIN], ECONOMICINDICATORMOVEMENTSCTXAC=[ADMIN], REPORTPRINTCTXRE=[ADMIN], QUERYCONFIGCTXTRE=[ADMIN], ANALYSISTYPECTXRE=[ADMIN], QUERYCONFIGCTXPAU=[ADMIN], QUERYCONFIGCTXPRE=[ADMIN], QUERYCONFIGCTXREU=[ADMIN], QUERYCONFIGCTXEPE=[ADMIN], RANGESOFVALUESCTXAC=[ADMIN], QUERYCONFIG=[ADMIN], TIMESHEETCTXPR=[ADMIN], ANALYSISTYPECTXCG=[ADMIN], TIMESHEET=[ADMIN], TYPOLOGYRELATIONSHIPSOBJECTIVESCTXWE=[ADMIN], ANALYSISTYPECTXCO=[ADMIN], ANALYSISTYPECTXBS=[ADMIN], QUERYCONFIGCTXBAE=[ADMIN], SUBSYSTEMCTXBA=[ADMIN], REQUESTFROMINTERESTEDPARTIESCTXGD=[ADMIN], ANALYSISCTXPR=[ADMIN], DETECTIONTYPECTXAC=[ADMIN], INDICATORSCTXAC=[ADMIN], INDICATORMOVEMENTSCTXAC=[ADMIN], ANALYSISTYPECTXDI=[ADMIN], REPORTPRINTCTXPR=[ADMIN], QUERYCONFIGCTXORU=[ADMIN], TIMESHEETCTXOR=[ADMIN], ANALYSISCTXPA=[ADMIN], ATTACHMENTSOBJECTIVESCTXWE=[ADMIN], UOM=[ADMIN], INTERFACCIAMENTODATI=[ADMIN], TIPOLOGIEPERIODICTXAC=[ADMIN], QUERYCONFIGCTXORE=[ADMIN], RESERVEDINDICATORSCTXAC=[ADMIN], NATUREUNITCONTEXTRCTXAC=[ADMIN], ANALYSISTYPECTXTR=[ADMIN], ANALYSISCTXOR=[ADMIN]}
INFO  2026-04-07 01:12:24.584 i.m.g.m.d.ContentAndAttributesDao:getValidMenu [http-nio-8081-exec-1] - getValidMenu
INFO  2026-04-07 01:12:24.661 i.m.g.m.d.ContentAndAttributesDao:getValidMenu [http-nio-8081-exec-1] - size = 102
INFO  2026-04-07 01:12:24.662 i.m.g.m.d.ContentAndAttributesDao:getFolderMenu [http-nio-8081-exec-1] - getFolderMenu
INFO  2026-04-07 01:12:24.694 i.m.g.m.d.ContentAndAttributesDao:getFolderMenu [http-nio-8081-exec-1] - size = 66
INFO  2026-04-07 01:12:24.818 i.m.g.m.d.UserLoginDao:getUserLogin [http-nio-8081-exec-10] - getUserLogin
INFO  2026-04-07 01:12:24.821 i.m.g.m.d.UserLoginDao:getUserLogin [http-nio-8081-exec-10] - size 1
DEBUG 2026-04-07 01:12:24.822 i.m.g.s.JwtTokenFilter:doFilter [http-nio-8081-exec-10] - Token valid for user: developer
INFO  2026-04-07 01:12:24.847 i.m.g.m.d.UserLoginDao:getUserLogin [http-nio-8081-exec-7] - getUserLogin
INFO  2026-04-07 01:12:24.852 i.m.g.m.d.UserLoginDao:getUserLogin [http-nio-8081-exec-7] - size 1
DEBUG 2026-04-07 01:12:24.856 i.m.g.s.JwtTokenFilter:doFilter [http-nio-8081-exec-7] - Token valid for user: developer
INFO  2026-04-07 01:12:24.858 i.m.g.m.d.UserLoginSecurityGroupDao:getDefaultPortalPage [http-nio-8081-exec-7] - getDefaultPortalPage
INFO  2026-04-07 01:12:24.861 i.m.g.m.d.UserLoginSecurityGroupDao:getDefaultPortalPage [http-nio-8081-exec-7] - size 0
INFO  2026-04-07 01:12:24.872 i.m.g.m.d.UserLoginDao:getUserLogin [http-nio-8081-exec-8] - getUserLogin
INFO  2026-04-07 01:12:24.875 i.m.g.m.d.UserLoginDao:getUserLogin [http-nio-8081-exec-8] - size 1
INFO  2026-04-07 01:12:24.874 i.m.g.m.d.UserLoginDao:getUserLogin [http-nio-8081-exec-6] - getUserLogin
DEBUG 2026-04-07 01:12:24.876 i.m.g.s.JwtTokenFilter:doFilter [http-nio-8081-exec-8] - Token valid for user: developer
INFO  2026-04-07 01:12:24.879 i.m.g.m.d.UserLoginDao:getUserLogin [http-nio-8081-exec-6] - size 1
DEBUG 2026-04-07 01:12:24.888 i.m.g.s.JwtTokenFilter:doFilter [http-nio-8081-exec-6] - Token valid for user: developer
INFO  2026-04-07 01:12:24.973 i.m.g.s.NodeService:stream [http-nio-8081-exec-5] - stream default imagePath: /lmm/images/gzoom_logo.jpg
INFO  2026-04-07 01:12:24.976 i.m.g.m.d.PartyContentDao:getPartyContent [http-nio-8081-exec-5] - getPartyContent
INFO  2026-04-07 01:12:24.981 i.m.g.m.d.PartyContentDao:getPartyContent [http-nio-8081-exec-5] - size = 0
INFO  2026-04-07 01:12:25.247 i.m.g.m.d.UserLoginDao:getUserLogin [http-nio-8081-exec-9] - getUserLogin
INFO  2026-04-07 01:12:25.249 i.m.g.m.d.UserLoginDao:getUserLogin [http-nio-8081-exec-9] - size 1
DEBUG 2026-04-07 01:12:25.250 i.m.g.s.JwtTokenFilter:doFilter [http-nio-8081-exec-9] - Token valid for user: developer
INFO  2026-04-07 01:12:25.261 i.m.g.m.d.UserPreferenceDaoMB:getUserPreference [http-nio-8081-exec-9] - find userPreference by id
INFO  2026-04-07 01:12:25.263 i.m.g.m.d.UserPreferenceDaoMB:getUserPreference [http-nio-8081-exec-9] - UserPreference = true
INFO  2026-04-07 01:12:25.266 i.m.g.m.d.UserPreferenceDaoMB:getUserPreference [http-nio-8081-exec-9] - find userPreference by id
INFO  2026-04-07 01:12:25.271 i.m.g.m.d.UserLoginDao:getUserLogin [http-nio-8081-exec-10] - getUserLogin
INFO  2026-04-07 01:12:25.273 i.m.g.m.d.UserPreferenceDaoMB:getUserPreference [http-nio-8081-exec-9] - UserPreference = false
INFO  2026-04-07 01:12:25.278 i.m.g.m.d.UserLoginDao:getUserLogin [http-nio-8081-exec-10] - size 1
INFO  2026-04-07 01:12:25.281 i.m.g.m.d.UserLoginDao:getUserLogin [http-nio-8081-exec-3] - getUserLogin
DEBUG 2026-04-07 01:12:25.285 i.m.g.s.JwtTokenFilter:doFilter [http-nio-8081-exec-10] - Token valid for user: developer
INFO  2026-04-07 01:12:25.288 i.m.g.m.d.UserLoginDao:getUserLogin [http-nio-8081-exec-2] - getUserLogin
INFO  2026-04-07 01:12:25.297 i.m.g.m.d.UserLoginValidPartyRoleDao:getUserLoginValidPartyRoleList [http-nio-8081-exec-10] - getUserLoginValidPartyRoleList
INFO  2026-04-07 01:12:25.303 i.m.g.m.d.UserLoginValidPartyRoleDao:getUserLoginValidPartyRoleList [http-nio-8081-exec-10] - size 0
INFO  2026-04-07 01:12:25.314 i.m.g.m.d.UserLoginDao:getUserLogin [http-nio-8081-exec-3] - size 1
INFO  2026-04-07 01:12:25.314 i.m.g.m.d.UserLoginDao:getUserLogin [http-nio-8081-exec-2] - size 1
DEBUG 2026-04-07 01:12:25.318 i.m.g.s.JwtTokenFilter:doFilter [http-nio-8081-exec-2] - Token valid for user: developer
INFO  2026-04-07 01:12:25.319 i.m.g.m.d.UserLoginDao:getUserLogin [http-nio-8081-exec-10] - getUserLogin
DEBUG 2026-04-07 01:12:25.316 i.m.g.s.JwtTokenFilter:doFilter [http-nio-8081-exec-3] - Token valid for user: developer
INFO  2026-04-07 01:12:25.324 i.m.g.m.d.UserLoginDao:getUserLogin [http-nio-8081-exec-2] - getUserLogin
INFO  2026-04-07 01:12:25.326 i.m.g.m.d.UserLoginDao:getUserLogin [http-nio-8081-exec-10] - size 1
INFO  2026-04-07 01:12:25.328 i.m.g.m.d.UserLoginDao:getUserLogin [http-nio-8081-exec-2] - size 1
DEBUG 2026-04-07 01:12:25.328 i.m.g.s.JwtTokenFilter:doFilter [http-nio-8081-exec-10] - Token valid for user: developer
INFO  2026-04-07 01:12:25.319 i.m.g.u.Manifests:getProductInfo [http-nio-8081-exec-8] - getProductInfo2.5.0rc1
ERROR 2026-04-07 01:12:25.330 i.m.g.u.Manifests:initProductDate [http-nio-8081-exec-8] - Invalid product date format in MANIFEST.MF
INFO  2026-04-07 01:12:25.333 i.m.g.u.Manifests:getProductInfo [http-nio-8081-exec-8] - getProductInfoTue Apr 07 01:12:25 CEST 2026
INFO  2026-04-07 01:12:53.089 i.m.g.s.JwtLogoutFilter:doFilter [http-nio-8081-exec-1] - Logged out user: developer
ERROR 2026-04-07 01:12:53.409 i.m.g.s.c.AuthController:getLoginMethod [http-nio-8081-exec-7] - no oneLoginSSOEnabledPropertyName and keycloakLoginEnabledPropertyName configuration found
INFO  2026-04-07 01:12:53.583 i.m.g.m.d.PartyNoteDao:getPartyNote [http-nio-8081-exec-6] - getPartyNote
INFO  2026-04-07 01:12:53.586 i.m.g.m.d.PartyNoteDao:getPartyNote [http-nio-8081-exec-6] - size = 0
INFO  2026-04-07 01:12:53.642 i.m.g.m.d.PartyNoteDao:getPartyNote [http-nio-8081-exec-5] - getPartyNote
INFO  2026-04-07 01:12:53.646 i.m.g.m.d.PartyNoteDao:getPartyNote [http-nio-8081-exec-5] - size = 0
INFO  2026-04-07 01:12:54.042 i.m.g.m.d.UserPreferenceDaoMB:getUserPreference [http-nio-8081-exec-2] - find userPreference by id
INFO  2026-04-07 01:12:54.044 i.m.g.m.d.UserPreferenceDaoMB:getUserPreference [http-nio-8081-exec-2] - UserPreference = true
INFO  2026-04-07 01:12:54.074 i.m.g.m.d.NoteDataDao:getNoteDataByPrefValue [http-nio-8081-exec-9] - find note data by prefValue
INFO  2026-04-07 01:12:54.076 i.m.g.m.d.NoteDataDao:getNoteDataByPrefValue [http-nio-8081-exec-9] - size = null
ERROR 2026-04-07 01:12:57.723 i.m.g.s.c.AuthController:getLoginMethod [http-nio-8081-exec-4] - no oneLoginSSOEnabledPropertyName and keycloakLoginEnabledPropertyName configuration found
INFO  2026-04-07 01:12:58.487 i.m.g.m.d.PartyNoteDao:getPartyNote [http-nio-8081-exec-5] - getPartyNote
INFO  2026-04-07 01:12:58.488 i.m.g.m.d.PartyNoteDao:getPartyNote [http-nio-8081-exec-5] - size = 0
INFO  2026-04-07 01:12:58.525 i.m.g.m.d.PartyNoteDao:getPartyNote [http-nio-8081-exec-10] - getPartyNote
INFO  2026-04-07 01:12:58.526 i.m.g.m.d.PartyNoteDao:getPartyNote [http-nio-8081-exec-10] - size = 0
INFO  2026-04-07 01:12:58.598 i.m.g.s.NodeService:stream [http-nio-8081-exec-9] - stream default imagePath: /lmm/images/gzoom_logo_login.jpg
INFO  2026-04-07 01:12:58.598 i.m.g.m.d.UserPreferenceDaoMB:getUserPreference [http-nio-8081-exec-3] - find userPreference by id
INFO  2026-04-07 01:12:58.599 i.m.g.m.d.PartyContentDao:getPartyContent [http-nio-8081-exec-9] - getPartyContent
INFO  2026-04-07 01:12:58.599 i.m.g.m.d.UserPreferenceDaoMB:getUserPreference [http-nio-8081-exec-3] - UserPreference = true
INFO  2026-04-07 01:12:58.601 i.m.g.m.d.PartyContentDao:getPartyContent [http-nio-8081-exec-9] - size = 0
INFO  2026-04-07 01:12:58.625 i.m.g.m.d.NoteDataDao:getNoteDataByPrefValue [http-nio-8081-exec-4] - find note data by prefValue
INFO  2026-04-07 01:12:58.627 i.m.g.m.d.NoteDataDao:getNoteDataByPrefValue [http-nio-8081-exec-4] - size = null
INFO  2026-04-07 01:13:04.723 i.m.g.m.d.UserLoginDao:getUserLogin [http-nio-8081-exec-7] - getUserLogin
INFO  2026-04-07 01:13:04.727 i.m.g.m.d.UserLoginDao:getUserLogin [http-nio-8081-exec-7] - size 1
INFO  2026-04-07 01:13:04.791 i.m.g.m.d.UserLoginDao:getUserLogin [http-nio-8081-exec-1] - getUserLogin
INFO  2026-04-07 01:13:04.793 i.m.g.m.d.UserLoginDao:getUserLogin [http-nio-8081-exec-1] - size 1
INFO  2026-04-07 01:13:04.934 i.m.g.m.d.UserPreferenceDaoMB:getUserPreference [http-nio-8081-exec-1] - find userPreference by id
INFO  2026-04-07 01:13:04.935 i.m.g.m.d.UserPreferenceDaoMB:getUserPreference [http-nio-8081-exec-1] - UserPreference = true
INFO  2026-04-07 01:13:04.936 i.m.g.s.JwtLoginFilter:successfulAuthentication [http-nio-8081-exec-1] - Successfully authenticated user: developer
INFO  2026-04-07 01:13:05.215 i.m.g.m.d.UserLoginDao:getUserLogin [http-nio-8081-exec-6] - getUserLogin
INFO  2026-04-07 01:13:05.217 i.m.g.m.d.UserLoginDao:getUserLogin [http-nio-8081-exec-6] - size 1
DEBUG 2026-04-07 01:13:05.217 i.m.g.s.JwtTokenFilter:doFilter [http-nio-8081-exec-6] - Token valid for user: developer
INFO  2026-04-07 01:13:05.218 i.m.g.m.d.UserCtxPermissionViewDao:selectByUserLoginId [http-nio-8081-exec-6] - get UserCtxPermissionView by userLoginId
INFO  2026-04-07 01:13:05.222 i.m.g.m.d.UserCtxPermissionViewDao:selectByUserLoginId [http-nio-8081-exec-6] - size = 4
INFO  2026-04-07 01:13:05.223 i.m.g.m.d.UserLoginDao:getUserLogin [http-nio-8081-exec-10] - getUserLogin
INFO  2026-04-07 01:13:05.229 i.m.g.m.d.UserLoginDao:getUserLogin [http-nio-8081-exec-6] - getUserLogin
INFO  2026-04-07 01:13:05.229 i.m.g.m.d.UserLoginDao:getUserLogin [http-nio-8081-exec-5] - getUserLogin
INFO  2026-04-07 01:13:05.233 i.m.g.m.d.UserLoginDao:getUserLogin [http-nio-8081-exec-6] - size 1
DEBUG 2026-04-07 01:13:05.234 i.m.g.s.JwtTokenFilter:doFilter [http-nio-8081-exec-6] - Token valid for user: developer
INFO  2026-04-07 01:13:05.234 i.m.g.m.d.PartyNoteDao:getPartyNote [http-nio-8081-exec-8] - getPartyNote
INFO  2026-04-07 01:13:05.235 i.m.g.m.d.UserLoginDao:getUserLogin [http-nio-8081-exec-10] - size 1
INFO  2026-04-07 01:13:05.235 i.m.g.m.d.UserPreferenceDaoMB:getUserPreference [http-nio-8081-exec-6] - find userPreference by id
INFO  2026-04-07 01:13:05.233 i.m.g.m.d.UserLoginDao:getUserLogin [http-nio-8081-exec-5] - size 1
DEBUG 2026-04-07 01:13:05.237 i.m.g.s.JwtTokenFilter:doFilter [http-nio-8081-exec-10] - Token valid for user: developer
INFO  2026-04-07 01:13:05.237 i.m.g.m.d.PartyNoteDao:getPartyNote [http-nio-8081-exec-8] - size = 0
DEBUG 2026-04-07 01:13:05.237 i.m.g.s.JwtTokenFilter:doFilter [http-nio-8081-exec-5] - Token valid for user: developer
INFO  2026-04-07 01:13:05.238 i.m.g.m.d.UserPreferenceDaoMB:getUserPreference [http-nio-8081-exec-6] - UserPreference = false
INFO  2026-04-07 01:13:05.238 i.m.g.m.d.SecurityPermissionDao:getPermission [http-nio-8081-exec-10] - getPermission
INFO  2026-04-07 01:13:05.239 i.m.g.m.d.UserPreferenceDaoMB:getUserPreference [http-nio-8081-exec-6] - find userPreference by id
INFO  2026-04-07 01:13:05.241 i.m.g.m.d.UserPreferenceDaoMB:getUserPreference [http-nio-8081-exec-6] - UserPreference = false
INFO  2026-04-07 01:13:05.242 i.m.g.m.d.UserLoginDao:getUserLogin [http-nio-8081-exec-5] - getUserLogin
INFO  2026-04-07 01:13:05.246 i.m.g.m.d.UserLoginDao:getUserLogin [http-nio-8081-exec-5] - size 1
INFO  2026-04-07 01:13:05.251 i.m.g.m.d.UserLoginDao:getUserLogin [http-nio-8081-exec-5] - getUserLogin
INFO  2026-04-07 01:13:05.252 i.m.g.m.d.SecurityPermissionDao:getPermission [http-nio-8081-exec-10] - size = 107
INFO  2026-04-07 01:13:05.254 i.m.g.s.MenuService:getMenu [http-nio-8081-exec-10] - mappa2 {TYPESATTACHMENTSOBJECTIVESCTXWE=[ADMIN], REPORTPRINTCTXOR=[ADMIN], UOMTYPE=[ADMIN], REPORTPRINTCTXPA=[ADMIN], ANALYSISCTXBS=[ADMIN], SECURITYGROUPSCTXBA=[ADMIN], ANALYSISTYPECTXEP=[ADMIN], QUERYCONFIGCTXBSU=[ADMIN], APPROVALPATHSCTXBA=[ADMIN], REPORTPRINTCTXGD=[ADMIN], CONSULTINGLOGCTXBA=[ADMIN], QUERYCONFIGCTXGDU=[ADMIN], NOTESOBJECTIVESCTXWE=[ADMIN], WORKEFFORTCTXWE=[ADMIN], QUERYCONFIGCTXBSE=[ADMIN], QUERYCONFIGURATIONCTXWE=[ADMIN], ECONOMICINDICATORSCTXAC=[ADMIN], ANALYSISTYPECTXWE=[ADMIN], ANALYSISCTXRE=[ADMIN], QUERYCONFIGCTXEPU=[ADMIN], QUERYCONFIGCTXGDE=[ADMIN], SUBSYSTEMTYPESCTXBA=[ADMIN], PURPOSECTXAC=[ADMIN], ANALYSISCTXDI=[ADMIN], RELATIONSHIPSOBJECTIVESCTXWE=[ADMIN], EXTRAACCOUNTINGUNITTYPESCTXAC=[ADMIN], ANALYSISTYPECTXOR=[ADMIN], FINANCIALINDICATORSCTXAC=[ADMIN], QUERYCONFIGCTXPAE=[ADMIN], QUERYCONFIGCTXREE=[ADMIN], SUBJECTSOBJECTIVESCTXWE=[ADMIN], QUERYCONFIGCTXCGU=[ADMIN], REPORTPRINTCTXEP=[ADMIN], QUERYCONFIGCTXDIU=[ADMIN], QUERYCONFIGCTXPYU=[ADMIN], QUERYCONFIGCTXCOU=[ADMIN], EXTRACTQUERYCONFIGURATIONCTXWE=[ADMIN], CUSTOM=[ADMIN], QUERYCONFIGCTXACE=[ADMIN], ANALYSISCTXTR=[ADMIN], RESERVEDINDICATORMOVEMENTSCTXAC=[ADMIN], QUERYCONFIGCTXCGE=[ADMIN], QUERYCONFIGCTXDIE=[ADMIN], ANALYSISTYPECTXGD=[ADMIN], QUERYCONFIGCTXPYE=[ADMIN], ANALYSISTYPECTXPR=[ADMIN], QUERYCONFIGCTXCOE=[ADMIN], REPORTPRINTCTXDI=[ADMIN], FINANCIALACCOUNTINGUNITTYPESCTXAC=[ADMIN], ANALYSISCTXCO=[ADMIN], MEASURESOBJECTIVESCTXWE=[ADMIN], ANALYSISTYPECTXPA=[ADMIN], REPORTPRINTCTXTR=[ADMIN], TYPOLOGIESROLESSUBJECTSCTXPY=[ADMIN], SCHEDULERCTXBA=[ADMIN], ANALYSISCTXCG=[ADMIN], OBJECTIVECODESCTXWE=[ADMIN], QUERYCONFIGCTXCAU=[ADMIN], CALCULATIONFORMULASCTXAC=[ADMIN], REPORTPRINTCTXCG=[ADMIN], FINANCIALINDICATORMOVEMENTSCTXAC=[ADMIN], REPORTPRINTCTXCO=[ADMIN], ECONOMICSPOSITIONSCTXPY=[ADMIN], TYPESRELATIONSHIPSBETWEENSUBJECTSCTXPY=[ADMIN], QUERYCONFIGCTXTRU=[ADMIN], ANALYSISCTXEP=[ADMIN], PERIODSCTXAC=[ADMIN], QUERYCONFIGCTXPRU=[ADMIN], REPORTPRINTCTXBS=[ADMIN], ECONPATRACCOUNTINGUNITTYPESCTXAC=[ADMIN], ECONOMICINDICATORMOVEMENTSCTXAC=[ADMIN], REPORTPRINTCTXRE=[ADMIN], QUERYCONFIGCTXTRE=[ADMIN], ANALYSISTYPECTXRE=[ADMIN], QUERYCONFIGCTXPAU=[ADMIN], QUERYCONFIGCTXPRE=[ADMIN], QUERYCONFIGCTXREU=[ADMIN], QUERYCONFIGCTXEPE=[ADMIN], RANGESOFVALUESCTXAC=[ADMIN], QUERYCONFIG=[ADMIN], TIMESHEETCTXPR=[ADMIN], ANALYSISTYPECTXCG=[ADMIN], TIMESHEET=[ADMIN], TYPOLOGYRELATIONSHIPSOBJECTIVESCTXWE=[ADMIN], ANALYSISTYPECTXCO=[ADMIN], ANALYSISTYPECTXBS=[ADMIN], QUERYCONFIGCTXBAE=[ADMIN], SUBSYSTEMCTXBA=[ADMIN], REQUESTFROMINTERESTEDPARTIESCTXGD=[ADMIN], ANALYSISCTXPR=[ADMIN], DETECTIONTYPECTXAC=[ADMIN], INDICATORSCTXAC=[ADMIN], INDICATORMOVEMENTSCTXAC=[ADMIN], ANALYSISTYPECTXDI=[ADMIN], REPORTPRINTCTXPR=[ADMIN], QUERYCONFIGCTXORU=[ADMIN], TIMESHEETCTXOR=[ADMIN], ANALYSISCTXPA=[ADMIN], ATTACHMENTSOBJECTIVESCTXWE=[ADMIN], UOM=[ADMIN], INTERFACCIAMENTODATI=[ADMIN], TIPOLOGIEPERIODICTXAC=[ADMIN], QUERYCONFIGCTXORE=[ADMIN], RESERVEDINDICATORSCTXAC=[ADMIN], NATUREUNITCONTEXTRCTXAC=[ADMIN], ANALYSISTYPECTXTR=[ADMIN], ANALYSISCTXOR=[ADMIN]}
INFO  2026-04-07 01:13:05.254 i.m.g.m.d.UserLoginDao:getUserLogin [http-nio-8081-exec-5] - size 1
INFO  2026-04-07 01:13:05.255 i.m.g.m.d.ContentAndAttributesDao:getValidMenu [http-nio-8081-exec-10] - getValidMenu
INFO  2026-04-07 01:13:05.396 i.m.g.m.d.ContentAndAttributesDao:getValidMenu [http-nio-8081-exec-10] - size = 102
INFO  2026-04-07 01:13:05.397 i.m.g.m.d.ContentAndAttributesDao:getFolderMenu [http-nio-8081-exec-10] - getFolderMenu
INFO  2026-04-07 01:13:05.431 i.m.g.m.d.ContentAndAttributesDao:getFolderMenu [http-nio-8081-exec-10] - size = 66
INFO  2026-04-07 01:13:05.481 i.m.g.m.d.UserLoginDao:getUserLogin [http-nio-8081-exec-7] - getUserLogin
INFO  2026-04-07 01:13:05.483 i.m.g.m.d.UserLoginDao:getUserLogin [http-nio-8081-exec-7] - size 1
DEBUG 2026-04-07 01:13:05.483 i.m.g.s.JwtTokenFilter:doFilter [http-nio-8081-exec-7] - Token valid for user: developer
INFO  2026-04-07 01:13:05.556 i.m.g.m.d.UserLoginDao:getUserLogin [http-nio-8081-exec-2] - getUserLogin
INFO  2026-04-07 01:13:05.561 i.m.g.m.d.UserLoginDao:getUserLogin [http-nio-8081-exec-2] - size 1
DEBUG 2026-04-07 01:13:05.562 i.m.g.s.JwtTokenFilter:doFilter [http-nio-8081-exec-2] - Token valid for user: developer
INFO  2026-04-07 01:13:05.562 i.m.g.m.d.UserLoginSecurityGroupDao:getDefaultPortalPage [http-nio-8081-exec-2] - getDefaultPortalPage
INFO  2026-04-07 01:13:05.564 i.m.g.m.d.UserLoginDao:getUserLogin [http-nio-8081-exec-8] - getUserLogin
INFO  2026-04-07 01:13:05.564 i.m.g.m.d.UserLoginSecurityGroupDao:getDefaultPortalPage [http-nio-8081-exec-2] - size 0
INFO  2026-04-07 01:13:05.567 i.m.g.m.d.UserLoginDao:getUserLogin [http-nio-8081-exec-2] - getUserLogin
INFO  2026-04-07 01:13:05.568 i.m.g.m.d.UserLoginDao:getUserLogin [http-nio-8081-exec-2] - size 1
DEBUG 2026-04-07 01:13:05.570 i.m.g.s.JwtTokenFilter:doFilter [http-nio-8081-exec-2] - Token valid for user: developer
INFO  2026-04-07 01:13:05.575 i.m.g.m.d.UserLoginDao:getUserLogin [http-nio-8081-exec-8] - size 1
DEBUG 2026-04-07 01:13:05.576 i.m.g.s.JwtTokenFilter:doFilter [http-nio-8081-exec-8] - Token valid for user: developer
INFO  2026-04-07 01:13:05.667 i.m.g.s.NodeService:stream [http-nio-8081-exec-5] - stream default imagePath: /lmm/images/gzoom_logo.jpg
INFO  2026-04-07 01:13:05.669 i.m.g.m.d.PartyContentDao:getPartyContent [http-nio-8081-exec-5] - getPartyContent
INFO  2026-04-07 01:13:05.672 i.m.g.m.d.PartyContentDao:getPartyContent [http-nio-8081-exec-5] - size = 0
INFO  2026-04-07 01:13:05.890 i.m.g.m.d.UserLoginDao:getUserLogin [http-nio-8081-exec-4] - getUserLogin
INFO  2026-04-07 01:13:05.888 i.m.g.m.d.UserLoginDao:getUserLogin [http-nio-8081-exec-3] - getUserLogin
INFO  2026-04-07 01:13:05.896 i.m.g.m.d.UserLoginDao:getUserLogin [http-nio-8081-exec-4] - size 1
DEBUG 2026-04-07 01:13:05.899 i.m.g.s.JwtTokenFilter:doFilter [http-nio-8081-exec-4] - Token valid for user: developer
INFO  2026-04-07 01:13:05.900 i.m.g.m.d.UserLoginDao:getUserLogin [http-nio-8081-exec-7] - getUserLogin
INFO  2026-04-07 01:13:05.898 i.m.g.m.d.UserLoginDao:getUserLogin [http-nio-8081-exec-3] - size 1
DEBUG 2026-04-07 01:13:05.901 i.m.g.s.JwtTokenFilter:doFilter [http-nio-8081-exec-3] - Token valid for user: developer
INFO  2026-04-07 01:13:05.903 i.m.g.m.d.UserLoginDao:getUserLogin [http-nio-8081-exec-7] - size 1
INFO  2026-04-07 01:13:05.903 i.m.g.m.d.UserPreferenceDaoMB:getUserPreference [http-nio-8081-exec-3] - find userPreference by id
INFO  2026-04-07 01:13:05.903 i.m.g.m.d.UserLoginDao:getUserLogin [http-nio-8081-exec-1] - getUserLogin
DEBUG 2026-04-07 01:13:05.904 i.m.g.s.JwtTokenFilter:doFilter [http-nio-8081-exec-7] - Token valid for user: developer
INFO  2026-04-07 01:13:05.906 i.m.g.m.d.UserLoginValidPartyRoleDao:getUserLoginValidPartyRoleList [http-nio-8081-exec-7] - getUserLoginValidPartyRoleList
INFO  2026-04-07 01:13:05.905 i.m.g.m.d.UserPreferenceDaoMB:getUserPreference [http-nio-8081-exec-3] - UserPreference = true
INFO  2026-04-07 01:13:05.908 i.m.g.m.d.UserPreferenceDaoMB:getUserPreference [http-nio-8081-exec-3] - find userPreference by id
INFO  2026-04-07 01:13:05.908 i.m.g.m.d.UserLoginValidPartyRoleDao:getUserLoginValidPartyRoleList [http-nio-8081-exec-7] - size 0
INFO  2026-04-07 01:13:05.909 i.m.g.m.d.UserPreferenceDaoMB:getUserPreference [http-nio-8081-exec-3] - UserPreference = false
INFO  2026-04-07 01:13:05.912 i.m.g.m.d.UserLoginDao:getUserLogin [http-nio-8081-exec-1] - size 1
DEBUG 2026-04-07 01:13:05.916 i.m.g.s.JwtTokenFilter:doFilter [http-nio-8081-exec-1] - Token valid for user: developer
INFO  2026-04-07 01:13:05.918 i.m.g.m.d.UserLoginDao:getUserLogin [http-nio-8081-exec-1] - getUserLogin
INFO  2026-04-07 01:13:05.920 i.m.g.m.d.UserLoginDao:getUserLogin [http-nio-8081-exec-1] - size 1
INFO  2026-04-07 01:13:05.924 i.m.g.u.Manifests:getProductInfo [http-nio-8081-exec-6] - getProductInfo2.5.0rc1
ERROR 2026-04-07 01:13:05.927 i.m.g.u.Manifests:initProductDate [http-nio-8081-exec-6] - Invalid product date format in MANIFEST.MF
INFO  2026-04-07 01:13:05.935 i.m.g.u.Manifests:getProductInfo [http-nio-8081-exec-6] - getProductInfoTue Apr 07 01:13:05 CEST 2026
INFO  2026-04-07 01:13:05.927 i.m.g.m.d.UserLoginDao:getUserLogin [http-nio-8081-exec-8] - getUserLogin
INFO  2026-04-07 01:13:05.945 i.m.g.m.d.UserLoginDao:getUserLogin [http-nio-8081-exec-8] - size 1
DEBUG 2026-04-07 01:13:05.947 i.m.g.s.JwtTokenFilter:doFilter [http-nio-8081-exec-8] - Token valid for user: developer
ERROR 2026-04-07 01:17:20.613 i.m.g.s.c.AuthController:getLoginMethod [http-nio-8081-exec-4] - no oneLoginSSOEnabledPropertyName and keycloakLoginEnabledPropertyName configuration found
INFO  2026-04-07 01:17:20.619 i.m.g.m.d.UserLoginDao:getUserLogin [http-nio-8081-exec-10] - getUserLogin
INFO  2026-04-07 01:17:20.653 i.m.g.m.d.UserLoginDao:getUserLogin [http-nio-8081-exec-10] - size 1
DEBUG 2026-04-07 01:17:20.655 i.m.g.s.JwtTokenFilter:doFilter [http-nio-8081-exec-10] - Token valid for user: developer
INFO  2026-04-07 01:17:20.657 i.m.g.m.d.UserLoginDao:getUserLogin [http-nio-8081-exec-10] - getUserLogin
INFO  2026-04-07 01:17:20.663 i.m.g.m.d.UserLoginDao:getUserLogin [http-nio-8081-exec-10] - size 1
INFO  2026-04-07 01:17:20.664 i.m.g.m.d.UserLoginDao:getUserLogin [http-nio-8081-exec-10] - getUserLogin
INFO  2026-04-07 01:17:20.669 i.m.g.m.d.UserLoginDao:getUserLogin [http-nio-8081-exec-10] - size 1
INFO  2026-04-07 01:17:21.507 i.m.g.m.d.UserLoginDao:getUserLogin [http-nio-8081-exec-9] - getUserLogin
INFO  2026-04-07 01:17:21.515 i.m.g.m.d.UserLoginDao:getUserLogin [http-nio-8081-exec-8] - getUserLogin
INFO  2026-04-07 01:17:21.516 i.m.g.m.d.UserLoginDao:getUserLogin [http-nio-8081-exec-5] - getUserLogin
INFO  2026-04-07 01:17:21.533 i.m.g.m.d.UserLoginDao:getUserLogin [http-nio-8081-exec-5] - size 1
DEBUG 2026-04-07 01:17:21.534 i.m.g.s.JwtTokenFilter:doFilter [http-nio-8081-exec-5] - Token valid for user: developer
INFO  2026-04-07 01:17:21.535 i.m.g.m.d.UserLoginDao:getUserLogin [http-nio-8081-exec-2] - getUserLogin
INFO  2026-04-07 01:17:21.535 i.m.g.m.d.UserLoginDao:getUserLogin [http-nio-8081-exec-9] - size 1
INFO  2026-04-07 01:17:21.535 i.m.g.m.d.UserLoginDao:getUserLogin [http-nio-8081-exec-8] - size 1
INFO  2026-04-07 01:17:21.535 i.m.g.m.d.SecurityPermissionDao:getPermission [http-nio-8081-exec-5] - getPermission
DEBUG 2026-04-07 01:17:21.536 i.m.g.s.JwtTokenFilter:doFilter [http-nio-8081-exec-8] - Token valid for user: developer
INFO  2026-04-07 01:17:21.538 i.m.g.m.d.UserLoginDao:getUserLogin [http-nio-8081-exec-8] - getUserLogin
INFO  2026-04-07 01:17:21.546 i.m.g.m.d.UserLoginDao:getUserLogin [http-nio-8081-exec-8] - size 1
INFO  2026-04-07 01:17:21.547 i.m.g.m.d.UserLoginDao:getUserLogin [http-nio-8081-exec-8] - getUserLogin
DEBUG 2026-04-07 01:17:21.554 i.m.g.s.JwtTokenFilter:doFilter [http-nio-8081-exec-9] - Token valid for user: developer
INFO  2026-04-07 01:17:21.555 i.m.g.m.d.UserLoginDao:getUserLogin [http-nio-8081-exec-8] - size 1
INFO  2026-04-07 01:17:21.551 i.m.g.m.d.PartyNoteDao:getPartyNote [http-nio-8081-exec-6] - getPartyNote
INFO  2026-04-07 01:17:21.577 i.m.g.m.d.UserLoginDao:getUserLogin [http-nio-8081-exec-2] - size 1
DEBUG 2026-04-07 01:17:21.578 i.m.g.s.JwtTokenFilter:doFilter [http-nio-8081-exec-2] - Token valid for user: developer
INFO  2026-04-07 01:17:21.586 i.m.g.m.d.PartyNoteDao:getPartyNote [http-nio-8081-exec-6] - size = 0
INFO  2026-04-07 01:17:21.587 i.m.g.m.d.UserPreferenceDaoMB:getUserPreference [http-nio-8081-exec-2] - find userPreference by id
INFO  2026-04-07 01:17:21.577 i.m.g.m.d.UserCtxPermissionViewDao:selectByUserLoginId [http-nio-8081-exec-9] - get UserCtxPermissionView by userLoginId
INFO  2026-04-07 01:17:21.592 i.m.g.m.d.UserPreferenceDaoMB:getUserPreference [http-nio-8081-exec-2] - UserPreference = false
INFO  2026-04-07 01:17:21.595 i.m.g.m.d.UserPreferenceDaoMB:getUserPreference [http-nio-8081-exec-2] - find userPreference by id
INFO  2026-04-07 01:17:21.598 i.m.g.m.d.UserPreferenceDaoMB:getUserPreference [http-nio-8081-exec-2] - UserPreference = false
INFO  2026-04-07 01:17:21.602 i.m.g.m.d.SecurityPermissionDao:getPermission [http-nio-8081-exec-5] - size = 107
INFO  2026-04-07 01:17:21.605 i.m.g.s.MenuService:getMenu [http-nio-8081-exec-5] - mappa2 {TYPESATTACHMENTSOBJECTIVESCTXWE=[ADMIN], REPORTPRINTCTXOR=[ADMIN], UOMTYPE=[ADMIN], REPORTPRINTCTXPA=[ADMIN], ANALYSISCTXBS=[ADMIN], SECURITYGROUPSCTXBA=[ADMIN], ANALYSISTYPECTXEP=[ADMIN], QUERYCONFIGCTXBSU=[ADMIN], APPROVALPATHSCTXBA=[ADMIN], REPORTPRINTCTXGD=[ADMIN], CONSULTINGLOGCTXBA=[ADMIN], QUERYCONFIGCTXGDU=[ADMIN], NOTESOBJECTIVESCTXWE=[ADMIN], WORKEFFORTCTXWE=[ADMIN], QUERYCONFIGCTXBSE=[ADMIN], QUERYCONFIGURATIONCTXWE=[ADMIN], ECONOMICINDICATORSCTXAC=[ADMIN], ANALYSISTYPECTXWE=[ADMIN], ANALYSISCTXRE=[ADMIN], QUERYCONFIGCTXEPU=[ADMIN], QUERYCONFIGCTXGDE=[ADMIN], SUBSYSTEMTYPESCTXBA=[ADMIN], PURPOSECTXAC=[ADMIN], ANALYSISCTXDI=[ADMIN], RELATIONSHIPSOBJECTIVESCTXWE=[ADMIN], EXTRAACCOUNTINGUNITTYPESCTXAC=[ADMIN], ANALYSISTYPECTXOR=[ADMIN], FINANCIALINDICATORSCTXAC=[ADMIN], QUERYCONFIGCTXPAE=[ADMIN], QUERYCONFIGCTXREE=[ADMIN], SUBJECTSOBJECTIVESCTXWE=[ADMIN], QUERYCONFIGCTXCGU=[ADMIN], REPORTPRINTCTXEP=[ADMIN], QUERYCONFIGCTXDIU=[ADMIN], QUERYCONFIGCTXPYU=[ADMIN], QUERYCONFIGCTXCOU=[ADMIN], EXTRACTQUERYCONFIGURATIONCTXWE=[ADMIN], CUSTOM=[ADMIN], QUERYCONFIGCTXACE=[ADMIN], ANALYSISCTXTR=[ADMIN], RESERVEDINDICATORMOVEMENTSCTXAC=[ADMIN], QUERYCONFIGCTXCGE=[ADMIN], QUERYCONFIGCTXDIE=[ADMIN], ANALYSISTYPECTXGD=[ADMIN], QUERYCONFIGCTXPYE=[ADMIN], ANALYSISTYPECTXPR=[ADMIN], QUERYCONFIGCTXCOE=[ADMIN], REPORTPRINTCTXDI=[ADMIN], FINANCIALACCOUNTINGUNITTYPESCTXAC=[ADMIN], ANALYSISCTXCO=[ADMIN], MEASURESOBJECTIVESCTXWE=[ADMIN], ANALYSISTYPECTXPA=[ADMIN], REPORTPRINTCTXTR=[ADMIN], TYPOLOGIESROLESSUBJECTSCTXPY=[ADMIN], SCHEDULERCTXBA=[ADMIN], ANALYSISCTXCG=[ADMIN], OBJECTIVECODESCTXWE=[ADMIN], QUERYCONFIGCTXCAU=[ADMIN], CALCULATIONFORMULASCTXAC=[ADMIN], REPORTPRINTCTXCG=[ADMIN], FINANCIALINDICATORMOVEMENTSCTXAC=[ADMIN], REPORTPRINTCTXCO=[ADMIN], ECONOMICSPOSITIONSCTXPY=[ADMIN], TYPESRELATIONSHIPSBETWEENSUBJECTSCTXPY=[ADMIN], QUERYCONFIGCTXTRU=[ADMIN], ANALYSISCTXEP=[ADMIN], PERIODSCTXAC=[ADMIN], QUERYCONFIGCTXPRU=[ADMIN], REPORTPRINTCTXBS=[ADMIN], ECONPATRACCOUNTINGUNITTYPESCTXAC=[ADMIN], ECONOMICINDICATORMOVEMENTSCTXAC=[ADMIN], REPORTPRINTCTXRE=[ADMIN], QUERYCONFIGCTXTRE=[ADMIN], ANALYSISTYPECTXRE=[ADMIN], QUERYCONFIGCTXPAU=[ADMIN], QUERYCONFIGCTXPRE=[ADMIN], QUERYCONFIGCTXREU=[ADMIN], QUERYCONFIGCTXEPE=[ADMIN], RANGESOFVALUESCTXAC=[ADMIN], QUERYCONFIG=[ADMIN], TIMESHEETCTXPR=[ADMIN], ANALYSISTYPECTXCG=[ADMIN], TIMESHEET=[ADMIN], TYPOLOGYRELATIONSHIPSOBJECTIVESCTXWE=[ADMIN], ANALYSISTYPECTXCO=[ADMIN], ANALYSISTYPECTXBS=[ADMIN], QUERYCONFIGCTXBAE=[ADMIN], SUBSYSTEMCTXBA=[ADMIN], REQUESTFROMINTERESTEDPARTIESCTXGD=[ADMIN], ANALYSISCTXPR=[ADMIN], DETECTIONTYPECTXAC=[ADMIN], INDICATORSCTXAC=[ADMIN], INDICATORMOVEMENTSCTXAC=[ADMIN], ANALYSISTYPECTXDI=[ADMIN], REPORTPRINTCTXPR=[ADMIN], QUERYCONFIGCTXORU=[ADMIN], TIMESHEETCTXOR=[ADMIN], ANALYSISCTXPA=[ADMIN], ATTACHMENTSOBJECTIVESCTXWE=[ADMIN], UOM=[ADMIN], INTERFACCIAMENTODATI=[ADMIN], TIPOLOGIEPERIODICTXAC=[ADMIN], QUERYCONFIGCTXORE=[ADMIN], RESERVEDINDICATORSCTXAC=[ADMIN], NATUREUNITCONTEXTRCTXAC=[ADMIN], ANALYSISTYPECTXTR=[ADMIN], ANALYSISCTXOR=[ADMIN]}
INFO  2026-04-07 01:17:21.605 i.m.g.m.d.ContentAndAttributesDao:getValidMenu [http-nio-8081-exec-5] - getValidMenu
INFO  2026-04-07 01:17:21.631 i.m.g.m.d.UserCtxPermissionViewDao:selectByUserLoginId [http-nio-8081-exec-9] - size = 15
INFO  2026-04-07 01:17:21.703 i.m.g.m.d.ContentAndAttributesDao:getValidMenu [http-nio-8081-exec-5] - size = 102
INFO  2026-04-07 01:17:21.704 i.m.g.m.d.ContentAndAttributesDao:getFolderMenu [http-nio-8081-exec-5] - getFolderMenu
INFO  2026-04-07 01:17:21.754 i.m.g.m.d.ContentAndAttributesDao:getFolderMenu [http-nio-8081-exec-5] - size = 66
INFO  2026-04-07 01:17:21.878 i.m.g.m.d.UserLoginDao:getUserLogin [http-nio-8081-exec-7] - getUserLogin
INFO  2026-04-07 01:17:21.886 i.m.g.m.d.UserLoginDao:getUserLogin [http-nio-8081-exec-7] - size 1
DEBUG 2026-04-07 01:17:21.888 i.m.g.s.JwtTokenFilter:doFilter [http-nio-8081-exec-7] - Token valid for user: developer
INFO  2026-04-07 01:17:21.982 i.m.g.m.d.UserLoginDao:getUserLogin [http-nio-8081-exec-1] - getUserLogin
INFO  2026-04-07 01:17:21.987 i.m.g.m.d.UserLoginDao:getUserLogin [http-nio-8081-exec-1] - size 1
DEBUG 2026-04-07 01:17:21.991 i.m.g.s.JwtTokenFilter:doFilter [http-nio-8081-exec-1] - Token valid for user: developer
INFO  2026-04-07 01:17:21.993 i.m.g.m.d.UserLoginSecurityGroupDao:getDefaultPortalPage [http-nio-8081-exec-1] - getDefaultPortalPage
INFO  2026-04-07 01:17:21.999 i.m.g.m.d.UserLoginDao:getUserLogin [http-nio-8081-exec-6] - getUserLogin
INFO  2026-04-07 01:17:22.001 i.m.g.m.d.UserLoginDao:getUserLogin [http-nio-8081-exec-8] - getUserLogin
INFO  2026-04-07 01:17:22.006 i.m.g.m.d.UserLoginSecurityGroupDao:getDefaultPortalPage [http-nio-8081-exec-1] - size 0
INFO  2026-04-07 01:17:22.010 i.m.g.m.d.UserLoginDao:getUserLogin [http-nio-8081-exec-8] - size 1
DEBUG 2026-04-07 01:17:22.014 i.m.g.s.JwtTokenFilter:doFilter [http-nio-8081-exec-8] - Token valid for user: developer
INFO  2026-04-07 01:17:22.066 i.m.g.m.d.UserLoginDao:getUserLogin [http-nio-8081-exec-6] - size 1
DEBUG 2026-04-07 01:17:22.067 i.m.g.s.JwtTokenFilter:doFilter [http-nio-8081-exec-6] - Token valid for user: developer
INFO  2026-04-07 01:17:22.312 i.m.g.s.NodeService:stream [http-nio-8081-exec-2] - stream default imagePath: /lmm/images/gzoom_logo.jpg
INFO  2026-04-07 01:17:22.315 i.m.g.m.d.PartyContentDao:getPartyContent [http-nio-8081-exec-2] - getPartyContent
INFO  2026-04-07 01:17:22.327 i.m.g.m.d.PartyContentDao:getPartyContent [http-nio-8081-exec-2] - size = 0
INFO  2026-04-07 01:17:22.397 i.m.g.m.d.UserLoginDao:getUserLogin [http-nio-8081-exec-4] - getUserLogin
INFO  2026-04-07 01:17:22.402 i.m.g.m.d.UserLoginDao:getUserLogin [http-nio-8081-exec-5] - getUserLogin
INFO  2026-04-07 01:17:22.411 i.m.g.m.d.UserLoginDao:getUserLogin [http-nio-8081-exec-4] - size 1
INFO  2026-04-07 01:17:22.411 i.m.g.m.d.UserLoginDao:getUserLogin [http-nio-8081-exec-3] - getUserLogin
INFO  2026-04-07 01:17:22.397 i.m.g.m.d.UserLoginDao:getUserLogin [http-nio-8081-exec-7] - getUserLogin
INFO  2026-04-07 01:17:22.415 i.m.g.m.d.UserLoginDao:getUserLogin [http-nio-8081-exec-7] - size 1
DEBUG 2026-04-07 01:17:22.417 i.m.g.s.JwtTokenFilter:doFilter [http-nio-8081-exec-7] - Token valid for user: developer
INFO  2026-04-07 01:17:22.420 i.m.g.m.d.UserLoginValidPartyRoleDao:getUserLoginValidPartyRoleList [http-nio-8081-exec-7] - getUserLoginValidPartyRoleList
INFO  2026-04-07 01:17:22.421 i.m.g.m.d.UserLoginDao:getUserLogin [http-nio-8081-exec-5] - size 1
DEBUG 2026-04-07 01:17:22.422 i.m.g.s.JwtTokenFilter:doFilter [http-nio-8081-exec-5] - Token valid for user: developer
INFO  2026-04-07 01:17:22.425 i.m.g.m.d.UserLoginValidPartyRoleDao:getUserLoginValidPartyRoleList [http-nio-8081-exec-7] - size 0
INFO  2026-04-07 01:17:22.427 i.m.g.m.d.UserPreferenceDaoMB:getUserPreference [http-nio-8081-exec-5] - find userPreference by id
INFO  2026-04-07 01:17:22.437 i.m.g.m.d.UserPreferenceDaoMB:getUserPreference [http-nio-8081-exec-5] - UserPreference = true
INFO  2026-04-07 01:17:22.439 i.m.g.m.d.UserPreferenceDaoMB:getUserPreference [http-nio-8081-exec-5] - find userPreference by id
INFO  2026-04-07 01:17:22.441 i.m.g.m.d.UserPreferenceDaoMB:getUserPreference [http-nio-8081-exec-5] - UserPreference = false
INFO  2026-04-07 01:17:22.445 i.m.g.u.Manifests:getProductInfo [http-nio-8081-exec-8] - getProductInfo2.5.0rc1
ERROR 2026-04-07 01:17:22.446 i.m.g.u.Manifests:initProductDate [http-nio-8081-exec-8] - Invalid product date format in MANIFEST.MF
INFO  2026-04-07 01:17:22.446 i.m.g.u.Manifests:getProductInfo [http-nio-8081-exec-8] - getProductInfoTue Apr 07 01:17:22 CEST 2026
DEBUG 2026-04-07 01:17:22.453 i.m.g.s.JwtTokenFilter:doFilter [http-nio-8081-exec-4] - Token valid for user: developer
INFO  2026-04-07 01:17:22.465 i.m.g.m.d.UserLoginDao:getUserLogin [http-nio-8081-exec-3] - size 1
DEBUG 2026-04-07 01:17:22.496 i.m.g.s.JwtTokenFilter:doFilter [http-nio-8081-exec-3] - Token valid for user: developer
INFO  2026-04-07 01:17:22.497 i.m.g.m.d.UserLoginDao:getUserLogin [http-nio-8081-exec-3] - getUserLogin
INFO  2026-04-07 01:17:22.542 i.m.g.m.d.UserLoginDao:getUserLogin [http-nio-8081-exec-3] - size 1
INFO  2026-04-07 01:17:22.647 i.m.g.m.d.UserLoginDao:getUserLogin [http-nio-8081-exec-1] - getUserLogin
INFO  2026-04-07 01:17:22.681 i.m.g.m.d.UserLoginDao:getUserLogin [http-nio-8081-exec-1] - size 1
DEBUG 2026-04-07 01:17:22.689 i.m.g.s.JwtTokenFilter:doFilter [http-nio-8081-exec-1] - Token valid for user: developer
INFO  2026-04-07 01:17:23.992 i.m.g.s.JwtLogoutFilter:doFilter [http-nio-8081-exec-6] - Logged out user: developer
ERROR 2026-04-07 01:17:24.083 i.m.g.s.c.AuthController:getLoginMethod [http-nio-8081-exec-5] - no oneLoginSSOEnabledPropertyName and keycloakLoginEnabledPropertyName configuration found
INFO  2026-04-07 01:17:24.258 i.m.g.m.d.PartyNoteDao:getPartyNote [http-nio-8081-exec-7] - getPartyNote
INFO  2026-04-07 01:17:24.263 i.m.g.m.d.PartyNoteDao:getPartyNote [http-nio-8081-exec-7] - size = 0
INFO  2026-04-07 01:17:24.283 i.m.g.m.d.PartyNoteDao:getPartyNote [http-nio-8081-exec-4] - getPartyNote
INFO  2026-04-07 01:17:24.285 i.m.g.m.d.PartyNoteDao:getPartyNote [http-nio-8081-exec-4] - size = 0
INFO  2026-04-07 01:17:24.438 i.m.g.s.NodeService:stream [http-nio-8081-exec-2] - stream default imagePath: /lmm/images/gzoom_logo_login.jpg
INFO  2026-04-07 01:17:24.440 i.m.g.m.d.PartyContentDao:getPartyContent [http-nio-8081-exec-2] - getPartyContent
INFO  2026-04-07 01:17:24.455 i.m.g.m.d.PartyContentDao:getPartyContent [http-nio-8081-exec-2] - size = 0
INFO  2026-04-07 01:17:24.530 i.m.g.m.d.UserPreferenceDaoMB:getUserPreference [http-nio-8081-exec-9] - find userPreference by id
INFO  2026-04-07 01:17:24.532 i.m.g.m.d.UserPreferenceDaoMB:getUserPreference [http-nio-8081-exec-9] - UserPreference = true
INFO  2026-04-07 01:17:24.607 i.m.g.m.d.NoteDataDao:getNoteDataByPrefValue [http-nio-8081-exec-10] - find note data by prefValue
INFO  2026-04-07 01:17:24.611 i.m.g.m.d.NoteDataDao:getNoteDataByPrefValue [http-nio-8081-exec-10] - size = null
INFO  2026-04-07 01:17:30.299 i.m.g.m.d.UserLoginDao:getUserLogin [http-nio-8081-exec-1] - getUserLogin
INFO  2026-04-07 01:17:30.304 i.m.g.m.d.UserLoginDao:getUserLogin [http-nio-8081-exec-1] - size 1
INFO  2026-04-07 01:17:30.383 i.m.g.m.d.UserLoginDao:getUserLogin [http-nio-8081-exec-6] - getUserLogin
INFO  2026-04-07 01:17:30.386 i.m.g.m.d.UserLoginDao:getUserLogin [http-nio-8081-exec-6] - size 1
INFO  2026-04-07 01:17:30.468 i.m.g.m.d.UserPreferenceDaoMB:getUserPreference [http-nio-8081-exec-6] - find userPreference by id
INFO  2026-04-07 01:17:30.471 i.m.g.m.d.UserPreferenceDaoMB:getUserPreference [http-nio-8081-exec-6] - UserPreference = true
INFO  2026-04-07 01:17:30.472 i.m.g.s.JwtLoginFilter:successfulAuthentication [http-nio-8081-exec-6] - Successfully authenticated user: developer
INFO  2026-04-07 01:17:30.758 i.m.g.m.d.UserLoginDao:getUserLogin [http-nio-8081-exec-5] - getUserLogin
INFO  2026-04-07 01:17:30.765 i.m.g.m.d.UserLoginDao:getUserLogin [http-nio-8081-exec-5] - size 1
INFO  2026-04-07 01:17:30.765 i.m.g.m.d.UserLoginDao:getUserLogin [http-nio-8081-exec-7] - getUserLogin
DEBUG 2026-04-07 01:17:30.765 i.m.g.s.JwtTokenFilter:doFilter [http-nio-8081-exec-5] - Token valid for user: developer
INFO  2026-04-07 01:17:30.766 i.m.g.m.d.UserCtxPermissionViewDao:selectByUserLoginId [http-nio-8081-exec-5] - get UserCtxPermissionView by userLoginId
INFO  2026-04-07 01:17:30.768 i.m.g.m.d.UserLoginDao:getUserLogin [http-nio-8081-exec-4] - getUserLogin
INFO  2026-04-07 01:17:30.769 i.m.g.m.d.PartyNoteDao:getPartyNote [http-nio-8081-exec-3] - getPartyNote
INFO  2026-04-07 01:17:30.773 i.m.g.m.d.UserLoginDao:getUserLogin [http-nio-8081-exec-7] - size 1
INFO  2026-04-07 01:17:30.774 i.m.g.m.d.UserCtxPermissionViewDao:selectByUserLoginId [http-nio-8081-exec-5] - size = 15
INFO  2026-04-07 01:17:30.775 i.m.g.m.d.PartyNoteDao:getPartyNote [http-nio-8081-exec-3] - size = 0
DEBUG 2026-04-07 01:17:30.776 i.m.g.s.JwtTokenFilter:doFilter [http-nio-8081-exec-7] - Token valid for user: developer
INFO  2026-04-07 01:17:30.777 i.m.g.m.d.UserLoginDao:getUserLogin [http-nio-8081-exec-4] - size 1
INFO  2026-04-07 01:17:30.777 i.m.g.m.d.UserLoginDao:getUserLogin [http-nio-8081-exec-8] - getUserLogin
INFO  2026-04-07 01:17:30.779 i.m.g.m.d.SecurityPermissionDao:getPermission [http-nio-8081-exec-7] - getPermission
INFO  2026-04-07 01:17:30.783 i.m.g.m.d.UserLoginDao:getUserLogin [http-nio-8081-exec-8] - size 1
DEBUG 2026-04-07 01:17:30.781 i.m.g.s.JwtTokenFilter:doFilter [http-nio-8081-exec-4] - Token valid for user: developer
INFO  2026-04-07 01:17:30.786 i.m.g.m.d.UserLoginDao:getUserLogin [http-nio-8081-exec-4] - getUserLogin
DEBUG 2026-04-07 01:17:30.786 i.m.g.s.JwtTokenFilter:doFilter [http-nio-8081-exec-8] - Token valid for user: developer
INFO  2026-04-07 01:17:30.788 i.m.g.m.d.UserPreferenceDaoMB:getUserPreference [http-nio-8081-exec-8] - find userPreference by id
INFO  2026-04-07 01:17:30.790 i.m.g.m.d.SecurityPermissionDao:getPermission [http-nio-8081-exec-7] - size = 107
INFO  2026-04-07 01:17:30.792 i.m.g.s.MenuService:getMenu [http-nio-8081-exec-7] - mappa2 {TYPESATTACHMENTSOBJECTIVESCTXWE=[ADMIN], REPORTPRINTCTXOR=[ADMIN], UOMTYPE=[ADMIN], REPORTPRINTCTXPA=[ADMIN], ANALYSISCTXBS=[ADMIN], SECURITYGROUPSCTXBA=[ADMIN], ANALYSISTYPECTXEP=[ADMIN], QUERYCONFIGCTXBSU=[ADMIN], APPROVALPATHSCTXBA=[ADMIN], REPORTPRINTCTXGD=[ADMIN], CONSULTINGLOGCTXBA=[ADMIN], QUERYCONFIGCTXGDU=[ADMIN], NOTESOBJECTIVESCTXWE=[ADMIN], WORKEFFORTCTXWE=[ADMIN], QUERYCONFIGCTXBSE=[ADMIN], QUERYCONFIGURATIONCTXWE=[ADMIN], ECONOMICINDICATORSCTXAC=[ADMIN], ANALYSISTYPECTXWE=[ADMIN], ANALYSISCTXRE=[ADMIN], QUERYCONFIGCTXEPU=[ADMIN], QUERYCONFIGCTXGDE=[ADMIN], SUBSYSTEMTYPESCTXBA=[ADMIN], PURPOSECTXAC=[ADMIN], ANALYSISCTXDI=[ADMIN], RELATIONSHIPSOBJECTIVESCTXWE=[ADMIN], EXTRAACCOUNTINGUNITTYPESCTXAC=[ADMIN], ANALYSISTYPECTXOR=[ADMIN], FINANCIALINDICATORSCTXAC=[ADMIN], QUERYCONFIGCTXPAE=[ADMIN], QUERYCONFIGCTXREE=[ADMIN], SUBJECTSOBJECTIVESCTXWE=[ADMIN], QUERYCONFIGCTXCGU=[ADMIN], REPORTPRINTCTXEP=[ADMIN], QUERYCONFIGCTXDIU=[ADMIN], QUERYCONFIGCTXPYU=[ADMIN], QUERYCONFIGCTXCOU=[ADMIN], EXTRACTQUERYCONFIGURATIONCTXWE=[ADMIN], CUSTOM=[ADMIN], QUERYCONFIGCTXACE=[ADMIN], ANALYSISCTXTR=[ADMIN], RESERVEDINDICATORMOVEMENTSCTXAC=[ADMIN], QUERYCONFIGCTXCGE=[ADMIN], QUERYCONFIGCTXDIE=[ADMIN], ANALYSISTYPECTXGD=[ADMIN], QUERYCONFIGCTXPYE=[ADMIN], ANALYSISTYPECTXPR=[ADMIN], QUERYCONFIGCTXCOE=[ADMIN], REPORTPRINTCTXDI=[ADMIN], FINANCIALACCOUNTINGUNITTYPESCTXAC=[ADMIN], ANALYSISCTXCO=[ADMIN], MEASURESOBJECTIVESCTXWE=[ADMIN], ANALYSISTYPECTXPA=[ADMIN], REPORTPRINTCTXTR=[ADMIN], TYPOLOGIESROLESSUBJECTSCTXPY=[ADMIN], SCHEDULERCTXBA=[ADMIN], ANALYSISCTXCG=[ADMIN], OBJECTIVECODESCTXWE=[ADMIN], QUERYCONFIGCTXCAU=[ADMIN], CALCULATIONFORMULASCTXAC=[ADMIN], REPORTPRINTCTXCG=[ADMIN], FINANCIALINDICATORMOVEMENTSCTXAC=[ADMIN], REPORTPRINTCTXCO=[ADMIN], ECONOMICSPOSITIONSCTXPY=[ADMIN], TYPESRELATIONSHIPSBETWEENSUBJECTSCTXPY=[ADMIN], QUERYCONFIGCTXTRU=[ADMIN], ANALYSISCTXEP=[ADMIN], PERIODSCTXAC=[ADMIN], QUERYCONFIGCTXPRU=[ADMIN], REPORTPRINTCTXBS=[ADMIN], ECONPATRACCOUNTINGUNITTYPESCTXAC=[ADMIN], ECONOMICINDICATORMOVEMENTSCTXAC=[ADMIN], REPORTPRINTCTXRE=[ADMIN], QUERYCONFIGCTXTRE=[ADMIN], ANALYSISTYPECTXRE=[ADMIN], QUERYCONFIGCTXPAU=[ADMIN], QUERYCONFIGCTXPRE=[ADMIN], QUERYCONFIGCTXREU=[ADMIN], QUERYCONFIGCTXEPE=[ADMIN], RANGESOFVALUESCTXAC=[ADMIN], QUERYCONFIG=[ADMIN], TIMESHEETCTXPR=[ADMIN], ANALYSISTYPECTXCG=[ADMIN], TIMESHEET=[ADMIN], TYPOLOGYRELATIONSHIPSOBJECTIVESCTXWE=[ADMIN], ANALYSISTYPECTXCO=[ADMIN], ANALYSISTYPECTXBS=[ADMIN], QUERYCONFIGCTXBAE=[ADMIN], SUBSYSTEMCTXBA=[ADMIN], REQUESTFROMINTERESTEDPARTIESCTXGD=[ADMIN], ANALYSISCTXPR=[ADMIN], DETECTIONTYPECTXAC=[ADMIN], INDICATORSCTXAC=[ADMIN], INDICATORMOVEMENTSCTXAC=[ADMIN], ANALYSISTYPECTXDI=[ADMIN], REPORTPRINTCTXPR=[ADMIN], QUERYCONFIGCTXORU=[ADMIN], TIMESHEETCTXOR=[ADMIN], ANALYSISCTXPA=[ADMIN], ATTACHMENTSOBJECTIVESCTXWE=[ADMIN], UOM=[ADMIN], INTERFACCIAMENTODATI=[ADMIN], TIPOLOGIEPERIODICTXAC=[ADMIN], QUERYCONFIGCTXORE=[ADMIN], RESERVEDINDICATORSCTXAC=[ADMIN], NATUREUNITCONTEXTRCTXAC=[ADMIN], ANALYSISTYPECTXTR=[ADMIN], ANALYSISCTXOR=[ADMIN]}
INFO  2026-04-07 01:17:30.793 i.m.g.m.d.ContentAndAttributesDao:getValidMenu [http-nio-8081-exec-7] - getValidMenu
INFO  2026-04-07 01:17:30.793 i.m.g.m.d.UserLoginDao:getUserLogin [http-nio-8081-exec-4] - size 1
INFO  2026-04-07 01:17:30.794 i.m.g.m.d.UserLoginDao:getUserLogin [http-nio-8081-exec-4] - getUserLogin
INFO  2026-04-07 01:17:30.800 i.m.g.m.d.UserPreferenceDaoMB:getUserPreference [http-nio-8081-exec-8] - UserPreference = false
INFO  2026-04-07 01:17:30.799 i.m.g.m.d.UserLoginDao:getUserLogin [http-nio-8081-exec-4] - size 1
INFO  2026-04-07 01:17:30.801 i.m.g.m.d.UserPreferenceDaoMB:getUserPreference [http-nio-8081-exec-8] - find userPreference by id
INFO  2026-04-07 01:17:30.802 i.m.g.m.d.UserPreferenceDaoMB:getUserPreference [http-nio-8081-exec-8] - UserPreference = false
INFO  2026-04-07 01:17:30.945 i.m.g.m.d.ContentAndAttributesDao:getValidMenu [http-nio-8081-exec-7] - size = 102
INFO  2026-04-07 01:17:30.946 i.m.g.m.d.ContentAndAttributesDao:getFolderMenu [http-nio-8081-exec-7] - getFolderMenu
INFO  2026-04-07 01:17:30.977 i.m.g.m.d.ContentAndAttributesDao:getFolderMenu [http-nio-8081-exec-7] - size = 66
INFO  2026-04-07 01:17:31.030 i.m.g.m.d.UserLoginDao:getUserLogin [http-nio-8081-exec-1] - getUserLogin
INFO  2026-04-07 01:17:31.032 i.m.g.m.d.UserLoginDao:getUserLogin [http-nio-8081-exec-1] - size 1
DEBUG 2026-04-07 01:17:31.033 i.m.g.s.JwtTokenFilter:doFilter [http-nio-8081-exec-1] - Token valid for user: developer
INFO  2026-04-07 01:17:31.142 i.m.g.m.d.UserLoginDao:getUserLogin [http-nio-8081-exec-5] - getUserLogin
INFO  2026-04-07 01:17:31.142 i.m.g.m.d.UserLoginDao:getUserLogin [http-nio-8081-exec-8] - getUserLogin
INFO  2026-04-07 01:17:31.146 i.m.g.m.d.UserLoginDao:getUserLogin [http-nio-8081-exec-3] - getUserLogin
INFO  2026-04-07 01:17:31.149 i.m.g.m.d.UserLoginDao:getUserLogin [http-nio-8081-exec-3] - size 1
DEBUG 2026-04-07 01:17:31.150 i.m.g.s.JwtTokenFilter:doFilter [http-nio-8081-exec-3] - Token valid for user: developer
INFO  2026-04-07 01:17:31.149 i.m.g.m.d.UserLoginDao:getUserLogin [http-nio-8081-exec-5] - size 1
DEBUG 2026-04-07 01:17:31.210 i.m.g.s.JwtTokenFilter:doFilter [http-nio-8081-exec-5] - Token valid for user: developer
INFO  2026-04-07 01:17:31.214 i.m.g.m.d.UserLoginSecurityGroupDao:getDefaultPortalPage [http-nio-8081-exec-5] - getDefaultPortalPage
INFO  2026-04-07 01:17:31.218 i.m.g.m.d.UserLoginDao:getUserLogin [http-nio-8081-exec-8] - size 1
INFO  2026-04-07 01:17:31.230 i.m.g.m.d.UserLoginSecurityGroupDao:getDefaultPortalPage [http-nio-8081-exec-5] - size 0
DEBUG 2026-04-07 01:17:31.231 i.m.g.s.JwtTokenFilter:doFilter [http-nio-8081-exec-8] - Token valid for user: developer
INFO  2026-04-07 01:17:31.478 i.m.g.m.d.UserLoginDao:getUserLogin [http-nio-8081-exec-2] - getUserLogin
INFO  2026-04-07 01:17:31.482 i.m.g.m.d.UserLoginDao:getUserLogin [http-nio-8081-exec-9] - getUserLogin
INFO  2026-04-07 01:17:31.487 i.m.g.m.d.UserLoginDao:getUserLogin [http-nio-8081-exec-2] - size 1
DEBUG 2026-04-07 01:17:31.490 i.m.g.s.JwtTokenFilter:doFilter [http-nio-8081-exec-2] - Token valid for user: developer
INFO  2026-04-07 01:17:31.492 i.m.g.m.d.UserLoginDao:getUserLogin [http-nio-8081-exec-9] - size 1
INFO  2026-04-07 01:17:31.534 i.m.g.m.d.UserLoginDao:getUserLogin [http-nio-8081-exec-7] - getUserLogin
DEBUG 2026-04-07 01:17:31.534 i.m.g.s.JwtTokenFilter:doFilter [http-nio-8081-exec-9] - Token valid for user: developer
INFO  2026-04-07 01:17:31.543 i.m.g.m.d.UserLoginDao:getUserLogin [http-nio-8081-exec-1] - getUserLogin
INFO  2026-04-07 01:17:31.543 i.m.g.m.d.UserLoginDao:getUserLogin [http-nio-8081-exec-7] - size 1
INFO  2026-04-07 01:17:31.547 i.m.g.u.Manifests:getProductInfo [http-nio-8081-exec-6] - getProductInfo2.5.0rc1
DEBUG 2026-04-07 01:17:31.546 i.m.g.s.JwtTokenFilter:doFilter [http-nio-8081-exec-7] - Token valid for user: developer
ERROR 2026-04-07 01:17:31.549 i.m.g.u.Manifests:initProductDate [http-nio-8081-exec-6] - Invalid product date format in MANIFEST.MF
INFO  2026-04-07 01:17:31.554 i.m.g.m.d.UserLoginDao:getUserLogin [http-nio-8081-exec-7] - getUserLogin
INFO  2026-04-07 01:17:31.563 i.m.g.m.d.UserLoginDao:getUserLogin [http-nio-8081-exec-1] - size 1
INFO  2026-04-07 01:17:31.565 i.m.g.m.d.UserPreferenceDaoMB:getUserPreference [http-nio-8081-exec-2] - find userPreference by id
INFO  2026-04-07 01:17:31.564 i.m.g.m.d.UserLoginDao:getUserLogin [http-nio-8081-exec-5] - getUserLogin
DEBUG 2026-04-07 01:17:31.568 i.m.g.s.JwtTokenFilter:doFilter [http-nio-8081-exec-1] - Token valid for user: developer
INFO  2026-04-07 01:17:31.570 i.m.g.u.Manifests:getProductInfo [http-nio-8081-exec-6] - getProductInfoTue Apr 07 01:17:31 CEST 2026
INFO  2026-04-07 01:17:31.572 i.m.g.m.d.UserLoginValidPartyRoleDao:getUserLoginValidPartyRoleList [http-nio-8081-exec-1] - getUserLoginValidPartyRoleList
INFO  2026-04-07 01:17:31.567 i.m.g.m.d.UserLoginDao:getUserLogin [http-nio-8081-exec-7] - size 1
INFO  2026-04-07 01:17:31.573 i.m.g.m.d.UserPreferenceDaoMB:getUserPreference [http-nio-8081-exec-2] - UserPreference = true
INFO  2026-04-07 01:17:31.576 i.m.g.m.d.UserPreferenceDaoMB:getUserPreference [http-nio-8081-exec-2] - find userPreference by id
INFO  2026-04-07 01:17:31.579 i.m.g.m.d.UserPreferenceDaoMB:getUserPreference [http-nio-8081-exec-2] - UserPreference = false
INFO  2026-04-07 01:17:31.580 i.m.g.m.d.UserLoginDao:getUserLogin [http-nio-8081-exec-5] - size 1
DEBUG 2026-04-07 01:17:31.583 i.m.g.s.JwtTokenFilter:doFilter [http-nio-8081-exec-5] - Token valid for user: developer
INFO  2026-04-07 01:17:31.592 i.m.g.m.d.UserLoginValidPartyRoleDao:getUserLoginValidPartyRoleList [http-nio-8081-exec-1] - size 0
INFO  2026-04-07 01:17:34.067 i.m.g.m.d.UserLoginDao:getUserLogin [http-nio-8081-exec-10] - getUserLogin
INFO  2026-04-07 01:17:34.069 i.m.g.m.d.UserLoginDao:getUserLogin [http-nio-8081-exec-10] - size 1
DEBUG 2026-04-07 01:17:34.069 i.m.g.s.JwtTokenFilter:doFilter [http-nio-8081-exec-10] - Token valid for user: developer
INFO  2026-04-07 01:17:34.074 i.m.g.m.d.WorkEffortAnalysisDao:getWorkEffortAnalysisEx [http-nio-8081-exec-10] - getWorkEffortAnalysisEx
INFO  2026-04-07 01:17:34.091 i.m.g.m.d.WorkEffortAnalysisDao:getWorkEffortAnalysisEx [http-nio-8081-exec-10] - size = 0
INFO  2026-04-07 01:17:34.650 i.m.g.m.d.UserLoginDao:getUserLogin [http-nio-8081-exec-3] - getUserLogin
INFO  2026-04-07 01:17:34.652 i.m.g.m.d.UserLoginDao:getUserLogin [http-nio-8081-exec-3] - size 1
DEBUG 2026-04-07 01:17:34.653 i.m.g.s.JwtTokenFilter:doFilter [http-nio-8081-exec-3] - Token valid for user: developer
INFO  2026-04-07 01:17:34.656 i.m.g.m.d.QueryConfigDao:getAllQueryConfig [http-nio-8081-exec-3] - find all queryConfig
INFO  2026-04-07 01:17:34.659 i.m.g.m.d.UserCtxPermissionViewDao:hasPermission [http-nio-8081-exec-3] - userLoginId has permission
INFO  2026-04-07 01:17:34.666 i.m.g.m.d.UserCtxPermissionViewDao:hasPermission [http-nio-8081-exec-3] - size = 1
INFO  2026-04-07 01:17:34.667 i.m.g.m.d.UserCtxPermissionViewDao:hasPermission [http-nio-8081-exec-3] - userLoginId has permission
INFO  2026-04-07 01:17:34.671 i.m.g.m.d.UserCtxPermissionViewDao:hasPermission [http-nio-8081-exec-3] - size = 0
INFO  2026-04-07 01:17:34.672 i.m.g.m.d.UserCtxPermissionViewDao:hasPermission [http-nio-8081-exec-3] - userLoginId has permission
INFO  2026-04-07 01:17:34.675 i.m.g.m.d.UserCtxPermissionViewDao:hasPermission [http-nio-8081-exec-3] - size = 0
INFO  2026-04-07 01:17:34.675 i.m.g.m.d.UserCtxPermissionViewDao:hasPermissionResp [http-nio-8081-exec-3] - userLoginId has resp permission
INFO  2026-04-07 01:17:34.680 i.m.g.m.d.UserCtxPermissionViewDao:hasPermissionResp [http-nio-8081-exec-3] - size = 0
INFO  2026-04-07 01:17:34.680 i.m.g.m.d.UserCtxPermissionViewDao:hasPermissionResp [http-nio-8081-exec-3] - userLoginId has resp permission
INFO  2026-04-07 01:17:34.683 i.m.g.m.d.UserCtxPermissionViewDao:hasPermissionResp [http-nio-8081-exec-3] - size = 0
INFO  2026-04-07 01:17:34.684 i.m.g.m.d.UserCtxPermissionViewDao:hasPermissionResp [http-nio-8081-exec-3] - userLoginId has resp permission
INFO  2026-04-07 01:17:34.686 i.m.g.m.d.UserCtxPermissionViewDao:hasPermissionResp [http-nio-8081-exec-3] - size = 0
INFO  2026-04-07 01:17:34.686 i.m.g.m.d.UserCtxPermissionViewDao:hasPermissionResp [http-nio-8081-exec-3] - userLoginId has resp permission
INFO  2026-04-07 01:17:34.688 i.m.g.m.d.UserCtxPermissionViewDao:hasPermissionResp [http-nio-8081-exec-3] - size = 0
INFO  2026-04-07 01:17:34.705 i.m.g.m.d.QueryConfigDao:getAllQueryConfig [http-nio-8081-exec-3] - size = 0
INFO  2026-04-07 01:17:34.828 i.m.g.m.d.UserLoginDao:getUserLogin [http-nio-8081-exec-6] - getUserLogin
INFO  2026-04-07 01:17:34.832 i.m.g.m.d.UserLoginDao:getUserLogin [http-nio-8081-exec-6] - size 1
DEBUG 2026-04-07 01:17:34.833 i.m.g.s.JwtTokenFilter:doFilter [http-nio-8081-exec-6] - Token valid for user: developer
INFO  2026-04-07 01:17:34.836 i.m.g.m.d.EnumerationDao:getEnumerations [http-nio-8081-exec-6] - find all enumeration by enumId order by sequenceId
INFO  2026-04-07 01:17:34.841 i.m.g.m.d.EnumerationDao:getEnumerations [http-nio-8081-exec-6] - size = 6
INFO  2026-04-07 01:17:35.381 i.m.g.m.d.UserLoginDao:getUserLogin [http-nio-8081-exec-2] - getUserLogin
INFO  2026-04-07 01:17:35.384 i.m.g.m.d.UserLoginDao:getUserLogin [http-nio-8081-exec-2] - size 1
DEBUG 2026-04-07 01:17:35.385 i.m.g.s.JwtTokenFilter:doFilter [http-nio-8081-exec-2] - Token valid for user: developer
INFO  2026-04-07 01:17:35.387 i.m.g.m.d.ReportDao:getReports [http-nio-8081-exec-2] - getReports
INFO  2026-04-07 01:17:35.387 i.m.g.m.d.UserCtxPermissionViewDao:hasPermission [http-nio-8081-exec-2] - userLoginId has permission
INFO  2026-04-07 01:17:35.393 i.m.g.m.d.UserCtxPermissionViewDao:hasPermission [http-nio-8081-exec-2] - size = 1
INFO  2026-04-07 01:17:35.393 i.m.g.m.d.UserCtxPermissionViewDao:hasPermission [http-nio-8081-exec-2] - userLoginId has permission
INFO  2026-04-07 01:17:35.396 i.m.g.m.d.UserCtxPermissionViewDao:hasPermission [http-nio-8081-exec-2] - size = 0
INFO  2026-04-07 01:17:35.396 i.m.g.m.d.UserCtxPermissionViewDao:hasPermission [http-nio-8081-exec-2] - userLoginId has permission
INFO  2026-04-07 01:17:35.399 i.m.g.m.d.UserCtxPermissionViewDao:hasPermission [http-nio-8081-exec-2] - size = 0
INFO  2026-04-07 01:17:35.399 i.m.g.m.d.UserCtxPermissionViewDao:hasPermissionResp [http-nio-8081-exec-2] - userLoginId has resp permission
INFO  2026-04-07 01:17:35.402 i.m.g.m.d.UserCtxPermissionViewDao:hasPermissionResp [http-nio-8081-exec-2] - size = 0
INFO  2026-04-07 01:17:35.402 i.m.g.m.d.UserCtxPermissionViewDao:hasPermissionResp [http-nio-8081-exec-2] - userLoginId has resp permission
INFO  2026-04-07 01:17:35.405 i.m.g.m.d.UserCtxPermissionViewDao:hasPermissionResp [http-nio-8081-exec-2] - size = 0
INFO  2026-04-07 01:17:35.405 i.m.g.m.d.UserCtxPermissionViewDao:hasPermissionResp [http-nio-8081-exec-2] - userLoginId has resp permission
INFO  2026-04-07 01:17:35.408 i.m.g.m.d.UserCtxPermissionViewDao:hasPermissionResp [http-nio-8081-exec-2] - size = 0
INFO  2026-04-07 01:17:35.408 i.m.g.m.d.UserCtxPermissionViewDao:hasPermissionResp [http-nio-8081-exec-2] - userLoginId has resp permission
INFO  2026-04-07 01:17:35.411 i.m.g.m.d.UserCtxPermissionViewDao:hasPermissionResp [http-nio-8081-exec-2] - size = 0
INFO  2026-04-07 01:17:35.428 i.m.g.m.d.ReportDao:getReports [http-nio-8081-exec-2] - size = 0
INFO  2026-04-07 01:17:35.430 i.m.g.s.r.ReportService:getReports [http-nio-8081-exec-2] - getReports size=0
INFO  2026-04-07 01:17:35.702 i.m.g.m.d.UserLoginDao:getUserLogin [http-nio-8081-exec-9] - getUserLogin
INFO  2026-04-07 01:17:35.706 i.m.g.m.d.UserLoginDao:getUserLogin [http-nio-8081-exec-9] - size 1
DEBUG 2026-04-07 01:17:35.707 i.m.g.s.JwtTokenFilter:doFilter [http-nio-8081-exec-9] - Token valid for user: developer
INFO  2026-04-07 01:17:35.710 i.m.g.m.d.WorkEffortAnalysisDao:getWorkEffortAnalysesWithContext [http-nio-8081-exec-9] - getWorkEffortAnalysesWithContext
INFO  2026-04-07 01:17:35.714 i.m.g.m.d.WorkEffortAnalysisDao:getWorkEffortAnalysesWithContext [http-nio-8081-exec-9] - size = 0
INFO  2026-04-07 01:17:37.776 i.m.g.m.d.UserLoginDao:getUserLogin [http-nio-8081-exec-1] - getUserLogin
INFO  2026-04-07 01:17:37.779 i.m.g.m.d.UserLoginDao:getUserLogin [http-nio-8081-exec-1] - size 1
DEBUG 2026-04-07 01:17:37.780 i.m.g.s.JwtTokenFilter:doFilter [http-nio-8081-exec-1] - Token valid for user: developer
INFO  2026-04-07 01:17:37.781 i.m.g.m.d.WorkEffortAnalysisDao:getWorkEffortAnalysesWithContext [http-nio-8081-exec-1] - getWorkEffortAnalysesWithContext
INFO  2026-04-07 01:17:37.784 i.m.g.m.d.WorkEffortAnalysisDao:getWorkEffortAnalysesWithContext [http-nio-8081-exec-1] - size = 0
INFO  2026-04-07 01:17:38.283 i.m.g.m.d.UserLoginDao:getUserLogin [http-nio-8081-exec-4] - getUserLogin
INFO  2026-04-07 01:17:38.295 i.m.g.m.d.UserLoginDao:getUserLogin [http-nio-8081-exec-4] - size 1
DEBUG 2026-04-07 01:17:38.297 i.m.g.s.JwtTokenFilter:doFilter [http-nio-8081-exec-4] - Token valid for user: developer
INFO  2026-04-07 01:17:38.304 i.m.g.m.d.QueryConfigDao:getAllQueryConfig [http-nio-8081-exec-4] - find all queryConfig
INFO  2026-04-07 01:17:38.305 i.m.g.m.d.UserCtxPermissionViewDao:hasPermission [http-nio-8081-exec-4] - userLoginId has permission
INFO  2026-04-07 01:17:38.329 i.m.g.m.d.UserCtxPermissionViewDao:hasPermission [http-nio-8081-exec-4] - size = 1
INFO  2026-04-07 01:17:38.330 i.m.g.m.d.UserCtxPermissionViewDao:hasPermission [http-nio-8081-exec-4] - userLoginId has permission
INFO  2026-04-07 01:17:38.335 i.m.g.m.d.UserCtxPermissionViewDao:hasPermission [http-nio-8081-exec-4] - size = 0
INFO  2026-04-07 01:17:38.336 i.m.g.m.d.UserCtxPermissionViewDao:hasPermission [http-nio-8081-exec-4] - userLoginId has permission
INFO  2026-04-07 01:17:38.339 i.m.g.m.d.UserCtxPermissionViewDao:hasPermission [http-nio-8081-exec-4] - size = 0
INFO  2026-04-07 01:17:38.339 i.m.g.m.d.UserCtxPermissionViewDao:hasPermissionResp [http-nio-8081-exec-4] - userLoginId has resp permission
INFO  2026-04-07 01:17:38.342 i.m.g.m.d.UserCtxPermissionViewDao:hasPermissionResp [http-nio-8081-exec-4] - size = 0
INFO  2026-04-07 01:17:38.343 i.m.g.m.d.UserCtxPermissionViewDao:hasPermissionResp [http-nio-8081-exec-4] - userLoginId has resp permission
INFO  2026-04-07 01:17:38.346 i.m.g.m.d.UserCtxPermissionViewDao:hasPermissionResp [http-nio-8081-exec-4] - size = 0
INFO  2026-04-07 01:17:38.347 i.m.g.m.d.UserCtxPermissionViewDao:hasPermissionResp [http-nio-8081-exec-4] - userLoginId has resp permission
INFO  2026-04-07 01:17:38.350 i.m.g.m.d.UserCtxPermissionViewDao:hasPermissionResp [http-nio-8081-exec-4] - size = 0
INFO  2026-04-07 01:17:38.351 i.m.g.m.d.UserCtxPermissionViewDao:hasPermissionResp [http-nio-8081-exec-4] - userLoginId has resp permission
INFO  2026-04-07 01:17:38.354 i.m.g.m.d.UserCtxPermissionViewDao:hasPermissionResp [http-nio-8081-exec-4] - size = 0
INFO  2026-04-07 01:17:38.357 i.m.g.m.d.QueryConfigDao:getAllQueryConfig [http-nio-8081-exec-4] - size = 0
INFO  2026-04-07 01:17:38.554 i.m.g.m.d.UserLoginDao:getUserLogin [http-nio-8081-exec-10] - getUserLogin
INFO  2026-04-07 01:17:38.562 i.m.g.m.d.UserLoginDao:getUserLogin [http-nio-8081-exec-10] - size 1
DEBUG 2026-04-07 01:17:38.563 i.m.g.s.JwtTokenFilter:doFilter [http-nio-8081-exec-10] - Token valid for user: developer
INFO  2026-04-07 01:17:38.566 i.m.g.m.d.EnumerationDao:getEnumerations [http-nio-8081-exec-10] - find all enumeration by enumId order by sequenceId
INFO  2026-04-07 01:17:38.569 i.m.g.m.d.EnumerationDao:getEnumerations [http-nio-8081-exec-10] - size = 6
INFO  2026-04-07 01:17:39.460 i.m.g.m.d.UserLoginDao:getUserLogin [http-nio-8081-exec-3] - getUserLogin
INFO  2026-04-07 01:17:39.462 i.m.g.m.d.UserLoginDao:getUserLogin [http-nio-8081-exec-3] - size 1
DEBUG 2026-04-07 01:17:39.462 i.m.g.s.JwtTokenFilter:doFilter [http-nio-8081-exec-3] - Token valid for user: developer
INFO  2026-04-07 01:17:39.464 i.m.g.m.d.ReportDao:getReports [http-nio-8081-exec-3] - getReports
INFO  2026-04-07 01:17:39.464 i.m.g.m.d.UserCtxPermissionViewDao:hasPermission [http-nio-8081-exec-3] - userLoginId has permission
INFO  2026-04-07 01:17:39.467 i.m.g.m.d.UserCtxPermissionViewDao:hasPermission [http-nio-8081-exec-3] - size = 1
INFO  2026-04-07 01:17:39.467 i.m.g.m.d.UserCtxPermissionViewDao:hasPermission [http-nio-8081-exec-3] - userLoginId has permission
INFO  2026-04-07 01:17:39.471 i.m.g.m.d.UserCtxPermissionViewDao:hasPermission [http-nio-8081-exec-3] - size = 0
INFO  2026-04-07 01:17:39.471 i.m.g.m.d.UserCtxPermissionViewDao:hasPermission [http-nio-8081-exec-3] - userLoginId has permission
INFO  2026-04-07 01:17:39.473 i.m.g.m.d.UserCtxPermissionViewDao:hasPermission [http-nio-8081-exec-3] - size = 0
INFO  2026-04-07 01:17:39.474 i.m.g.m.d.UserCtxPermissionViewDao:hasPermissionResp [http-nio-8081-exec-3] - userLoginId has resp permission
INFO  2026-04-07 01:17:39.477 i.m.g.m.d.UserCtxPermissionViewDao:hasPermissionResp [http-nio-8081-exec-3] - size = 0
INFO  2026-04-07 01:17:39.477 i.m.g.m.d.UserCtxPermissionViewDao:hasPermissionResp [http-nio-8081-exec-3] - userLoginId has resp permission
INFO  2026-04-07 01:17:39.480 i.m.g.m.d.UserCtxPermissionViewDao:hasPermissionResp [http-nio-8081-exec-3] - size = 0
INFO  2026-04-07 01:17:39.480 i.m.g.m.d.UserCtxPermissionViewDao:hasPermissionResp [http-nio-8081-exec-3] - userLoginId has resp permission
INFO  2026-04-07 01:17:39.483 i.m.g.m.d.UserCtxPermissionViewDao:hasPermissionResp [http-nio-8081-exec-3] - size = 0
INFO  2026-04-07 01:17:39.483 i.m.g.m.d.UserCtxPermissionViewDao:hasPermissionResp [http-nio-8081-exec-3] - userLoginId has resp permission
INFO  2026-04-07 01:17:39.486 i.m.g.m.d.UserCtxPermissionViewDao:hasPermissionResp [http-nio-8081-exec-3] - size = 0
INFO  2026-04-07 01:17:39.499 i.m.g.m.d.ReportDao:getReports [http-nio-8081-exec-3] - size = 0
INFO  2026-04-07 01:17:39.500 i.m.g.s.r.ReportService:getReports [http-nio-8081-exec-3] - getReports size=0
INFO  2026-04-07 01:17:40.048 i.m.g.m.d.UserLoginDao:getUserLogin [http-nio-8081-exec-6] - getUserLogin
INFO  2026-04-07 01:17:40.050 i.m.g.m.d.UserLoginDao:getUserLogin [http-nio-8081-exec-6] - size 1
DEBUG 2026-04-07 01:17:40.051 i.m.g.s.JwtTokenFilter:doFilter [http-nio-8081-exec-6] - Token valid for user: developer
INFO  2026-04-07 01:17:40.053 i.m.g.m.d.QueryConfigDao:getAllQueryConfig [http-nio-8081-exec-6] - find all queryConfig
INFO  2026-04-07 01:17:40.054 i.m.g.m.d.UserCtxPermissionViewDao:hasPermission [http-nio-8081-exec-6] - userLoginId has permission
INFO  2026-04-07 01:17:40.062 i.m.g.m.d.UserCtxPermissionViewDao:hasPermission [http-nio-8081-exec-6] - size = 1
INFO  2026-04-07 01:17:40.063 i.m.g.m.d.UserCtxPermissionViewDao:hasPermission [http-nio-8081-exec-6] - userLoginId has permission
INFO  2026-04-07 01:17:40.065 i.m.g.m.d.UserCtxPermissionViewDao:hasPermission [http-nio-8081-exec-6] - size = 0
INFO  2026-04-07 01:17:40.066 i.m.g.m.d.UserCtxPermissionViewDao:hasPermission [http-nio-8081-exec-6] - userLoginId has permission
INFO  2026-04-07 01:17:40.069 i.m.g.m.d.UserCtxPermissionViewDao:hasPermission [http-nio-8081-exec-6] - size = 0
INFO  2026-04-07 01:17:40.070 i.m.g.m.d.UserCtxPermissionViewDao:hasPermissionResp [http-nio-8081-exec-6] - userLoginId has resp permission
INFO  2026-04-07 01:17:40.073 i.m.g.m.d.UserCtxPermissionViewDao:hasPermissionResp [http-nio-8081-exec-6] - size = 0
INFO  2026-04-07 01:17:40.075 i.m.g.m.d.UserCtxPermissionViewDao:hasPermissionResp [http-nio-8081-exec-6] - userLoginId has resp permission
INFO  2026-04-07 01:17:40.080 i.m.g.m.d.UserCtxPermissionViewDao:hasPermissionResp [http-nio-8081-exec-6] - size = 0
INFO  2026-04-07 01:17:40.080 i.m.g.m.d.UserCtxPermissionViewDao:hasPermissionResp [http-nio-8081-exec-6] - userLoginId has resp permission
INFO  2026-04-07 01:17:40.083 i.m.g.m.d.UserCtxPermissionViewDao:hasPermissionResp [http-nio-8081-exec-6] - size = 0
INFO  2026-04-07 01:17:40.083 i.m.g.m.d.UserCtxPermissionViewDao:hasPermissionResp [http-nio-8081-exec-6] - userLoginId has resp permission
INFO  2026-04-07 01:17:40.086 i.m.g.m.d.UserCtxPermissionViewDao:hasPermissionResp [http-nio-8081-exec-6] - size = 0
INFO  2026-04-07 01:17:40.088 i.m.g.m.d.QueryConfigDao:getAllQueryConfig [http-nio-8081-exec-6] - size = 0
INFO  2026-04-07 01:17:40.244 i.m.g.m.d.UserLoginDao:getUserLogin [http-nio-8081-exec-5] - getUserLogin
INFO  2026-04-07 01:17:40.248 i.m.g.m.d.UserLoginDao:getUserLogin [http-nio-8081-exec-5] - size 1
DEBUG 2026-04-07 01:17:40.249 i.m.g.s.JwtTokenFilter:doFilter [http-nio-8081-exec-5] - Token valid for user: developer
INFO  2026-04-07 01:17:40.250 i.m.g.m.d.EnumerationDao:getEnumerations [http-nio-8081-exec-5] - find all enumeration by enumId order by sequenceId
INFO  2026-04-07 01:17:40.253 i.m.g.m.d.EnumerationDao:getEnumerations [http-nio-8081-exec-5] - size = 6
INFO  2026-04-07 01:17:41.314 i.m.g.m.d.UserLoginDao:getUserLogin [http-nio-8081-exec-9] - getUserLogin
INFO  2026-04-07 01:17:41.315 i.m.g.m.d.UserLoginDao:getUserLogin [http-nio-8081-exec-9] - size 1
DEBUG 2026-04-07 01:17:41.316 i.m.g.s.JwtTokenFilter:doFilter [http-nio-8081-exec-9] - Token valid for user: developer
INFO  2026-04-07 01:17:41.317 i.m.g.m.d.WorkEffortAnalysisDao:getWorkEffortAnalysesWithContext [http-nio-8081-exec-9] - getWorkEffortAnalysesWithContext
INFO  2026-04-07 01:17:41.321 i.m.g.m.d.WorkEffortAnalysisDao:getWorkEffortAnalysesWithContext [http-nio-8081-exec-9] - size = 0
INFO  2026-04-07 01:17:41.715 i.m.g.m.d.UserLoginDao:getUserLogin [http-nio-8081-exec-1] - getUserLogin
INFO  2026-04-07 01:17:41.719 i.m.g.m.d.UserLoginDao:getUserLogin [http-nio-8081-exec-1] - size 1
DEBUG 2026-04-07 01:17:41.722 i.m.g.s.JwtTokenFilter:doFilter [http-nio-8081-exec-1] - Token valid for user: developer
INFO  2026-04-07 01:17:41.731 i.m.g.m.d.QueryConfigDao:getAllQueryConfig [http-nio-8081-exec-1] - find all queryConfig
INFO  2026-04-07 01:17:41.738 i.m.g.m.d.UserCtxPermissionViewDao:hasPermission [http-nio-8081-exec-1] - userLoginId has permission
INFO  2026-04-07 01:17:41.746 i.m.g.m.d.UserCtxPermissionViewDao:hasPermission [http-nio-8081-exec-1] - size = 1
INFO  2026-04-07 01:17:41.746 i.m.g.m.d.UserCtxPermissionViewDao:hasPermission [http-nio-8081-exec-1] - userLoginId has permission
INFO  2026-04-07 01:17:41.752 i.m.g.m.d.UserCtxPermissionViewDao:hasPermission [http-nio-8081-exec-1] - size = 0
INFO  2026-04-07 01:17:41.753 i.m.g.m.d.UserCtxPermissionViewDao:hasPermission [http-nio-8081-exec-1] - userLoginId has permission
INFO  2026-04-07 01:17:41.757 i.m.g.m.d.UserCtxPermissionViewDao:hasPermission [http-nio-8081-exec-1] - size = 0
INFO  2026-04-07 01:17:41.759 i.m.g.m.d.UserCtxPermissionViewDao:hasPermissionResp [http-nio-8081-exec-1] - userLoginId has resp permission
INFO  2026-04-07 01:17:41.763 i.m.g.m.d.UserCtxPermissionViewDao:hasPermissionResp [http-nio-8081-exec-1] - size = 0
INFO  2026-04-07 01:17:41.764 i.m.g.m.d.UserCtxPermissionViewDao:hasPermissionResp [http-nio-8081-exec-1] - userLoginId has resp permission
INFO  2026-04-07 01:17:41.766 i.m.g.m.d.UserCtxPermissionViewDao:hasPermissionResp [http-nio-8081-exec-1] - size = 0
INFO  2026-04-07 01:17:41.767 i.m.g.m.d.UserCtxPermissionViewDao:hasPermissionResp [http-nio-8081-exec-1] - userLoginId has resp permission
INFO  2026-04-07 01:17:41.770 i.m.g.m.d.UserCtxPermissionViewDao:hasPermissionResp [http-nio-8081-exec-1] - size = 0
INFO  2026-04-07 01:17:41.771 i.m.g.m.d.UserCtxPermissionViewDao:hasPermissionResp [http-nio-8081-exec-1] - userLoginId has resp permission
INFO  2026-04-07 01:17:41.774 i.m.g.m.d.UserCtxPermissionViewDao:hasPermissionResp [http-nio-8081-exec-1] - size = 0
INFO  2026-04-07 01:17:41.778 i.m.g.m.d.QueryConfigDao:getAllQueryConfig [http-nio-8081-exec-1] - size = 0
INFO  2026-04-07 01:17:41.927 i.m.g.m.d.UserLoginDao:getUserLogin [http-nio-8081-exec-8] - getUserLogin
INFO  2026-04-07 01:17:41.929 i.m.g.m.d.UserLoginDao:getUserLogin [http-nio-8081-exec-8] - size 1
DEBUG 2026-04-07 01:17:41.930 i.m.g.s.JwtTokenFilter:doFilter [http-nio-8081-exec-8] - Token valid for user: developer
INFO  2026-04-07 01:17:41.931 i.m.g.m.d.EnumerationDao:getEnumerations [http-nio-8081-exec-8] - find all enumeration by enumId order by sequenceId
INFO  2026-04-07 01:17:41.933 i.m.g.m.d.EnumerationDao:getEnumerations [http-nio-8081-exec-8] - size = 6
INFO  2026-04-07 01:17:42.046 i.m.g.m.d.UserLoginDao:getUserLogin [http-nio-8081-exec-10] - getUserLogin
INFO  2026-04-07 01:17:42.048 i.m.g.m.d.UserLoginDao:getUserLogin [http-nio-8081-exec-10] - size 1
DEBUG 2026-04-07 01:17:42.049 i.m.g.s.JwtTokenFilter:doFilter [http-nio-8081-exec-10] - Token valid for user: developer
INFO  2026-04-07 01:17:42.051 i.m.g.m.d.ReportDao:getReports [http-nio-8081-exec-10] - getReports
INFO  2026-04-07 01:17:42.052 i.m.g.m.d.UserCtxPermissionViewDao:hasPermission [http-nio-8081-exec-10] - userLoginId has permission
INFO  2026-04-07 01:17:42.055 i.m.g.m.d.UserCtxPermissionViewDao:hasPermission [http-nio-8081-exec-10] - size = 1
INFO  2026-04-07 01:17:42.055 i.m.g.m.d.UserCtxPermissionViewDao:hasPermission [http-nio-8081-exec-10] - userLoginId has permission
INFO  2026-04-07 01:17:42.059 i.m.g.m.d.UserCtxPermissionViewDao:hasPermission [http-nio-8081-exec-10] - size = 0
INFO  2026-04-07 01:17:42.059 i.m.g.m.d.UserCtxPermissionViewDao:hasPermission [http-nio-8081-exec-10] - userLoginId has permission
INFO  2026-04-07 01:17:42.062 i.m.g.m.d.UserCtxPermissionViewDao:hasPermission [http-nio-8081-exec-10] - size = 0
INFO  2026-04-07 01:17:42.063 i.m.g.m.d.UserCtxPermissionViewDao:hasPermissionResp [http-nio-8081-exec-10] - userLoginId has resp permission
INFO  2026-04-07 01:17:42.065 i.m.g.m.d.UserCtxPermissionViewDao:hasPermissionResp [http-nio-8081-exec-10] - size = 0
INFO  2026-04-07 01:17:42.066 i.m.g.m.d.UserCtxPermissionViewDao:hasPermissionResp [http-nio-8081-exec-10] - userLoginId has resp permission
INFO  2026-04-07 01:17:42.068 i.m.g.m.d.UserCtxPermissionViewDao:hasPermissionResp [http-nio-8081-exec-10] - size = 0
INFO  2026-04-07 01:17:42.068 i.m.g.m.d.UserCtxPermissionViewDao:hasPermissionResp [http-nio-8081-exec-10] - userLoginId has resp permission
INFO  2026-04-07 01:17:42.071 i.m.g.m.d.UserCtxPermissionViewDao:hasPermissionResp [http-nio-8081-exec-10] - size = 0
INFO  2026-04-07 01:17:42.071 i.m.g.m.d.UserCtxPermissionViewDao:hasPermissionResp [http-nio-8081-exec-10] - userLoginId has resp permission
INFO  2026-04-07 01:17:42.074 i.m.g.m.d.UserCtxPermissionViewDao:hasPermissionResp [http-nio-8081-exec-10] - size = 0
INFO  2026-04-07 01:17:42.084 i.m.g.m.d.ReportDao:getReports [http-nio-8081-exec-10] - size = 0
INFO  2026-04-07 01:17:42.084 i.m.g.s.r.ReportService:getReports [http-nio-8081-exec-10] - getReports size=0
INFO  2026-04-07 01:17:43.064 i.m.g.m.d.UserLoginDao:getUserLogin [http-nio-8081-exec-7] - getUserLogin
INFO  2026-04-07 01:17:43.065 i.m.g.m.d.UserLoginDao:getUserLogin [http-nio-8081-exec-7] - size 1
DEBUG 2026-04-07 01:17:43.066 i.m.g.s.JwtTokenFilter:doFilter [http-nio-8081-exec-7] - Token valid for user: developer
INFO  2026-04-07 01:17:43.067 i.m.g.m.d.QueryConfigDao:getAllQueryConfig [http-nio-8081-exec-7] - find all queryConfig
INFO  2026-04-07 01:17:43.068 i.m.g.m.d.UserCtxPermissionViewDao:hasPermission [http-nio-8081-exec-7] - userLoginId has permission
INFO  2026-04-07 01:17:43.071 i.m.g.m.d.UserCtxPermissionViewDao:hasPermission [http-nio-8081-exec-7] - size = 1
INFO  2026-04-07 01:17:43.071 i.m.g.m.d.UserCtxPermissionViewDao:hasPermission [http-nio-8081-exec-7] - userLoginId has permission
INFO  2026-04-07 01:17:43.073 i.m.g.m.d.UserCtxPermissionViewDao:hasPermission [http-nio-8081-exec-7] - size = 0
INFO  2026-04-07 01:17:43.074 i.m.g.m.d.UserCtxPermissionViewDao:hasPermission [http-nio-8081-exec-7] - userLoginId has permission
INFO  2026-04-07 01:17:43.077 i.m.g.m.d.UserCtxPermissionViewDao:hasPermission [http-nio-8081-exec-7] - size = 0
INFO  2026-04-07 01:17:43.077 i.m.g.m.d.UserCtxPermissionViewDao:hasPermissionResp [http-nio-8081-exec-7] - userLoginId has resp permission
INFO  2026-04-07 01:17:43.080 i.m.g.m.d.UserCtxPermissionViewDao:hasPermissionResp [http-nio-8081-exec-7] - size = 0
INFO  2026-04-07 01:17:43.080 i.m.g.m.d.UserCtxPermissionViewDao:hasPermissionResp [http-nio-8081-exec-7] - userLoginId has resp permission
INFO  2026-04-07 01:17:43.082 i.m.g.m.d.UserCtxPermissionViewDao:hasPermissionResp [http-nio-8081-exec-7] - size = 0
INFO  2026-04-07 01:17:43.083 i.m.g.m.d.UserCtxPermissionViewDao:hasPermissionResp [http-nio-8081-exec-7] - userLoginId has resp permission
INFO  2026-04-07 01:17:43.088 i.m.g.m.d.UserCtxPermissionViewDao:hasPermissionResp [http-nio-8081-exec-7] - size = 0
INFO  2026-04-07 01:17:43.088 i.m.g.m.d.UserCtxPermissionViewDao:hasPermissionResp [http-nio-8081-exec-7] - userLoginId has resp permission
INFO  2026-04-07 01:17:43.091 i.m.g.m.d.UserCtxPermissionViewDao:hasPermissionResp [http-nio-8081-exec-7] - size = 0
INFO  2026-04-07 01:17:43.092 i.m.g.m.d.QueryConfigDao:getAllQueryConfig [http-nio-8081-exec-7] - size = 0
INFO  2026-04-07 01:17:43.247 i.m.g.m.d.UserLoginDao:getUserLogin [http-nio-8081-exec-2] - getUserLogin
INFO  2026-04-07 01:17:43.252 i.m.g.m.d.UserLoginDao:getUserLogin [http-nio-8081-exec-2] - size 1
DEBUG 2026-04-07 01:17:43.253 i.m.g.s.JwtTokenFilter:doFilter [http-nio-8081-exec-2] - Token valid for user: developer
INFO  2026-04-07 01:17:43.255 i.m.g.m.d.EnumerationDao:getEnumerations [http-nio-8081-exec-2] - find all enumeration by enumId order by sequenceId
INFO  2026-04-07 01:17:43.260 i.m.g.m.d.EnumerationDao:getEnumerations [http-nio-8081-exec-2] - size = 6
INFO  2026-04-07 01:17:50.110 i.m.g.m.d.UserLoginDao:getUserLogin [http-nio-8081-exec-5] - getUserLogin
INFO  2026-04-07 01:17:50.113 i.m.g.m.d.UserLoginDao:getUserLogin [http-nio-8081-exec-5] - size 1
DEBUG 2026-04-07 01:17:50.115 i.m.g.s.JwtTokenFilter:doFilter [http-nio-8081-exec-5] - Token valid for user: developer
INFO  2026-04-07 01:17:50.118 i.m.g.m.d.WorkEffortAnalysisDao:getWorkEffortAnalysisEx [http-nio-8081-exec-5] - getWorkEffortAnalysisEx
INFO  2026-04-07 01:17:50.125 i.m.g.m.d.WorkEffortAnalysisDao:getWorkEffortAnalysisEx [http-nio-8081-exec-5] - size = 0
INFO  2026-04-07 01:17:56.369 i.m.g.m.d.UserLoginDao:getUserLogin [http-nio-8081-exec-9] - getUserLogin
INFO  2026-04-07 01:17:56.378 i.m.g.m.d.UserLoginDao:getUserLogin [http-nio-8081-exec-9] - size 1
DEBUG 2026-04-07 01:17:56.381 i.m.g.s.JwtTokenFilter:doFilter [http-nio-8081-exec-9] - Token valid for user: developer
INFO  2026-04-07 01:17:56.387 i.m.g.m.d.QueryConfigDao:getAllQueryConfig [http-nio-8081-exec-9] - find all queryConfig
INFO  2026-04-07 01:17:56.389 i.m.g.m.d.UserCtxPermissionViewDao:hasPermission [http-nio-8081-exec-9] - userLoginId has permission
INFO  2026-04-07 01:17:56.403 i.m.g.m.d.UserCtxPermissionViewDao:hasPermission [http-nio-8081-exec-9] - size = 1
INFO  2026-04-07 01:17:56.405 i.m.g.m.d.UserCtxPermissionViewDao:hasPermission [http-nio-8081-exec-9] - userLoginId has permission
INFO  2026-04-07 01:17:56.412 i.m.g.m.d.UserCtxPermissionViewDao:hasPermission [http-nio-8081-exec-9] - size = 0
INFO  2026-04-07 01:17:56.413 i.m.g.m.d.UserCtxPermissionViewDao:hasPermission [http-nio-8081-exec-9] - userLoginId has permission
INFO  2026-04-07 01:17:56.419 i.m.g.m.d.UserCtxPermissionViewDao:hasPermission [http-nio-8081-exec-9] - size = 0
INFO  2026-04-07 01:17:56.419 i.m.g.m.d.UserCtxPermissionViewDao:hasPermissionResp [http-nio-8081-exec-9] - userLoginId has resp permission
INFO  2026-04-07 01:17:56.427 i.m.g.m.d.UserCtxPermissionViewDao:hasPermissionResp [http-nio-8081-exec-9] - size = 0
INFO  2026-04-07 01:17:56.427 i.m.g.m.d.UserCtxPermissionViewDao:hasPermissionResp [http-nio-8081-exec-9] - userLoginId has resp permission
INFO  2026-04-07 01:17:56.430 i.m.g.m.d.UserCtxPermissionViewDao:hasPermissionResp [http-nio-8081-exec-9] - size = 0
INFO  2026-04-07 01:17:56.431 i.m.g.m.d.UserCtxPermissionViewDao:hasPermissionResp [http-nio-8081-exec-9] - userLoginId has resp permission
INFO  2026-04-07 01:17:56.433 i.m.g.m.d.UserCtxPermissionViewDao:hasPermissionResp [http-nio-8081-exec-9] - size = 0
INFO  2026-04-07 01:17:56.433 i.m.g.m.d.UserCtxPermissionViewDao:hasPermissionResp [http-nio-8081-exec-9] - userLoginId has resp permission
INFO  2026-04-07 01:17:56.435 i.m.g.m.d.UserCtxPermissionViewDao:hasPermissionResp [http-nio-8081-exec-9] - size = 0
INFO  2026-04-07 01:17:56.437 i.m.g.m.d.QueryConfigDao:getAllQueryConfig [http-nio-8081-exec-9] - size = 0
INFO  2026-04-07 01:17:56.574 i.m.g.m.d.UserLoginDao:getUserLogin [http-nio-8081-exec-4] - getUserLogin
INFO  2026-04-07 01:17:56.577 i.m.g.m.d.UserLoginDao:getUserLogin [http-nio-8081-exec-4] - size 1
DEBUG 2026-04-07 01:17:56.578 i.m.g.s.JwtTokenFilter:doFilter [http-nio-8081-exec-4] - Token valid for user: developer
INFO  2026-04-07 01:17:56.580 i.m.g.m.d.EnumerationDao:getEnumerations [http-nio-8081-exec-4] - find all enumeration by enumId order by sequenceId
INFO  2026-04-07 01:17:56.582 i.m.g.m.d.EnumerationDao:getEnumerations [http-nio-8081-exec-4] - size = 6
INFO  2026-04-07 01:17:58.769 i.m.g.m.d.UserLoginDao:getUserLogin [http-nio-8081-exec-8] - getUserLogin
INFO  2026-04-07 01:17:58.772 i.m.g.m.d.UserLoginDao:getUserLogin [http-nio-8081-exec-8] - size 1
DEBUG 2026-04-07 01:17:58.773 i.m.g.s.JwtTokenFilter:doFilter [http-nio-8081-exec-8] - Token valid for user: developer
INFO  2026-04-07 01:17:58.776 i.m.g.m.d.WorkEffortAnalysisDao:getWorkEffortAnalysisEx [http-nio-8081-exec-8] - getWorkEffortAnalysisEx
INFO  2026-04-07 01:17:58.780 i.m.g.m.d.WorkEffortAnalysisDao:getWorkEffortAnalysisEx [http-nio-8081-exec-8] - size = 0
INFO  2026-04-07 01:18:00.720 i.m.g.m.d.UserLoginDao:getUserLogin [http-nio-8081-exec-10] - getUserLogin
INFO  2026-04-07 01:18:00.728 i.m.g.m.d.UserLoginDao:getUserLogin [http-nio-8081-exec-10] - size 1
DEBUG 2026-04-07 01:18:00.729 i.m.g.s.JwtTokenFilter:doFilter [http-nio-8081-exec-10] - Token valid for user: developer
INFO  2026-04-07 01:18:00.732 i.m.g.m.d.WorkEffortAnalysisDao:getWorkEffortAnalysesWithContext [http-nio-8081-exec-10] - getWorkEffortAnalysesWithContext
INFO  2026-04-07 01:18:00.737 i.m.g.m.d.WorkEffortAnalysisDao:getWorkEffortAnalysesWithContext [http-nio-8081-exec-10] - size = 0
INFO  2026-04-07 01:18:03.390 i.m.g.m.d.UserLoginDao:getUserLogin [http-nio-8081-exec-3] - getUserLogin
INFO  2026-04-07 01:18:03.392 i.m.g.m.d.UserLoginDao:getUserLogin [http-nio-8081-exec-3] - size 1
DEBUG 2026-04-07 01:18:03.393 i.m.g.s.JwtTokenFilter:doFilter [http-nio-8081-exec-3] - Token valid for user: developer
INFO  2026-04-07 01:18:03.394 i.m.g.m.d.QueryConfigDao:getAllQueryConfig [http-nio-8081-exec-3] - find all queryConfig
INFO  2026-04-07 01:18:03.395 i.m.g.m.d.UserCtxPermissionViewDao:hasPermission [http-nio-8081-exec-3] - userLoginId has permission
INFO  2026-04-07 01:18:03.398 i.m.g.m.d.UserCtxPermissionViewDao:hasPermission [http-nio-8081-exec-3] - size = 1
INFO  2026-04-07 01:18:03.398 i.m.g.m.d.UserCtxPermissionViewDao:hasPermission [http-nio-8081-exec-3] - userLoginId has permission
INFO  2026-04-07 01:18:03.400 i.m.g.m.d.UserCtxPermissionViewDao:hasPermission [http-nio-8081-exec-3] - size = 0
INFO  2026-04-07 01:18:03.400 i.m.g.m.d.UserCtxPermissionViewDao:hasPermission [http-nio-8081-exec-3] - userLoginId has permission
INFO  2026-04-07 01:18:03.402 i.m.g.m.d.UserCtxPermissionViewDao:hasPermission [http-nio-8081-exec-3] - size = 0
INFO  2026-04-07 01:18:03.403 i.m.g.m.d.UserCtxPermissionViewDao:hasPermissionResp [http-nio-8081-exec-3] - userLoginId has resp permission
INFO  2026-04-07 01:18:03.406 i.m.g.m.d.UserCtxPermissionViewDao:hasPermissionResp [http-nio-8081-exec-3] - size = 0
INFO  2026-04-07 01:18:03.407 i.m.g.m.d.UserCtxPermissionViewDao:hasPermissionResp [http-nio-8081-exec-3] - userLoginId has resp permission
INFO  2026-04-07 01:18:03.409 i.m.g.m.d.UserCtxPermissionViewDao:hasPermissionResp [http-nio-8081-exec-3] - size = 0
INFO  2026-04-07 01:18:03.409 i.m.g.m.d.UserCtxPermissionViewDao:hasPermissionResp [http-nio-8081-exec-3] - userLoginId has resp permission
INFO  2026-04-07 01:18:03.411 i.m.g.m.d.UserCtxPermissionViewDao:hasPermissionResp [http-nio-8081-exec-3] - size = 0
INFO  2026-04-07 01:18:03.412 i.m.g.m.d.UserCtxPermissionViewDao:hasPermissionResp [http-nio-8081-exec-3] - userLoginId has resp permission
INFO  2026-04-07 01:18:03.414 i.m.g.m.d.UserCtxPermissionViewDao:hasPermissionResp [http-nio-8081-exec-3] - size = 0
INFO  2026-04-07 01:18:03.415 i.m.g.m.d.QueryConfigDao:getAllQueryConfig [http-nio-8081-exec-3] - size = 0
INFO  2026-04-07 01:18:03.515 i.m.g.m.d.UserLoginDao:getUserLogin [http-nio-8081-exec-6] - getUserLogin
INFO  2026-04-07 01:18:03.516 i.m.g.m.d.UserLoginDao:getUserLogin [http-nio-8081-exec-6] - size 1
DEBUG 2026-04-07 01:18:03.517 i.m.g.s.JwtTokenFilter:doFilter [http-nio-8081-exec-6] - Token valid for user: developer
INFO  2026-04-07 01:18:03.519 i.m.g.m.d.EnumerationDao:getEnumerations [http-nio-8081-exec-6] - find all enumeration by enumId order by sequenceId
INFO  2026-04-07 01:18:03.524 i.m.g.m.d.EnumerationDao:getEnumerations [http-nio-8081-exec-6] - size = 6
INFO  2026-04-07 01:18:05.561 i.m.g.m.d.UserLoginDao:getUserLogin [http-nio-8081-exec-2] - getUserLogin
INFO  2026-04-07 01:18:05.562 i.m.g.m.d.UserLoginDao:getUserLogin [http-nio-8081-exec-2] - size 1
DEBUG 2026-04-07 01:18:05.563 i.m.g.s.JwtTokenFilter:doFilter [http-nio-8081-exec-2] - Token valid for user: developer
INFO  2026-04-07 01:18:05.564 i.m.g.m.d.WorkEffortAnalysisDao:getWorkEffortAnalysesWithContext [http-nio-8081-exec-2] - getWorkEffortAnalysesWithContext
INFO  2026-04-07 01:18:05.567 i.m.g.m.d.WorkEffortAnalysisDao:getWorkEffortAnalysesWithContext [http-nio-8081-exec-2] - size = 0
INFO  2026-04-07 01:18:06.685 i.m.g.m.d.UserLoginDao:getUserLogin [http-nio-8081-exec-5] - getUserLogin
INFO  2026-04-07 01:18:06.688 i.m.g.m.d.UserLoginDao:getUserLogin [http-nio-8081-exec-5] - size 1
DEBUG 2026-04-07 01:18:06.689 i.m.g.s.JwtTokenFilter:doFilter [http-nio-8081-exec-5] - Token valid for user: developer
INFO  2026-04-07 01:18:06.690 i.m.g.m.d.QueryConfigDao:getAllQueryConfig [http-nio-8081-exec-5] - find all queryConfig
INFO  2026-04-07 01:18:06.691 i.m.g.m.d.UserCtxPermissionViewDao:hasPermission [http-nio-8081-exec-5] - userLoginId has permission
INFO  2026-04-07 01:18:06.694 i.m.g.m.d.UserCtxPermissionViewDao:hasPermission [http-nio-8081-exec-5] - size = 1
INFO  2026-04-07 01:18:06.694 i.m.g.m.d.UserCtxPermissionViewDao:hasPermission [http-nio-8081-exec-5] - userLoginId has permission
INFO  2026-04-07 01:18:06.697 i.m.g.m.d.UserCtxPermissionViewDao:hasPermission [http-nio-8081-exec-5] - size = 0
INFO  2026-04-07 01:18:06.697 i.m.g.m.d.UserCtxPermissionViewDao:hasPermission [http-nio-8081-exec-5] - userLoginId has permission
INFO  2026-04-07 01:18:06.700 i.m.g.m.d.UserCtxPermissionViewDao:hasPermission [http-nio-8081-exec-5] - size = 0
INFO  2026-04-07 01:18:06.700 i.m.g.m.d.UserCtxPermissionViewDao:hasPermissionResp [http-nio-8081-exec-5] - userLoginId has resp permission
INFO  2026-04-07 01:18:06.702 i.m.g.m.d.UserCtxPermissionViewDao:hasPermissionResp [http-nio-8081-exec-5] - size = 0
INFO  2026-04-07 01:18:06.703 i.m.g.m.d.UserCtxPermissionViewDao:hasPermissionResp [http-nio-8081-exec-5] - userLoginId has resp permission
INFO  2026-04-07 01:18:06.705 i.m.g.m.d.UserCtxPermissionViewDao:hasPermissionResp [http-nio-8081-exec-5] - size = 0
INFO  2026-04-07 01:18:06.706 i.m.g.m.d.UserCtxPermissionViewDao:hasPermissionResp [http-nio-8081-exec-5] - userLoginId has resp permission
INFO  2026-04-07 01:18:06.709 i.m.g.m.d.UserCtxPermissionViewDao:hasPermissionResp [http-nio-8081-exec-5] - size = 0
INFO  2026-04-07 01:18:06.709 i.m.g.m.d.UserCtxPermissionViewDao:hasPermissionResp [http-nio-8081-exec-5] - userLoginId has resp permission
INFO  2026-04-07 01:18:06.712 i.m.g.m.d.UserCtxPermissionViewDao:hasPermissionResp [http-nio-8081-exec-5] - size = 0
INFO  2026-04-07 01:18:06.713 i.m.g.m.d.QueryConfigDao:getAllQueryConfig [http-nio-8081-exec-5] - size = 0
INFO  2026-04-07 01:18:06.817 i.m.g.m.d.UserLoginDao:getUserLogin [http-nio-8081-exec-1] - getUserLogin
INFO  2026-04-07 01:18:06.821 i.m.g.m.d.UserLoginDao:getUserLogin [http-nio-8081-exec-1] - size 1
DEBUG 2026-04-07 01:18:06.823 i.m.g.s.JwtTokenFilter:doFilter [http-nio-8081-exec-1] - Token valid for user: developer
INFO  2026-04-07 01:18:06.825 i.m.g.m.d.EnumerationDao:getEnumerations [http-nio-8081-exec-1] - find all enumeration by enumId order by sequenceId
INFO  2026-04-07 01:18:06.827 i.m.g.m.d.EnumerationDao:getEnumerations [http-nio-8081-exec-1] - size = 6
INFO  2026-04-07 01:18:08.903 i.m.g.m.d.UserLoginDao:getUserLogin [http-nio-8081-exec-4] - getUserLogin
INFO  2026-04-07 01:18:08.912 i.m.g.m.d.UserLoginDao:getUserLogin [http-nio-8081-exec-4] - size 1
DEBUG 2026-04-07 01:18:08.913 i.m.g.s.JwtTokenFilter:doFilter [http-nio-8081-exec-4] - Token valid for user: developer
INFO  2026-04-07 01:18:08.915 i.m.g.m.d.QueryConfigDao:getAllQueryConfig [http-nio-8081-exec-4] - find all queryConfig
INFO  2026-04-07 01:18:08.915 i.m.g.m.d.UserCtxPermissionViewDao:hasPermission [http-nio-8081-exec-4] - userLoginId has permission
INFO  2026-04-07 01:18:08.918 i.m.g.m.d.UserCtxPermissionViewDao:hasPermission [http-nio-8081-exec-4] - size = 1
INFO  2026-04-07 01:18:08.918 i.m.g.m.d.UserCtxPermissionViewDao:hasPermission [http-nio-8081-exec-4] - userLoginId has permission
INFO  2026-04-07 01:18:08.922 i.m.g.m.d.UserCtxPermissionViewDao:hasPermission [http-nio-8081-exec-4] - size = 0
INFO  2026-04-07 01:18:08.922 i.m.g.m.d.UserCtxPermissionViewDao:hasPermission [http-nio-8081-exec-4] - userLoginId has permission
INFO  2026-04-07 01:18:08.924 i.m.g.m.d.UserCtxPermissionViewDao:hasPermission [http-nio-8081-exec-4] - size = 0
INFO  2026-04-07 01:18:08.924 i.m.g.m.d.UserCtxPermissionViewDao:hasPermissionResp [http-nio-8081-exec-4] - userLoginId has resp permission
INFO  2026-04-07 01:18:08.928 i.m.g.m.d.UserCtxPermissionViewDao:hasPermissionResp [http-nio-8081-exec-4] - size = 0
INFO  2026-04-07 01:18:08.928 i.m.g.m.d.UserCtxPermissionViewDao:hasPermissionResp [http-nio-8081-exec-4] - userLoginId has resp permission
INFO  2026-04-07 01:18:08.932 i.m.g.m.d.UserCtxPermissionViewDao:hasPermissionResp [http-nio-8081-exec-4] - size = 0
INFO  2026-04-07 01:18:08.932 i.m.g.m.d.UserCtxPermissionViewDao:hasPermissionResp [http-nio-8081-exec-4] - userLoginId has resp permission
INFO  2026-04-07 01:18:08.937 i.m.g.m.d.UserCtxPermissionViewDao:hasPermissionResp [http-nio-8081-exec-4] - size = 0
INFO  2026-04-07 01:18:08.937 i.m.g.m.d.UserCtxPermissionViewDao:hasPermissionResp [http-nio-8081-exec-4] - userLoginId has resp permission
INFO  2026-04-07 01:18:08.940 i.m.g.m.d.UserCtxPermissionViewDao:hasPermissionResp [http-nio-8081-exec-4] - size = 0
INFO  2026-04-07 01:18:08.942 i.m.g.m.d.QueryConfigDao:getAllQueryConfig [http-nio-8081-exec-4] - size = 0
INFO  2026-04-07 01:18:09.035 i.m.g.m.d.UserLoginDao:getUserLogin [http-nio-8081-exec-10] - getUserLogin
INFO  2026-04-07 01:18:09.038 i.m.g.m.d.UserLoginDao:getUserLogin [http-nio-8081-exec-10] - size 1
DEBUG 2026-04-07 01:18:09.044 i.m.g.s.JwtTokenFilter:doFilter [http-nio-8081-exec-10] - Token valid for user: developer
INFO  2026-04-07 01:18:09.045 i.m.g.m.d.EnumerationDao:getEnumerations [http-nio-8081-exec-10] - find all enumeration by enumId order by sequenceId
INFO  2026-04-07 01:18:09.047 i.m.g.m.d.EnumerationDao:getEnumerations [http-nio-8081-exec-10] - size = 6
INFO  2026-04-07 01:18:26.727 i.m.g.m.d.UserLoginDao:getUserLogin [http-nio-8081-exec-3] - getUserLogin
INFO  2026-04-07 01:18:26.728 i.m.g.m.d.UserLoginDao:getUserLogin [http-nio-8081-exec-3] - size 1
DEBUG 2026-04-07 01:18:26.729 i.m.g.s.JwtTokenFilter:doFilter [http-nio-8081-exec-3] - Token valid for user: developer
INFO  2026-04-07 01:18:26.730 i.m.g.m.d.WorkEffortAnalysisDao:getWorkEffortAnalysisEx [http-nio-8081-exec-3] - getWorkEffortAnalysisEx
INFO  2026-04-07 01:18:26.732 i.m.g.m.d.WorkEffortAnalysisDao:getWorkEffortAnalysisEx [http-nio-8081-exec-3] - size = 0
INFO  2026-04-07 01:18:30.184 i.m.g.m.d.UserLoginDao:getUserLogin [http-nio-8081-exec-7] - getUserLogin
INFO  2026-04-07 01:18:30.186 i.m.g.m.d.UserLoginDao:getUserLogin [http-nio-8081-exec-7] - size 1
DEBUG 2026-04-07 01:18:30.187 i.m.g.s.JwtTokenFilter:doFilter [http-nio-8081-exec-7] - Token valid for user: developer
INFO  2026-04-07 01:18:30.189 i.m.g.m.d.QueryConfigDao:getAllQueryConfig [http-nio-8081-exec-7] - find all queryConfig
INFO  2026-04-07 01:18:30.189 i.m.g.m.d.UserCtxPermissionViewDao:hasPermission [http-nio-8081-exec-7] - userLoginId has permission
INFO  2026-04-07 01:18:30.191 i.m.g.m.d.UserCtxPermissionViewDao:hasPermission [http-nio-8081-exec-7] - size = 1
INFO  2026-04-07 01:18:30.191 i.m.g.m.d.UserCtxPermissionViewDao:hasPermission [http-nio-8081-exec-7] - userLoginId has permission
INFO  2026-04-07 01:18:30.192 i.m.g.m.d.UserCtxPermissionViewDao:hasPermission [http-nio-8081-exec-7] - size = 0
INFO  2026-04-07 01:18:30.193 i.m.g.m.d.UserCtxPermissionViewDao:hasPermission [http-nio-8081-exec-7] - userLoginId has permission
INFO  2026-04-07 01:18:30.194 i.m.g.m.d.UserCtxPermissionViewDao:hasPermission [http-nio-8081-exec-7] - size = 0
INFO  2026-04-07 01:18:30.194 i.m.g.m.d.UserCtxPermissionViewDao:hasPermissionResp [http-nio-8081-exec-7] - userLoginId has resp permission
INFO  2026-04-07 01:18:30.198 i.m.g.m.d.UserCtxPermissionViewDao:hasPermissionResp [http-nio-8081-exec-7] - size = 0
INFO  2026-04-07 01:18:30.199 i.m.g.m.d.UserCtxPermissionViewDao:hasPermissionResp [http-nio-8081-exec-7] - userLoginId has resp permission
INFO  2026-04-07 01:18:30.202 i.m.g.m.d.UserCtxPermissionViewDao:hasPermissionResp [http-nio-8081-exec-7] - size = 0
INFO  2026-04-07 01:18:30.202 i.m.g.m.d.UserCtxPermissionViewDao:hasPermissionResp [http-nio-8081-exec-7] - userLoginId has resp permission
INFO  2026-04-07 01:18:30.205 i.m.g.m.d.UserCtxPermissionViewDao:hasPermissionResp [http-nio-8081-exec-7] - size = 0
INFO  2026-04-07 01:18:30.206 i.m.g.m.d.UserCtxPermissionViewDao:hasPermissionResp [http-nio-8081-exec-7] - userLoginId has resp permission
INFO  2026-04-07 01:18:30.209 i.m.g.m.d.UserCtxPermissionViewDao:hasPermissionResp [http-nio-8081-exec-7] - size = 0
INFO  2026-04-07 01:18:30.211 i.m.g.m.d.QueryConfigDao:getAllQueryConfig [http-nio-8081-exec-7] - size = 0
INFO  2026-04-07 01:18:30.354 i.m.g.m.d.UserLoginDao:getUserLogin [http-nio-8081-exec-2] - getUserLogin
INFO  2026-04-07 01:18:30.355 i.m.g.m.d.UserLoginDao:getUserLogin [http-nio-8081-exec-2] - size 1
DEBUG 2026-04-07 01:18:30.356 i.m.g.s.JwtTokenFilter:doFilter [http-nio-8081-exec-2] - Token valid for user: developer
INFO  2026-04-07 01:18:30.358 i.m.g.m.d.EnumerationDao:getEnumerations [http-nio-8081-exec-2] - find all enumeration by enumId order by sequenceId
INFO  2026-04-07 01:18:30.359 i.m.g.m.d.EnumerationDao:getEnumerations [http-nio-8081-exec-2] - size = 6
INFO  2026-04-07 01:21:56.224 i.m.g.m.d.UserLoginDao:getUserLogin [http-nio-8081-exec-5] - getUserLogin
INFO  2026-04-07 01:21:56.227 i.m.g.m.d.UserLoginDao:getUserLogin [http-nio-8081-exec-5] - size 1
DEBUG 2026-04-07 01:21:56.228 i.m.g.s.JwtTokenFilter:doFilter [http-nio-8081-exec-5] - Token valid for user: developer
INFO  2026-04-07 01:21:56.229 i.m.g.m.d.WorkEffortAnalysisDao:getWorkEffortAnalysisEx [http-nio-8081-exec-5] - getWorkEffortAnalysisEx
INFO  2026-04-07 01:21:56.231 i.m.g.m.d.WorkEffortAnalysisDao:getWorkEffortAnalysisEx [http-nio-8081-exec-5] - size = 0
INFO  2026-04-07 01:24:43.235 i.m.g.m.d.UserLoginDao:getUserLogin [http-nio-8081-exec-9] - getUserLogin
INFO  2026-04-07 01:24:43.239 i.m.g.m.d.UserLoginDao:getUserLogin [http-nio-8081-exec-9] - size 1
DEBUG 2026-04-07 01:24:43.239 i.m.g.s.JwtTokenFilter:doFilter [http-nio-8081-exec-9] - Token valid for user: developer
INFO  2026-04-07 01:24:43.242 i.m.g.m.d.UserLoginDao:getUserLogin [http-nio-8081-exec-9] - getUserLogin
INFO  2026-04-07 01:24:43.245 i.m.g.m.d.UserLoginDao:getUserLogin [http-nio-8081-exec-9] - size 1
INFO  2026-04-07 01:24:43.247 i.m.g.m.d.UserLoginDao:getUserLogin [http-nio-8081-exec-9] - getUserLogin
ERROR 2026-04-07 01:24:43.248 i.m.g.s.c.AuthController:getLoginMethod [http-nio-8081-exec-1] - no oneLoginSSOEnabledPropertyName and keycloakLoginEnabledPropertyName configuration found
INFO  2026-04-07 01:24:43.249 i.m.g.m.d.UserLoginDao:getUserLogin [http-nio-8081-exec-9] - size 1
INFO  2026-04-07 01:24:43.956 i.m.g.m.d.UserLoginDao:getUserLogin [http-nio-8081-exec-3] - getUserLogin
INFO  2026-04-07 01:24:43.958 i.m.g.m.d.UserLoginDao:getUserLogin [http-nio-8081-exec-3] - size 1
DEBUG 2026-04-07 01:24:43.958 i.m.g.s.JwtTokenFilter:doFilter [http-nio-8081-exec-3] - Token valid for user: developer
INFO  2026-04-07 01:24:43.960 i.m.g.m.d.UserCtxPermissionViewDao:selectByUserLoginId [http-nio-8081-exec-3] - get UserCtxPermissionView by userLoginId
INFO  2026-04-07 01:24:43.963 i.m.g.m.d.UserCtxPermissionViewDao:selectByUserLoginId [http-nio-8081-exec-3] - size = 15
INFO  2026-04-07 01:24:43.985 i.m.g.m.d.UserLoginDao:getUserLogin [http-nio-8081-exec-7] - getUserLogin
INFO  2026-04-07 01:24:43.987 i.m.g.m.d.UserLoginDao:getUserLogin [http-nio-8081-exec-7] - size 1
DEBUG 2026-04-07 01:24:43.988 i.m.g.s.JwtTokenFilter:doFilter [http-nio-8081-exec-7] - Token valid for user: developer
INFO  2026-04-07 01:24:43.989 i.m.g.m.d.UserCtxPermissionViewDao:selectByUserLoginId [http-nio-8081-exec-7] - get UserCtxPermissionView by userLoginId
INFO  2026-04-07 01:24:43.994 i.m.g.m.d.UserCtxPermissionViewDao:selectByUserLoginId [http-nio-8081-exec-7] - size = 15
INFO  2026-04-07 01:24:43.995 i.m.g.m.d.UserLoginDao:getUserLogin [http-nio-8081-exec-6] - getUserLogin
INFO  2026-04-07 01:24:43.997 i.m.g.m.d.UserLoginDao:getUserLogin [http-nio-8081-exec-6] - size 1
DEBUG 2026-04-07 01:24:43.998 i.m.g.s.JwtTokenFilter:doFilter [http-nio-8081-exec-6] - Token valid for user: developer
INFO  2026-04-07 01:24:43.999 i.m.g.m.d.UserLoginDao:getUserLogin [http-nio-8081-exec-6] - getUserLogin
INFO  2026-04-07 01:24:44.012 i.m.g.m.d.UserLoginDao:getUserLogin [http-nio-8081-exec-6] - size 1
INFO  2026-04-07 01:24:44.013 i.m.g.m.d.UserLoginDao:getUserLogin [http-nio-8081-exec-2] - getUserLogin
INFO  2026-04-07 01:24:44.013 i.m.g.m.d.UserLoginDao:getUserLogin [http-nio-8081-exec-6] - getUserLogin
INFO  2026-04-07 01:24:44.014 i.m.g.m.d.UserLoginDao:getUserLogin [http-nio-8081-exec-2] - size 1
INFO  2026-04-07 01:24:44.014 i.m.g.m.d.UserLoginDao:getUserLogin [http-nio-8081-exec-6] - size 1
DEBUG 2026-04-07 01:24:44.015 i.m.g.s.JwtTokenFilter:doFilter [http-nio-8081-exec-2] - Token valid for user: developer
INFO  2026-04-07 01:24:44.019 i.m.g.m.d.PartyNoteDao:getPartyNote [http-nio-8081-exec-5] - getPartyNote
INFO  2026-04-07 01:24:44.024 i.m.g.m.d.PartyNoteDao:getPartyNote [http-nio-8081-exec-5] - size = 0
INFO  2026-04-07 01:24:44.023 i.m.g.m.d.SecurityPermissionDao:getPermission [http-nio-8081-exec-2] - getPermission
INFO  2026-04-07 01:24:44.025 i.m.g.m.d.UserLoginDao:getUserLogin [http-nio-8081-exec-1] - getUserLogin
INFO  2026-04-07 01:24:44.032 i.m.g.m.d.UserLoginDao:getUserLogin [http-nio-8081-exec-1] - size 1
DEBUG 2026-04-07 01:24:44.036 i.m.g.s.JwtTokenFilter:doFilter [http-nio-8081-exec-1] - Token valid for user: developer
INFO  2026-04-07 01:24:44.038 i.m.g.m.d.UserPreferenceDaoMB:getUserPreference [http-nio-8081-exec-1] - find userPreference by id
INFO  2026-04-07 01:24:44.042 i.m.g.m.d.SecurityPermissionDao:getPermission [http-nio-8081-exec-2] - size = 107
INFO  2026-04-07 01:24:44.042 i.m.g.m.d.UserPreferenceDaoMB:getUserPreference [http-nio-8081-exec-1] - UserPreference = false
INFO  2026-04-07 01:24:44.043 i.m.g.m.d.UserPreferenceDaoMB:getUserPreference [http-nio-8081-exec-1] - find userPreference by id
INFO  2026-04-07 01:24:44.044 i.m.g.m.d.UserPreferenceDaoMB:getUserPreference [http-nio-8081-exec-1] - UserPreference = false
INFO  2026-04-07 01:24:44.044 i.m.g.s.MenuService:getMenu [http-nio-8081-exec-2] - mappa2 {TYPESATTACHMENTSOBJECTIVESCTXWE=[ADMIN], REPORTPRINTCTXOR=[ADMIN], UOMTYPE=[ADMIN], REPORTPRINTCTXPA=[ADMIN], ANALYSISCTXBS=[ADMIN], SECURITYGROUPSCTXBA=[ADMIN], ANALYSISTYPECTXEP=[ADMIN], QUERYCONFIGCTXBSU=[ADMIN], APPROVALPATHSCTXBA=[ADMIN], REPORTPRINTCTXGD=[ADMIN], CONSULTINGLOGCTXBA=[ADMIN], QUERYCONFIGCTXGDU=[ADMIN], NOTESOBJECTIVESCTXWE=[ADMIN], WORKEFFORTCTXWE=[ADMIN], QUERYCONFIGCTXBSE=[ADMIN], QUERYCONFIGURATIONCTXWE=[ADMIN], ECONOMICINDICATORSCTXAC=[ADMIN], ANALYSISTYPECTXWE=[ADMIN], ANALYSISCTXRE=[ADMIN], QUERYCONFIGCTXEPU=[ADMIN], QUERYCONFIGCTXGDE=[ADMIN], SUBSYSTEMTYPESCTXBA=[ADMIN], PURPOSECTXAC=[ADMIN], ANALYSISCTXDI=[ADMIN], RELATIONSHIPSOBJECTIVESCTXWE=[ADMIN], EXTRAACCOUNTINGUNITTYPESCTXAC=[ADMIN], ANALYSISTYPECTXOR=[ADMIN], FINANCIALINDICATORSCTXAC=[ADMIN], QUERYCONFIGCTXPAE=[ADMIN], QUERYCONFIGCTXREE=[ADMIN], SUBJECTSOBJECTIVESCTXWE=[ADMIN], QUERYCONFIGCTXCGU=[ADMIN], REPORTPRINTCTXEP=[ADMIN], QUERYCONFIGCTXDIU=[ADMIN], QUERYCONFIGCTXPYU=[ADMIN], QUERYCONFIGCTXCOU=[ADMIN], EXTRACTQUERYCONFIGURATIONCTXWE=[ADMIN], CUSTOM=[ADMIN], QUERYCONFIGCTXACE=[ADMIN], ANALYSISCTXTR=[ADMIN], RESERVEDINDICATORMOVEMENTSCTXAC=[ADMIN], QUERYCONFIGCTXCGE=[ADMIN], QUERYCONFIGCTXDIE=[ADMIN], ANALYSISTYPECTXGD=[ADMIN], QUERYCONFIGCTXPYE=[ADMIN], ANALYSISTYPECTXPR=[ADMIN], QUERYCONFIGCTXCOE=[ADMIN], REPORTPRINTCTXDI=[ADMIN], FINANCIALACCOUNTINGUNITTYPESCTXAC=[ADMIN], ANALYSISCTXCO=[ADMIN], MEASURESOBJECTIVESCTXWE=[ADMIN], ANALYSISTYPECTXPA=[ADMIN], REPORTPRINTCTXTR=[ADMIN], TYPOLOGIESROLESSUBJECTSCTXPY=[ADMIN], SCHEDULERCTXBA=[ADMIN], ANALYSISCTXCG=[ADMIN], OBJECTIVECODESCTXWE=[ADMIN], QUERYCONFIGCTXCAU=[ADMIN], CALCULATIONFORMULASCTXAC=[ADMIN], REPORTPRINTCTXCG=[ADMIN], FINANCIALINDICATORMOVEMENTSCTXAC=[ADMIN], REPORTPRINTCTXCO=[ADMIN], ECONOMICSPOSITIONSCTXPY=[ADMIN], TYPESRELATIONSHIPSBETWEENSUBJECTSCTXPY=[ADMIN], QUERYCONFIGCTXTRU=[ADMIN], ANALYSISCTXEP=[ADMIN], PERIODSCTXAC=[ADMIN], QUERYCONFIGCTXPRU=[ADMIN], REPORTPRINTCTXBS=[ADMIN], ECONPATRACCOUNTINGUNITTYPESCTXAC=[ADMIN], ECONOMICINDICATORMOVEMENTSCTXAC=[ADMIN], REPORTPRINTCTXRE=[ADMIN], QUERYCONFIGCTXTRE=[ADMIN], ANALYSISTYPECTXRE=[ADMIN], QUERYCONFIGCTXPAU=[ADMIN], QUERYCONFIGCTXPRE=[ADMIN], QUERYCONFIGCTXREU=[ADMIN], QUERYCONFIGCTXEPE=[ADMIN], RANGESOFVALUESCTXAC=[ADMIN], QUERYCONFIG=[ADMIN], TIMESHEETCTXPR=[ADMIN], ANALYSISTYPECTXCG=[ADMIN], TIMESHEET=[ADMIN], TYPOLOGYRELATIONSHIPSOBJECTIVESCTXWE=[ADMIN], ANALYSISTYPECTXCO=[ADMIN], ANALYSISTYPECTXBS=[ADMIN], QUERYCONFIGCTXBAE=[ADMIN], SUBSYSTEMCTXBA=[ADMIN], REQUESTFROMINTERESTEDPARTIESCTXGD=[ADMIN], ANALYSISCTXPR=[ADMIN], DETECTIONTYPECTXAC=[ADMIN], INDICATORSCTXAC=[ADMIN], INDICATORMOVEMENTSCTXAC=[ADMIN], ANALYSISTYPECTXDI=[ADMIN], REPORTPRINTCTXPR=[ADMIN], QUERYCONFIGCTXORU=[ADMIN], TIMESHEETCTXOR=[ADMIN], ANALYSISCTXPA=[ADMIN], ATTACHMENTSOBJECTIVESCTXWE=[ADMIN], UOM=[ADMIN], INTERFACCIAMENTODATI=[ADMIN], TIPOLOGIEPERIODICTXAC=[ADMIN], QUERYCONFIGCTXORE=[ADMIN], RESERVEDINDICATORSCTXAC=[ADMIN], NATUREUNITCONTEXTRCTXAC=[ADMIN], ANALYSISTYPECTXTR=[ADMIN], ANALYSISCTXOR=[ADMIN]}
INFO  2026-04-07 01:24:44.045 i.m.g.m.d.ContentAndAttributesDao:getValidMenu [http-nio-8081-exec-2] - getValidMenu
INFO  2026-04-07 01:24:44.112 i.m.g.m.d.ContentAndAttributesDao:getValidMenu [http-nio-8081-exec-2] - size = 102
INFO  2026-04-07 01:24:44.113 i.m.g.m.d.ContentAndAttributesDao:getFolderMenu [http-nio-8081-exec-2] - getFolderMenu
INFO  2026-04-07 01:24:44.137 i.m.g.m.d.ContentAndAttributesDao:getFolderMenu [http-nio-8081-exec-2] - size = 66
INFO  2026-04-07 01:24:44.158 i.m.g.m.d.UserLoginDao:getUserLogin [http-nio-8081-exec-10] - getUserLogin
INFO  2026-04-07 01:24:44.160 i.m.g.m.d.UserLoginDao:getUserLogin [http-nio-8081-exec-10] - size 1
DEBUG 2026-04-07 01:24:44.160 i.m.g.s.JwtTokenFilter:doFilter [http-nio-8081-exec-10] - Token valid for user: developer
INFO  2026-04-07 01:24:44.161 i.m.g.m.d.WorkEffortAnalysisDao:getWorkEffortAnalysisEx [http-nio-8081-exec-10] - getWorkEffortAnalysisEx
INFO  2026-04-07 01:24:44.166 i.m.g.m.d.WorkEffortAnalysisDao:getWorkEffortAnalysisEx [http-nio-8081-exec-10] - size = 0
INFO  2026-04-07 01:24:44.203 i.m.g.m.d.UserLoginDao:getUserLogin [http-nio-8081-exec-3] - getUserLogin
INFO  2026-04-07 01:24:44.206 i.m.g.m.d.UserLoginDao:getUserLogin [http-nio-8081-exec-3] - size 1
DEBUG 2026-04-07 01:24:44.207 i.m.g.s.JwtTokenFilter:doFilter [http-nio-8081-exec-3] - Token valid for user: developer
INFO  2026-04-07 01:24:44.460 i.m.g.m.d.UserLoginDao:getUserLogin [http-nio-8081-exec-5] - getUserLogin
INFO  2026-04-07 01:24:44.463 i.m.g.m.d.UserLoginDao:getUserLogin [http-nio-8081-exec-6] - getUserLogin
INFO  2026-04-07 01:24:44.465 i.m.g.m.d.UserLoginDao:getUserLogin [http-nio-8081-exec-6] - size 1
DEBUG 2026-04-07 01:24:44.466 i.m.g.s.JwtTokenFilter:doFilter [http-nio-8081-exec-6] - Token valid for user: developer
INFO  2026-04-07 01:24:44.472 i.m.g.m.d.UserLoginDao:getUserLogin [http-nio-8081-exec-5] - size 1
DEBUG 2026-04-07 01:24:44.472 i.m.g.s.JwtTokenFilter:doFilter [http-nio-8081-exec-5] - Token valid for user: developer
INFO  2026-04-07 01:24:44.568 i.m.g.s.NodeService:stream [http-nio-8081-exec-1] - stream default imagePath: /lmm/images/gzoom_logo.jpg
INFO  2026-04-07 01:24:44.568 i.m.g.m.d.PartyContentDao:getPartyContent [http-nio-8081-exec-1] - getPartyContent
INFO  2026-04-07 01:24:44.582 i.m.g.m.d.PartyContentDao:getPartyContent [http-nio-8081-exec-1] - size = 0
INFO  2026-04-07 01:24:44.765 i.m.g.m.d.UserLoginDao:getUserLogin [http-nio-8081-exec-4] - getUserLogin
INFO  2026-04-07 01:24:44.767 i.m.g.m.d.UserLoginDao:getUserLogin [http-nio-8081-exec-4] - size 1
DEBUG 2026-04-07 01:24:44.770 i.m.g.s.JwtTokenFilter:doFilter [http-nio-8081-exec-4] - Token valid for user: developer
INFO  2026-04-07 01:24:44.771 i.m.g.m.d.UserPreferenceDaoMB:getUserPreference [http-nio-8081-exec-4] - find userPreference by id
INFO  2026-04-07 01:24:44.774 i.m.g.m.d.UserPreferenceDaoMB:getUserPreference [http-nio-8081-exec-4] - UserPreference = true
INFO  2026-04-07 01:24:44.774 i.m.g.m.d.UserPreferenceDaoMB:getUserPreference [http-nio-8081-exec-4] - find userPreference by id
INFO  2026-04-07 01:24:44.778 i.m.g.m.d.UserPreferenceDaoMB:getUserPreference [http-nio-8081-exec-4] - UserPreference = false
INFO  2026-04-07 01:24:44.819 i.m.g.m.d.UserLoginDao:getUserLogin [http-nio-8081-exec-2] - getUserLogin
INFO  2026-04-07 01:24:44.823 i.m.g.m.d.UserLoginDao:getUserLogin [http-nio-8081-exec-2] - size 1
INFO  2026-04-07 01:24:44.825 i.m.g.m.d.UserLoginDao:getUserLogin [http-nio-8081-exec-4] - getUserLogin
DEBUG 2026-04-07 01:24:44.826 i.m.g.s.JwtTokenFilter:doFilter [http-nio-8081-exec-2] - Token valid for user: developer
INFO  2026-04-07 01:24:44.828 i.m.g.m.d.UserLoginDao:getUserLogin [http-nio-8081-exec-8] - getUserLogin
INFO  2026-04-07 01:24:44.830 i.m.g.m.d.UserLoginValidPartyRoleDao:getUserLoginValidPartyRoleList [http-nio-8081-exec-2] - getUserLoginValidPartyRoleList
INFO  2026-04-07 01:24:44.828 i.m.g.m.d.UserLoginDao:getUserLogin [http-nio-8081-exec-4] - size 1
DEBUG 2026-04-07 01:24:44.834 i.m.g.s.JwtTokenFilter:doFilter [http-nio-8081-exec-4] - Token valid for user: developer
INFO  2026-04-07 01:24:44.835 i.m.g.m.d.UserLoginDao:getUserLogin [http-nio-8081-exec-4] - getUserLogin
INFO  2026-04-07 01:24:44.836 i.m.g.m.d.UserLoginDao:getUserLogin [http-nio-8081-exec-8] - size 1
INFO  2026-04-07 01:24:44.836 i.m.g.u.Manifests:getProductInfo [http-nio-8081-exec-6] - getProductInfo2.5.0rc1
ERROR 2026-04-07 01:24:44.846 i.m.g.u.Manifests:initProductDate [http-nio-8081-exec-6] - Invalid product date format in MANIFEST.MF
INFO  2026-04-07 01:24:44.842 i.m.g.m.d.UserLoginValidPartyRoleDao:getUserLoginValidPartyRoleList [http-nio-8081-exec-2] - size 0
INFO  2026-04-07 01:24:44.853 i.m.g.m.d.UserLoginDao:getUserLogin [http-nio-8081-exec-5] - getUserLogin
INFO  2026-04-07 01:24:44.855 i.m.g.u.Manifests:getProductInfo [http-nio-8081-exec-6] - getProductInfoTue Apr 07 01:24:44 CEST 2026
INFO  2026-04-07 01:24:44.858 i.m.g.m.d.UserLoginDao:getUserLogin [http-nio-8081-exec-4] - size 1
DEBUG 2026-04-07 01:24:44.858 i.m.g.s.JwtTokenFilter:doFilter [http-nio-8081-exec-8] - Token valid for user: developer
INFO  2026-04-07 01:24:44.867 i.m.g.m.d.UserLoginDao:getUserLogin [http-nio-8081-exec-5] - size 1
DEBUG 2026-04-07 01:24:44.878 i.m.g.s.JwtTokenFilter:doFilter [http-nio-8081-exec-5] - Token valid for user: developer
INFO  2026-04-07 01:24:46.480 i.m.g.s.JwtLogoutFilter:doFilter [http-nio-8081-exec-3] - Logged out user: developer
ERROR 2026-04-07 01:24:46.561 i.m.g.s.c.AuthController:getLoginMethod [http-nio-8081-exec-7] - no oneLoginSSOEnabledPropertyName and keycloakLoginEnabledPropertyName configuration found
INFO  2026-04-07 01:24:46.680 i.m.g.m.d.PartyNoteDao:getPartyNote [http-nio-8081-exec-6] - getPartyNote
INFO  2026-04-07 01:24:46.682 i.m.g.m.d.PartyNoteDao:getPartyNote [http-nio-8081-exec-6] - size = 0
INFO  2026-04-07 01:24:46.699 i.m.g.m.d.PartyNoteDao:getPartyNote [http-nio-8081-exec-8] - getPartyNote
INFO  2026-04-07 01:24:46.701 i.m.g.m.d.PartyNoteDao:getPartyNote [http-nio-8081-exec-8] - size = 0
INFO  2026-04-07 01:24:46.838 i.m.g.s.NodeService:stream [http-nio-8081-exec-4] - stream default imagePath: /lmm/images/gzoom_logo_login.jpg
INFO  2026-04-07 01:24:46.838 i.m.g.m.d.PartyContentDao:getPartyContent [http-nio-8081-exec-4] - getPartyContent
INFO  2026-04-07 01:24:46.843 i.m.g.m.d.PartyContentDao:getPartyContent [http-nio-8081-exec-4] - size = 0
INFO  2026-04-07 01:24:46.858 i.m.g.m.d.UserPreferenceDaoMB:getUserPreference [http-nio-8081-exec-9] - find userPreference by id
INFO  2026-04-07 01:24:46.860 i.m.g.m.d.UserPreferenceDaoMB:getUserPreference [http-nio-8081-exec-9] - UserPreference = true
INFO  2026-04-07 01:24:46.876 i.m.g.m.d.NoteDataDao:getNoteDataByPrefValue [http-nio-8081-exec-1] - find note data by prefValue
INFO  2026-04-07 01:24:46.877 i.m.g.m.d.NoteDataDao:getNoteDataByPrefValue [http-nio-8081-exec-1] - size = null
ERROR 2026-04-07 01:24:49.423 i.m.g.s.c.AuthController:getLoginMethod [http-nio-8081-exec-3] - no oneLoginSSOEnabledPropertyName and keycloakLoginEnabledPropertyName configuration found
INFO  2026-04-07 01:24:50.054 i.m.g.m.d.PartyNoteDao:getPartyNote [http-nio-8081-exec-2] - getPartyNote
INFO  2026-04-07 01:24:50.056 i.m.g.m.d.PartyNoteDao:getPartyNote [http-nio-8081-exec-2] - size = 0
INFO  2026-04-07 01:24:50.080 i.m.g.m.d.PartyNoteDao:getPartyNote [http-nio-8081-exec-5] - getPartyNote
INFO  2026-04-07 01:24:50.081 i.m.g.m.d.PartyNoteDao:getPartyNote [http-nio-8081-exec-5] - size = 0
INFO  2026-04-07 01:24:50.197 i.m.g.s.NodeService:stream [http-nio-8081-exec-1] - stream default imagePath: /lmm/images/gzoom_logo_login.jpg
INFO  2026-04-07 01:24:50.200 i.m.g.m.d.PartyContentDao:getPartyContent [http-nio-8081-exec-1] - getPartyContent
INFO  2026-04-07 01:24:50.201 i.m.g.m.d.UserPreferenceDaoMB:getUserPreference [http-nio-8081-exec-3] - find userPreference by id
INFO  2026-04-07 01:24:50.203 i.m.g.m.d.UserPreferenceDaoMB:getUserPreference [http-nio-8081-exec-3] - UserPreference = true
INFO  2026-04-07 01:24:50.204 i.m.g.m.d.PartyContentDao:getPartyContent [http-nio-8081-exec-1] - size = 0
INFO  2026-04-07 01:24:50.222 i.m.g.m.d.NoteDataDao:getNoteDataByPrefValue [http-nio-8081-exec-10] - find note data by prefValue
INFO  2026-04-07 01:24:50.223 i.m.g.m.d.NoteDataDao:getNoteDataByPrefValue [http-nio-8081-exec-10] - size = null
INFO  2026-04-07 01:24:55.209 i.m.g.m.d.UserLoginDao:getUserLogin [http-nio-8081-exec-6] - getUserLogin
INFO  2026-04-07 01:24:55.222 i.m.g.m.d.UserLoginDao:getUserLogin [http-nio-8081-exec-6] - size 1
INFO  2026-04-07 01:24:55.260 i.m.g.m.d.UserLoginDao:getUserLogin [http-nio-8081-exec-7] - getUserLogin
INFO  2026-04-07 01:24:55.261 i.m.g.m.d.UserLoginDao:getUserLogin [http-nio-8081-exec-7] - size 1
INFO  2026-04-07 01:24:55.339 i.m.g.m.d.UserPreferenceDaoMB:getUserPreference [http-nio-8081-exec-7] - find userPreference by id
INFO  2026-04-07 01:24:55.340 i.m.g.m.d.UserPreferenceDaoMB:getUserPreference [http-nio-8081-exec-7] - UserPreference = true
INFO  2026-04-07 01:24:55.340 i.m.g.s.JwtLoginFilter:successfulAuthentication [http-nio-8081-exec-7] - Successfully authenticated user: developer
INFO  2026-04-07 01:24:55.523 i.m.g.m.d.UserLoginDao:getUserLogin [http-nio-8081-exec-8] - getUserLogin
INFO  2026-04-07 01:24:55.526 i.m.g.m.d.UserLoginDao:getUserLogin [http-nio-8081-exec-8] - size 1
DEBUG 2026-04-07 01:24:55.527 i.m.g.s.JwtTokenFilter:doFilter [http-nio-8081-exec-8] - Token valid for user: developer
INFO  2026-04-07 01:24:55.528 i.m.g.m.d.UserCtxPermissionViewDao:selectByUserLoginId [http-nio-8081-exec-8] - get UserCtxPermissionView by userLoginId
INFO  2026-04-07 01:24:55.531 i.m.g.m.d.UserCtxPermissionViewDao:selectByUserLoginId [http-nio-8081-exec-8] - size = 15
INFO  2026-04-07 01:24:55.546 i.m.g.m.d.UserLoginDao:getUserLogin [http-nio-8081-exec-2] - getUserLogin
INFO  2026-04-07 01:24:55.548 i.m.g.m.d.UserLoginDao:getUserLogin [http-nio-8081-exec-2] - size 1
DEBUG 2026-04-07 01:24:55.549 i.m.g.s.JwtTokenFilter:doFilter [http-nio-8081-exec-2] - Token valid for user: developer
INFO  2026-04-07 01:24:55.551 i.m.g.m.d.UserLoginDao:getUserLogin [http-nio-8081-exec-2] - getUserLogin
INFO  2026-04-07 01:24:55.554 i.m.g.m.d.UserLoginDao:getUserLogin [http-nio-8081-exec-2] - size 1
INFO  2026-04-07 01:24:55.555 i.m.g.m.d.UserLoginDao:getUserLogin [http-nio-8081-exec-2] - getUserLogin
INFO  2026-04-07 01:24:55.557 i.m.g.m.d.UserLoginDao:getUserLogin [http-nio-8081-exec-2] - size 1
INFO  2026-04-07 01:24:55.565 i.m.g.m.d.UserLoginDao:getUserLogin [http-nio-8081-exec-5] - getUserLogin
INFO  2026-04-07 01:24:55.568 i.m.g.m.d.UserLoginDao:getUserLogin [http-nio-8081-exec-5] - size 1
DEBUG 2026-04-07 01:24:55.571 i.m.g.s.JwtTokenFilter:doFilter [http-nio-8081-exec-5] - Token valid for user: developer
INFO  2026-04-07 01:24:55.572 i.m.g.m.d.SecurityPermissionDao:getPermission [http-nio-8081-exec-5] - getPermission
INFO  2026-04-07 01:24:55.581 i.m.g.m.d.SecurityPermissionDao:getPermission [http-nio-8081-exec-5] - size = 107
INFO  2026-04-07 01:24:55.582 i.m.g.m.d.UserLoginDao:getUserLogin [http-nio-8081-exec-9] - getUserLogin
INFO  2026-04-07 01:24:55.584 i.m.g.m.d.PartyNoteDao:getPartyNote [http-nio-8081-exec-4] - getPartyNote
INFO  2026-04-07 01:24:55.584 i.m.g.m.d.UserLoginDao:getUserLogin [http-nio-8081-exec-9] - size 1
INFO  2026-04-07 01:24:55.584 i.m.g.s.MenuService:getMenu [http-nio-8081-exec-5] - mappa2 {TYPESATTACHMENTSOBJECTIVESCTXWE=[ADMIN], REPORTPRINTCTXOR=[ADMIN], UOMTYPE=[ADMIN], REPORTPRINTCTXPA=[ADMIN], ANALYSISCTXBS=[ADMIN], SECURITYGROUPSCTXBA=[ADMIN], ANALYSISTYPECTXEP=[ADMIN], QUERYCONFIGCTXBSU=[ADMIN], APPROVALPATHSCTXBA=[ADMIN], REPORTPRINTCTXGD=[ADMIN], CONSULTINGLOGCTXBA=[ADMIN], QUERYCONFIGCTXGDU=[ADMIN], NOTESOBJECTIVESCTXWE=[ADMIN], WORKEFFORTCTXWE=[ADMIN], QUERYCONFIGCTXBSE=[ADMIN], QUERYCONFIGURATIONCTXWE=[ADMIN], ECONOMICINDICATORSCTXAC=[ADMIN], ANALYSISTYPECTXWE=[ADMIN], ANALYSISCTXRE=[ADMIN], QUERYCONFIGCTXEPU=[ADMIN], QUERYCONFIGCTXGDE=[ADMIN], SUBSYSTEMTYPESCTXBA=[ADMIN], PURPOSECTXAC=[ADMIN], ANALYSISCTXDI=[ADMIN], RELATIONSHIPSOBJECTIVESCTXWE=[ADMIN], EXTRAACCOUNTINGUNITTYPESCTXAC=[ADMIN], ANALYSISTYPECTXOR=[ADMIN], FINANCIALINDICATORSCTXAC=[ADMIN], QUERYCONFIGCTXPAE=[ADMIN], QUERYCONFIGCTXREE=[ADMIN], SUBJECTSOBJECTIVESCTXWE=[ADMIN], QUERYCONFIGCTXCGU=[ADMIN], REPORTPRINTCTXEP=[ADMIN], QUERYCONFIGCTXDIU=[ADMIN], QUERYCONFIGCTXPYU=[ADMIN], QUERYCONFIGCTXCOU=[ADMIN], EXTRACTQUERYCONFIGURATIONCTXWE=[ADMIN], CUSTOM=[ADMIN], QUERYCONFIGCTXACE=[ADMIN], ANALYSISCTXTR=[ADMIN], RESERVEDINDICATORMOVEMENTSCTXAC=[ADMIN], QUERYCONFIGCTXCGE=[ADMIN], QUERYCONFIGCTXDIE=[ADMIN], ANALYSISTYPECTXGD=[ADMIN], QUERYCONFIGCTXPYE=[ADMIN], ANALYSISTYPECTXPR=[ADMIN], QUERYCONFIGCTXCOE=[ADMIN], REPORTPRINTCTXDI=[ADMIN], FINANCIALACCOUNTINGUNITTYPESCTXAC=[ADMIN], ANALYSISCTXCO=[ADMIN], MEASURESOBJECTIVESCTXWE=[ADMIN], ANALYSISTYPECTXPA=[ADMIN], REPORTPRINTCTXTR=[ADMIN], TYPOLOGIESROLESSUBJECTSCTXPY=[ADMIN], SCHEDULERCTXBA=[ADMIN], ANALYSISCTXCG=[ADMIN], OBJECTIVECODESCTXWE=[ADMIN], QUERYCONFIGCTXCAU=[ADMIN], CALCULATIONFORMULASCTXAC=[ADMIN], REPORTPRINTCTXCG=[ADMIN], FINANCIALINDICATORMOVEMENTSCTXAC=[ADMIN], REPORTPRINTCTXCO=[ADMIN], ECONOMICSPOSITIONSCTXPY=[ADMIN], TYPESRELATIONSHIPSBETWEENSUBJECTSCTXPY=[ADMIN], QUERYCONFIGCTXTRU=[ADMIN], ANALYSISCTXEP=[ADMIN], PERIODSCTXAC=[ADMIN], QUERYCONFIGCTXPRU=[ADMIN], REPORTPRINTCTXBS=[ADMIN], ECONPATRACCOUNTINGUNITTYPESCTXAC=[ADMIN], ECONOMICINDICATORMOVEMENTSCTXAC=[ADMIN], REPORTPRINTCTXRE=[ADMIN], QUERYCONFIGCTXTRE=[ADMIN], ANALYSISTYPECTXRE=[ADMIN], QUERYCONFIGCTXPAU=[ADMIN], QUERYCONFIGCTXPRE=[ADMIN], QUERYCONFIGCTXREU=[ADMIN], QUERYCONFIGCTXEPE=[ADMIN], RANGESOFVALUESCTXAC=[ADMIN], QUERYCONFIG=[ADMIN], TIMESHEETCTXPR=[ADMIN], ANALYSISTYPECTXCG=[ADMIN], TIMESHEET=[ADMIN], TYPOLOGYRELATIONSHIPSOBJECTIVESCTXWE=[ADMIN], ANALYSISTYPECTXCO=[ADMIN], ANALYSISTYPECTXBS=[ADMIN], QUERYCONFIGCTXBAE=[ADMIN], SUBSYSTEMCTXBA=[ADMIN], REQUESTFROMINTERESTEDPARTIESCTXGD=[ADMIN], ANALYSISCTXPR=[ADMIN], DETECTIONTYPECTXAC=[ADMIN], INDICATORSCTXAC=[ADMIN], INDICATORMOVEMENTSCTXAC=[ADMIN], ANALYSISTYPECTXDI=[ADMIN], REPORTPRINTCTXPR=[ADMIN], QUERYCONFIGCTXORU=[ADMIN], TIMESHEETCTXOR=[ADMIN], ANALYSISCTXPA=[ADMIN], ATTACHMENTSOBJECTIVESCTXWE=[ADMIN], UOM=[ADMIN], INTERFACCIAMENTODATI=[ADMIN], TIPOLOGIEPERIODICTXAC=[ADMIN], QUERYCONFIGCTXORE=[ADMIN], RESERVEDINDICATORSCTXAC=[ADMIN], NATUREUNITCONTEXTRCTXAC=[ADMIN], ANALYSISTYPECTXTR=[ADMIN], ANALYSISCTXOR=[ADMIN]}
INFO  2026-04-07 01:24:55.585 i.m.g.m.d.ContentAndAttributesDao:getValidMenu [http-nio-8081-exec-5] - getValidMenu
DEBUG 2026-04-07 01:24:55.586 i.m.g.s.JwtTokenFilter:doFilter [http-nio-8081-exec-9] - Token valid for user: developer
INFO  2026-04-07 01:24:55.586 i.m.g.m.d.PartyNoteDao:getPartyNote [http-nio-8081-exec-4] - size = 0
INFO  2026-04-07 01:24:55.587 i.m.g.m.d.UserPreferenceDaoMB:getUserPreference [http-nio-8081-exec-9] - find userPreference by id
INFO  2026-04-07 01:24:55.590 i.m.g.m.d.UserPreferenceDaoMB:getUserPreference [http-nio-8081-exec-9] - UserPreference = false
INFO  2026-04-07 01:24:55.591 i.m.g.m.d.UserPreferenceDaoMB:getUserPreference [http-nio-8081-exec-9] - find userPreference by id
INFO  2026-04-07 01:24:55.592 i.m.g.m.d.UserPreferenceDaoMB:getUserPreference [http-nio-8081-exec-9] - UserPreference = false
INFO  2026-04-07 01:24:55.652 i.m.g.m.d.ContentAndAttributesDao:getValidMenu [http-nio-8081-exec-5] - size = 102
INFO  2026-04-07 01:24:55.654 i.m.g.m.d.ContentAndAttributesDao:getFolderMenu [http-nio-8081-exec-5] - getFolderMenu
INFO  2026-04-07 01:24:55.676 i.m.g.m.d.ContentAndAttributesDao:getFolderMenu [http-nio-8081-exec-5] - size = 66
INFO  2026-04-07 01:24:55.717 i.m.g.m.d.UserLoginDao:getUserLogin [http-nio-8081-exec-6] - getUserLogin
INFO  2026-04-07 01:24:55.719 i.m.g.m.d.UserLoginDao:getUserLogin [http-nio-8081-exec-6] - size 1
DEBUG 2026-04-07 01:24:55.720 i.m.g.s.JwtTokenFilter:doFilter [http-nio-8081-exec-6] - Token valid for user: developer
INFO  2026-04-07 01:24:55.774 i.m.g.m.d.UserLoginDao:getUserLogin [http-nio-8081-exec-8] - getUserLogin
INFO  2026-04-07 01:24:55.780 i.m.g.m.d.UserLoginDao:getUserLogin [http-nio-8081-exec-8] - size 1
DEBUG 2026-04-07 01:24:55.781 i.m.g.s.JwtTokenFilter:doFilter [http-nio-8081-exec-8] - Token valid for user: developer
INFO  2026-04-07 01:24:55.781 i.m.g.m.d.UserLoginSecurityGroupDao:getDefaultPortalPage [http-nio-8081-exec-8] - getDefaultPortalPage
INFO  2026-04-07 01:24:55.784 i.m.g.m.d.UserLoginSecurityGroupDao:getDefaultPortalPage [http-nio-8081-exec-8] - size 0
INFO  2026-04-07 01:24:55.792 i.m.g.m.d.UserLoginDao:getUserLogin [http-nio-8081-exec-2] - getUserLogin
INFO  2026-04-07 01:24:55.792 i.m.g.m.d.UserLoginDao:getUserLogin [http-nio-8081-exec-4] - getUserLogin
INFO  2026-04-07 01:24:55.793 i.m.g.m.d.UserLoginDao:getUserLogin [http-nio-8081-exec-2] - size 1
INFO  2026-04-07 01:24:55.793 i.m.g.m.d.UserLoginDao:getUserLogin [http-nio-8081-exec-4] - size 1
DEBUG 2026-04-07 01:24:55.794 i.m.g.s.JwtTokenFilter:doFilter [http-nio-8081-exec-4] - Token valid for user: developer
DEBUG 2026-04-07 01:24:55.794 i.m.g.s.JwtTokenFilter:doFilter [http-nio-8081-exec-2] - Token valid for user: developer
INFO  2026-04-07 01:24:55.893 i.m.g.s.NodeService:stream [http-nio-8081-exec-9] - stream default imagePath: /lmm/images/gzoom_logo.jpg
INFO  2026-04-07 01:24:55.894 i.m.g.m.d.PartyContentDao:getPartyContent [http-nio-8081-exec-9] - getPartyContent
INFO  2026-04-07 01:24:55.897 i.m.g.m.d.PartyContentDao:getPartyContent [http-nio-8081-exec-9] - size = 0
INFO  2026-04-07 01:24:56.040 i.m.g.m.d.UserLoginDao:getUserLogin [http-nio-8081-exec-3] - getUserLogin
INFO  2026-04-07 01:24:56.044 i.m.g.m.d.UserLoginDao:getUserLogin [http-nio-8081-exec-3] - size 1
DEBUG 2026-04-07 01:24:56.045 i.m.g.s.JwtTokenFilter:doFilter [http-nio-8081-exec-3] - Token valid for user: developer
INFO  2026-04-07 01:24:56.047 i.m.g.m.d.UserPreferenceDaoMB:getUserPreference [http-nio-8081-exec-3] - find userPreference by id
INFO  2026-04-07 01:24:56.048 i.m.g.m.d.UserPreferenceDaoMB:getUserPreference [http-nio-8081-exec-3] - UserPreference = true
INFO  2026-04-07 01:24:56.049 i.m.g.m.d.UserPreferenceDaoMB:getUserPreference [http-nio-8081-exec-3] - find userPreference by id
INFO  2026-04-07 01:24:56.058 i.m.g.m.d.UserPreferenceDaoMB:getUserPreference [http-nio-8081-exec-3] - UserPreference = false
INFO  2026-04-07 01:24:56.068 i.m.g.m.d.UserLoginDao:getUserLogin [http-nio-8081-exec-10] - getUserLogin
INFO  2026-04-07 01:24:56.074 i.m.g.m.d.UserLoginDao:getUserLogin [http-nio-8081-exec-5] - getUserLogin
INFO  2026-04-07 01:24:56.078 i.m.g.m.d.UserLoginDao:getUserLogin [http-nio-8081-exec-5] - size 1
DEBUG 2026-04-07 01:24:56.079 i.m.g.s.JwtTokenFilter:doFilter [http-nio-8081-exec-5] - Token valid for user: developer
INFO  2026-04-07 01:24:56.080 i.m.g.m.d.UserLoginValidPartyRoleDao:getUserLoginValidPartyRoleList [http-nio-8081-exec-5] - getUserLoginValidPartyRoleList
INFO  2026-04-07 01:24:56.080 i.m.g.m.d.UserLoginDao:getUserLogin [http-nio-8081-exec-6] - getUserLogin
INFO  2026-04-07 01:24:56.084 i.m.g.m.d.UserLoginValidPartyRoleDao:getUserLoginValidPartyRoleList [http-nio-8081-exec-5] - size 0
INFO  2026-04-07 01:24:56.088 i.m.g.m.d.UserLoginDao:getUserLogin [http-nio-8081-exec-10] - size 1
INFO  2026-04-07 01:24:56.090 i.m.g.m.d.UserLoginDao:getUserLogin [http-nio-8081-exec-6] - size 1
DEBUG 2026-04-07 01:24:56.091 i.m.g.s.JwtTokenFilter:doFilter [http-nio-8081-exec-10] - Token valid for user: developer
DEBUG 2026-04-07 01:24:56.094 i.m.g.s.JwtTokenFilter:doFilter [http-nio-8081-exec-6] - Token valid for user: developer
INFO  2026-04-07 01:24:56.098 i.m.g.m.d.UserLoginDao:getUserLogin [http-nio-8081-exec-6] - getUserLogin
INFO  2026-04-07 01:24:56.106 i.m.g.u.Manifests:getProductInfo [http-nio-8081-exec-10] - getProductInfo2.5.0rc1
ERROR 2026-04-07 01:24:56.107 i.m.g.u.Manifests:initProductDate [http-nio-8081-exec-10] - Invalid product date format in MANIFEST.MF
INFO  2026-04-07 01:24:56.106 i.m.g.m.d.UserLoginDao:getUserLogin [http-nio-8081-exec-6] - size 1
INFO  2026-04-07 01:24:56.107 i.m.g.u.Manifests:getProductInfo [http-nio-8081-exec-10] - getProductInfoTue Apr 07 01:24:56 CEST 2026
INFO  2026-04-07 01:24:56.112 i.m.g.m.d.UserLoginDao:getUserLogin [http-nio-8081-exec-2] - getUserLogin
INFO  2026-04-07 01:24:56.117 i.m.g.m.d.UserLoginDao:getUserLogin [http-nio-8081-exec-2] - size 1
DEBUG 2026-04-07 01:24:56.120 i.m.g.s.JwtTokenFilter:doFilter [http-nio-8081-exec-2] - Token valid for user: developer
INFO  2026-04-07 01:25:00.944 i.m.g.m.d.UserLoginDao:getUserLogin [http-nio-8081-exec-3] - getUserLogin
INFO  2026-04-07 01:25:00.945 i.m.g.m.d.UserLoginDao:getUserLogin [http-nio-8081-exec-3] - size 1
DEBUG 2026-04-07 01:25:00.946 i.m.g.s.JwtTokenFilter:doFilter [http-nio-8081-exec-3] - Token valid for user: developer
INFO  2026-04-07 01:25:00.947 i.m.g.m.d.WorkEffortAnalysisDao:getWorkEffortAnalysisEx [http-nio-8081-exec-3] - getWorkEffortAnalysisEx
INFO  2026-04-07 01:25:00.950 i.m.g.m.d.WorkEffortAnalysisDao:getWorkEffortAnalysisEx [http-nio-8081-exec-3] - size = 0
INFO  2026-04-07 01:41:01.906 o.q.c.QuartzScheduler:standby [SpringApplicationShutdownHook] - Scheduler quartzScheduler_$_NON_CLUSTERED paused.
INFO  2026-04-07 01:41:01.947 o.q.c.QuartzScheduler:standby [SpringApplicationShutdownHook] - Scheduler quartzScheduler_$_NON_CLUSTERED paused.
INFO  2026-04-07 01:41:01.951 o.s.b.w.e.t.GracefulShutdown:shutDownGracefully [SpringApplicationShutdownHook] - Commencing graceful shutdown. Waiting for active requests to complete
INFO  2026-04-07 01:41:01.962 o.s.b.w.e.t.GracefulShutdown:doShutdown [tomcat-shutdown] - Graceful shutdown complete
INFO  2026-04-07 01:41:01.963 o.q.c.QuartzScheduler:shutdown [SpringApplicationShutdownHook] - Scheduler quartzScheduler_$_NON_CLUSTERED shutting down.
INFO  2026-04-07 01:41:01.965 o.s.b.w.e.t.GracefulShutdown:shutDownGracefully [SpringApplicationShutdownHook] - Commencing graceful shutdown. Waiting for active requests to complete
INFO  2026-04-07 01:41:01.965 o.q.c.QuartzScheduler:standby [SpringApplicationShutdownHook] - Scheduler quartzScheduler_$_NON_CLUSTERED paused.
INFO  2026-04-07 01:41:01.968 o.q.c.QuartzScheduler:shutdown [SpringApplicationShutdownHook] - Scheduler quartzScheduler_$_NON_CLUSTERED shutdown complete.
INFO  2026-04-07 01:41:01.972 o.s.b.w.e.t.GracefulShutdown:doShutdown [tomcat-shutdown] - Graceful shutdown complete
INFO  2026-04-07 01:41:02.024 c.z.h.HikariDataSource:close [SpringApplicationShutdownHook] - HikariPool-1 - Shutdown initiated...
INFO  2026-04-07 01:41:02.025 o.q.c.QuartzScheduler:shutdown [SpringApplicationShutdownHook] - Scheduler quartzScheduler_$_NON_CLUSTERED shutting down.
INFO  2026-04-07 01:41:02.030 o.q.c.QuartzScheduler:standby [SpringApplicationShutdownHook] - Scheduler quartzScheduler_$_NON_CLUSTERED paused.
INFO  2026-04-07 01:41:02.030 o.q.c.QuartzScheduler:shutdown [SpringApplicationShutdownHook] - Scheduler quartzScheduler_$_NON_CLUSTERED shutdown complete.
INFO  2026-04-07 01:41:02.041 o.s.s.q.SchedulerFactoryBean:destroy [SpringApplicationShutdownHook] - Shutting down Quartz Scheduler
INFO  2026-04-07 01:41:02.079 c.z.h.HikariDataSource:close [SpringApplicationShutdownHook] - HikariPool-1 - Shutdown completed.
INFO  2026-04-07 01:41:02.125 c.z.h.HikariDataSource:close [SpringApplicationShutdownHook] - HikariPool-1 - Shutdown initiated...
INFO  2026-04-07 01:41:02.148 c.z.h.HikariDataSource:close [SpringApplicationShutdownHook] - HikariPool-1 - Shutdown completed.
INFO  2026-04-07 01:41:13.322 o.s.b.StartupInfoLogger:logStarting [main] - Starting GZoomRun using Java 21.0.10 with PID 427682 (/home/zero/Documents/GitHub/performance-pa/workspace/gzoom2-be/rest-boot/target/classes started by zero in /home/zero/Documents/GitHub/performance-pa/workspace/gzoom2-be)
INFO  2026-04-07 01:41:13.324 o.s.b.SpringApplication:logStartupProfileInfo [main] - The following 2 profiles are active: "cloud-disabled", "es-disabled"
WARN  2026-04-07 01:41:16.749 o.s.c.s.PostProcessorRegistrationDelegate$BeanPostProcessorChecker:postProcessAfterInitialization [main] - Bean 'commonPersistenceConfiguration' of type [it.mapsgroup.gzoom.persistence.common.CommonPersistenceConfiguration$$SpringCGLIB$$0] is not eligible for getting processed by all BeanPostProcessors (for example: not eligible for auto-proxying). Is this bean getting eagerly injected/applied to a currently created BeanPostProcessor [healthEndpointGroupsBeanPostProcessor]? Check the corresponding BeanPostProcessor declaration and its dependencies/advisors. If this bean does not have to be post-processed, declare it with ROLE_INFRASTRUCTURE.
INFO  2026-04-07 01:41:17.168 o.s.b.w.e.t.TomcatWebServer:initialize [main] - Tomcat initialized with port 8081 (http)
INFO  2026-04-07 01:41:17.187 o.a.j.l.DirectJDKLog:log [main] - Starting service [Tomcat]
INFO  2026-04-07 01:41:17.188 o.a.j.l.DirectJDKLog:log [main] - Starting Servlet engine: [Apache Tomcat/10.1.42]
INFO  2026-04-07 01:41:17.254 o.a.j.l.DirectJDKLog:log [main] - Initializing Spring embedded WebApplicationContext
INFO  2026-04-07 01:41:17.255 o.s.b.w.s.c.ServletWebServerApplicationContext:prepareWebApplicationContext [main] - Root WebApplicationContext: initialization completed in 3814 ms
INFO  2026-04-07 01:41:17.404 i.m.g.p.c.CommonPersistenceConfiguration:mainDataSource [main] - mainDataSource
INFO  2026-04-07 01:41:17.407 i.m.g.p.c.CommonPersistenceConfiguration:mainDataSource [main] - environment ApplicationServletEnvironment {activeProfiles=[cloud-disabled, es-disabled], defaultProfiles=[default], propertySources=[ConfigurationPropertySourcesPropertySource {name='configurationProperties'}, StubPropertySource {name='servletConfigInitParams'}, StubPropertySource {name='servletContextInitParams'}, PropertiesPropertySource {name='systemProperties'}, OriginAwareSystemEnvironmentPropertySource {name='systemEnvironment'}, RandomValuePropertySource {name='random'}, OriginTrackedMapPropertySource {name='Config resource 'file [/home/zero/Documents/GitHub/performance-pa/workspace/gzoom2-be/config/gzoom.properties]' via location 'file:/home/zero/Documents/GitHub/performance-pa/workspace/gzoom2-be/config/gzoom.properties''}, OriginTrackedMapPropertySource {name='Config resource 'class path resource [application.properties]' via location 'optional:classpath:/''}, ApplicationInfoPropertySource {name='applicationInfo'}]}
INFO  2026-04-07 01:41:17.407 i.m.g.p.c.CommonPersistenceConfiguration:mainDataSource [main] - environment ApplicationServletEnvironment {activeProfiles=[cloud-disabled, es-disabled], defaultProfiles=[default], propertySources=[ConfigurationPropertySourcesPropertySource {name='configurationProperties'}, StubPropertySource {name='servletConfigInitParams'}, StubPropertySource {name='servletContextInitParams'}, PropertiesPropertySource {name='systemProperties'}, OriginAwareSystemEnvironmentPropertySource {name='systemEnvironment'}, RandomValuePropertySource {name='random'}, OriginTrackedMapPropertySource {name='Config resource 'file [/home/zero/Documents/GitHub/performance-pa/workspace/gzoom2-be/config/gzoom.properties]' via location 'file:/home/zero/Documents/GitHub/performance-pa/workspace/gzoom2-be/config/gzoom.properties''}, OriginTrackedMapPropertySource {name='Config resource 'class path resource [application.properties]' via location 'optional:classpath:/''}, ApplicationInfoPropertySource {name='applicationInfo'}]}
INFO  2026-04-07 01:41:17.438 i.m.g.p.c.CommonPersistenceConfiguration:mainDataSource [main] - dataSource.setDriverClassName org.postgresql.Driver
INFO  2026-04-07 01:41:17.549 c.z.h.HikariDataSource:getConnection [main] - HikariPool-1 - Starting...
INFO  2026-04-07 01:41:17.987 c.z.h.p.HikariPool:checkFailFast [main] - HikariPool-1 - Added connection org.postgresql.jdbc.PgConnection@4f541e67
INFO  2026-04-07 01:41:17.990 c.z.h.HikariDataSource:getConnection [main] - HikariPool-1 - Start completed.
INFO  2026-04-07 01:41:20.598 o.q.i.StdSchedulerFactory:instantiate [main] - Using default implementation for ThreadExecutor
INFO  2026-04-07 01:41:20.615 o.q.c.SchedulerSignalerImpl:<init> [main] - Initialized Scheduler Signaller of type: class org.quartz.core.SchedulerSignalerImpl
INFO  2026-04-07 01:41:20.616 o.q.c.QuartzScheduler:<init> [main] - Quartz Scheduler v2.5.0 created.
INFO  2026-04-07 01:41:20.617 o.q.s.RAMJobStore:initialize [main] - RAMJobStore initialized.
INFO  2026-04-07 01:41:20.618 o.q.c.QuartzScheduler:initialize [main] - Scheduler meta-data: Quartz Scheduler (v2.5.0) 'quartzScheduler' with instanceId 'NON_CLUSTERED'
  Scheduler class: 'org.quartz.core.QuartzScheduler' - running locally.
  NOT STARTED.
  Currently in standby mode.
  Number of jobs executed: 0
  Using thread pool 'org.quartz.simpl.SimpleThreadPool' - with 10 threads.
  Using job-store 'org.quartz.simpl.RAMJobStore' - which does not support persistence. and is not clustered.

INFO  2026-04-07 01:41:20.619 o.q.i.StdSchedulerFactory:instantiate [main] - Quartz scheduler 'quartzScheduler' initialized from an externally provided properties instance.
INFO  2026-04-07 01:41:20.619 o.q.i.StdSchedulerFactory:instantiate [main] - Quartz scheduler version: 2.5.0
INFO  2026-04-07 01:41:20.620 o.q.c.QuartzScheduler:setJobFactory [main] - JobFactory set to: org.springframework.scheduling.quartz.SpringBeanJobFactory@4687366b
INFO  2026-04-07 01:41:22.325 o.s.s.c.a.a.c.InitializeAuthenticationProviderBeanManagerConfigurer$InitializeAuthenticationProviderManagerConfigurer:configure [main] - Found 2 AuthenticationProvider beans, with names [jwtOfBizLoginAuthenticationProvider, jwtTokenAuthenticationProvider]. Global Authentication Manager will not be configured with AuthenticationProviders. Consider publishing a single AuthenticationProvider bean, or wiring your Providers directly using the DSL.
WARN  2026-04-07 01:41:22.431 o.s.s.c.a.w.AbstractRequestMatcherRegistry:requestMatchers [main] - One of the patterns in [/logout, /login, /check-user, /reset-password, /api/getToken, /api/getExternalKey, /api/doLogout, /twoFAuthEnable, /verifyOtp, verify-user] is missing a leading slash. This is discouraged; please include the leading slash in all your request matcher patterns. In future versions of Spring Security, leaving out the leading slash will result in an exception.
WARN  2026-04-07 01:41:22.677 o.s.s.c.a.w.b.WebSecurity:performBuild [main] - You are asking Spring Security to ignore Deferred [Mvc [pattern='/profile/i18n'], Ant [pattern='/profile/i18n']]. This is not recommended -- please use permitAll via HttpSecurity#authorizeHttpRequests instead.
ERROR 2026-04-07 01:41:22.845 i.m.g.q.s.SchedulerService:init [main] - Scheduler is disabled
INFO  2026-04-07 01:41:25.464 o.s.b.w.e.t.TomcatWebServer:start [main] - Tomcat started on port 8081 (http) with context path '/rest'
INFO  2026-04-07 01:41:25.615 o.s.b.w.e.t.TomcatWebServer:initialize [main] - Tomcat initialized with port 8082 (http)
INFO  2026-04-07 01:41:25.616 o.a.j.l.DirectJDKLog:log [main] - Starting service [Tomcat]
INFO  2026-04-07 01:41:25.617 o.a.j.l.DirectJDKLog:log [main] - Starting Servlet engine: [Apache Tomcat/10.1.42]
INFO  2026-04-07 01:41:25.634 o.a.j.l.DirectJDKLog:log [main] - Initializing Spring embedded WebApplicationContext
INFO  2026-04-07 01:41:25.634 o.s.b.w.s.c.ServletWebServerApplicationContext:prepareWebApplicationContext [main] - Root WebApplicationContext: initialization completed in 163 ms
INFO  2026-04-07 01:41:25.657 o.s.b.a.e.w.EndpointLinksResolver:<init> [main] - Exposing 1 endpoint beneath base path '/actuator'
INFO  2026-04-07 01:41:25.761 o.s.b.w.e.t.TomcatWebServer:start [main] - Tomcat started on port 8082 (http) with context path '/'
INFO  2026-04-07 01:41:25.768 o.s.s.q.SchedulerFactoryBean:startScheduler [main] - Starting Quartz Scheduler now
INFO  2026-04-07 01:41:25.769 o.q.c.QuartzScheduler:start [main] - Scheduler quartzScheduler_$_NON_CLUSTERED started.
INFO  2026-04-07 01:41:25.794 o.s.b.StartupInfoLogger:logStarted [main] - Started GZoomRun in 13.796 seconds (process running for 15.239)
INFO  2026-04-07 01:41:42.508 o.a.c.l.i.Jdk14Logger:log [main] - Starting GZoomReportRun using Java 21.0.10 with PID 428250 (/home/zero/Documents/GitHub/performance-pa/workspace/gzoom2-be/report-rest-boot/target/classes started by zero in /home/zero/Documents/GitHub/performance-pa/workspace/gzoom2-be)
INFO  2026-04-07 01:41:42.521 o.a.c.l.i.Jdk14Logger:log [main] - The following 2 profiles are active: "cloud-disabled", "es-disabled"
WARN  2026-04-07 01:41:46.161 o.a.c.l.i.Jdk14Logger:log [main] - Bean 'it.mapsgroup.gzoom.persistence.common.CommonPersistenceConfiguration' of type [it.mapsgroup.gzoom.persistence.common.CommonPersistenceConfiguration$$SpringCGLIB$$0] is not eligible for getting processed by all BeanPostProcessors (for example: not eligible for auto-proxying). Is this bean getting eagerly injected/applied to a currently created BeanPostProcessor [healthEndpointGroupsBeanPostProcessor]? Check the corresponding BeanPostProcessor declaration and its dependencies/advisors. If this bean does not have to be post-processed, declare it with ROLE_INFRASTRUCTURE.
INFO  2026-04-07 01:41:47.072 o.a.c.l.i.Jdk14Logger:log [main] - Tomcat initialized with port 8099 (http)
INFO  2026-04-07 01:41:47.136 o.a.j.l.DirectJDKLog:log [main] - Starting service [Tomcat]
INFO  2026-04-07 01:41:47.137 o.a.j.l.DirectJDKLog:log [main] - Starting Servlet engine: [Apache Tomcat/10.1.42]
INFO  2026-04-07 01:41:47.380 o.a.j.l.DirectJDKLog:log [main] - Initializing Spring embedded WebApplicationContext
INFO  2026-04-07 01:41:47.381 o.a.c.l.i.Jdk14Logger:log [main] - Root WebApplicationContext: initialization completed in 4591 ms
INFO  2026-04-07 01:41:47.786 i.m.g.p.c.CommonPersistenceConfiguration:mainDataSource [main] - mainDataSource
INFO  2026-04-07 01:41:47.788 i.m.g.p.c.CommonPersistenceConfiguration:mainDataSource [main] - environment ApplicationServletEnvironment {activeProfiles=[cloud-disabled, es-disabled], defaultProfiles=[default], propertySources=[ConfigurationPropertySourcesPropertySource {name='configurationProperties'}, StubPropertySource {name='servletConfigInitParams'}, ServletContextPropertySource {name='servletContextInitParams'}, PropertiesPropertySource {name='systemProperties'}, OriginAwareSystemEnvironmentPropertySource {name='systemEnvironment'}, RandomValuePropertySource {name='random'}, OriginTrackedMapPropertySource {name='Config resource 'file [/home/zero/Documents/GitHub/performance-pa/workspace/gzoom2-be/config/gzoom-report.properties]' via location 'file:/home/zero/Documents/GitHub/performance-pa/workspace/gzoom2-be/config/gzoom-report.properties''}, OriginTrackedMapPropertySource {name='Config resource 'class path resource [application.properties]' via location 'optional:classpath:/''}, ApplicationInfoPropertySource {name='applicationInfo'}]}
INFO  2026-04-07 01:41:47.789 i.m.g.p.c.CommonPersistenceConfiguration:mainDataSource [main] - environment ApplicationServletEnvironment {activeProfiles=[cloud-disabled, es-disabled], defaultProfiles=[default], propertySources=[ConfigurationPropertySourcesPropertySource {name='configurationProperties'}, StubPropertySource {name='servletConfigInitParams'}, ServletContextPropertySource {name='servletContextInitParams'}, PropertiesPropertySource {name='systemProperties'}, OriginAwareSystemEnvironmentPropertySource {name='systemEnvironment'}, RandomValuePropertySource {name='random'}, OriginTrackedMapPropertySource {name='Config resource 'file [/home/zero/Documents/GitHub/performance-pa/workspace/gzoom2-be/config/gzoom-report.properties]' via location 'file:/home/zero/Documents/GitHub/performance-pa/workspace/gzoom2-be/config/gzoom-report.properties''}, OriginTrackedMapPropertySource {name='Config resource 'class path resource [application.properties]' via location 'optional:classpath:/''}, ApplicationInfoPropertySource {name='applicationInfo'}]}
INFO  2026-04-07 01:41:47.810 i.m.g.p.c.CommonPersistenceConfiguration:mainDataSource [main] - dataSource.setDriverClassName org.postgresql.Driver
INFO  2026-04-07 01:41:47.946 c.z.h.HikariDataSource:getConnection [main] - HikariPool-1 - Starting...
INFO  2026-04-07 01:41:48.496 c.z.h.p.HikariPool:checkFailFast [main] - HikariPool-1 - Added connection org.postgresql.jdbc.PgConnection@7254838
INFO  2026-04-07 01:41:48.500 c.z.h.HikariDataSource:getConnection [main] - HikariPool-1 - Start completed.
INFO  2026-04-07 01:41:50.841 i.m.g.b.BIRTReportRunner:startUp [main] - BIRT LOG DIRECTORY SET TO : C:/projects/Gzoom2/birt/logs
INFO  2026-04-07 01:41:50.841 i.m.g.b.BIRTReportRunner:startUp [main] - BIRT LOGGING LEVEL SET TO FINE
INFO  2026-04-07 01:41:52.244 i.m.g.b.BIRTReportRunner:startUp [main] - Setting data source url: jdbc:mysql://localhost/gzoom_ismea?serverTimezone=UTC&useSSL=false&autoReconnect=true&useOldAliasMetadataBehavior=true
INFO  2026-04-07 01:41:52.245 i.m.g.b.BIRTReportRunner:startUp [main] - Setting data source driver: com.mysql.cj.jdbc.Driver
INFO  2026-04-07 01:41:52.540 i.m.g.j.JasperReportRunner:startUp [main] - JASPER LOG DIRECTORY SET TO : C:/projects/Gzoom2/birt/logs
INFO  2026-04-07 01:41:52.541 i.m.g.j.JasperReportRunner:startUp [main] - JASPER LOGGING LEVEL SET TO FINE
INFO  2026-04-07 01:41:54.925 o.q.i.StdSchedulerFactory:instantiate [main] - Using default implementation for ThreadExecutor
INFO  2026-04-07 01:41:54.945 o.q.c.SchedulerSignalerImpl:<init> [main] - Initialized Scheduler Signaller of type: class org.quartz.core.SchedulerSignalerImpl
INFO  2026-04-07 01:41:54.946 o.q.c.QuartzScheduler:<init> [main] - Quartz Scheduler v2.5.0 created.
INFO  2026-04-07 01:41:54.947 o.q.s.RAMJobStore:initialize [main] - RAMJobStore initialized.
INFO  2026-04-07 01:41:54.949 o.q.c.QuartzScheduler:initialize [main] - Scheduler meta-data: Quartz Scheduler (v2.5.0) 'quartzScheduler' with instanceId 'NON_CLUSTERED'
  Scheduler class: 'org.quartz.core.QuartzScheduler' - running locally.
  NOT STARTED.
  Currently in standby mode.
  Number of jobs executed: 0
  Using thread pool 'org.quartz.simpl.SimpleThreadPool' - with 10 threads.
  Using job-store 'org.quartz.simpl.RAMJobStore' - which does not support persistence. and is not clustered.

INFO  2026-04-07 01:41:54.949 o.q.i.StdSchedulerFactory:instantiate [main] - Quartz scheduler 'quartzScheduler' initialized from an externally provided properties instance.
INFO  2026-04-07 01:41:54.950 o.q.i.StdSchedulerFactory:instantiate [main] - Quartz scheduler version: 2.5.0
INFO  2026-04-07 01:41:54.950 o.q.c.QuartzScheduler:setJobFactory [main] - JobFactory set to: org.springframework.scheduling.quartz.SpringBeanJobFactory@2319c1e0
INFO  2026-04-07 01:41:55.116 o.a.c.l.i.Jdk14Logger:log [main] - Tomcat started on port 8099 (http) with context path '/rest'
INFO  2026-04-07 01:41:55.332 o.a.c.l.i.Jdk14Logger:log [main] - Tomcat initialized with port 8092 (http)
INFO  2026-04-07 01:41:55.333 o.a.j.l.DirectJDKLog:log [main] - Starting service [Tomcat]
INFO  2026-04-07 01:41:55.336 o.a.j.l.DirectJDKLog:log [main] - Starting Servlet engine: [Apache Tomcat/10.1.42]
INFO  2026-04-07 01:41:55.380 o.a.j.l.DirectJDKLog:log [main] - Initializing Spring embedded WebApplicationContext
INFO  2026-04-07 01:41:55.381 o.a.c.l.i.Jdk14Logger:log [main] - Root WebApplicationContext: initialization completed in 257 ms
INFO  2026-04-07 01:41:55.407 o.a.c.l.i.Jdk14Logger:log [main] - Exposing 1 endpoint beneath base path '/actuator'
INFO  2026-04-07 01:41:55.459 o.a.c.l.i.Jdk14Logger:log [main] - Tomcat started on port 8092 (http) with context path '/'
INFO  2026-04-07 01:41:55.464 o.a.c.l.i.Jdk14Logger:log [main] - Starting Quartz Scheduler now
INFO  2026-04-07 01:41:55.464 o.q.c.QuartzScheduler:start [main] - Scheduler quartzScheduler_$_NON_CLUSTERED started.
INFO  2026-04-07 01:41:55.483 o.a.c.l.i.Jdk14Logger:log [main] - Started GZoomReportRun in 14.77 seconds (process running for 17.234)
INFO  2026-04-07 01:41:55.574 i.m.g.s.ReportTaskService:resume [main] - Resumed 0 reports
INFO  2026-04-07 01:41:55.575 i.m.g.m.d.ReportActivityDao:getActivities [main] - getActivities
INFO  2026-04-07 01:41:55.651 i.m.g.m.d.ReportActivityDao:getActivities [main] - size = 0
INFO  2026-04-07 01:41:55.652 i.m.g.s.ReportTaskService:resume [main] - Added to queue 0 reports
INFO  2026-04-07 01:41:55.658 i.m.g.r.GZoomReportRun:main [main] - total memory : 264241152
INFO  2026-04-07 01:41:55.659 i.m.g.r.GZoomReportRun:main [main] - max memory : 8384413696
INFO  2026-04-07 01:41:55.659 i.m.g.r.GZoomReportRun:main [main] - free memory : 97291320
